date,home_team,away_team,h_win_prob,actual_winner,correct,brier,log_loss
2025-10-21,Mammoth,Avalanche,0.4056605359357029,Mammoth,0,0.35323939854423597,0.9022385875073136
2025-10-21,Stars,Blue Jackets,0.5700284172502554,Blue Jackets,0,0.3249323964728313,0.8440361591068474
2025-10-21,Predators,Ducks,0.49659686921159896,Ducks,1,0.2466084505107619,0.6863639770146016
2025-10-21,Blues,Kings,0.5573448352659237,Kings,0,0.3106332653975996,0.814964221232893
2025-10-21,Bruins,Panthers,0.39482158023945757,Panthers,1,0.15588408022278244,0.5022319557332058
2025-10-21,Senators,Oilers,0.3846489398825967,Oilers,1,0.14795480695280547,0.4855623445775883
2025-10-21,Capitals,Kraken,0.6288923891629006,Capitals,1,0.13772085882122004,0.4637951193298845
2025-10-21,Penguins,Canucks,0.6275992889065157,Penguins,1,0.13868228962293275,0.46585339116004587
2025-10-21,Islanders,Sharks,0.6052358677834814,Islanders,1,0.155838720084661,0.5021370328236313
2025-10-21,Maple Leafs,Devils,0.46891642744387596,Devils,1,0.21988261592672778,0.6328358830129055
2025-10-22,Flames,Canadiens,0.3521519544188192,Canadiens,1,0.1240109990009941,0.43409910768862037
2025-10-22,Devils,Wild,0.6146569479446996,Devils,1,0.14848926776729396,0.4866909750285032
2025-10-22,Sabres,Red Wings,0.4302516725656327,Sabres,0,0.32461315661425905,0.8433849564706586
2025-10-23,Oilers,Canadiens,0.5905764160255287,Oilers,1,0.16762767111450097,0.526656242698668
2025-10-23,Avalanche,Hurricanes,0.5180089880492538,Hurricanes,0,0.26833331169981195,0.7298298125104926
2025-10-23,Stars,Kings,0.540720416876543,Kings,0,0.2923785692271425,0.7780961407972293
2025-10-23,Jets,Kraken,0.5206814194305573,Kraken,0,0.27110914054022,0.7353898075144353
2025-10-23,Predators,Canucks,0.5118643189497986,Predators,1,0.23827644311434398,0.6696956911130522
2025-10-23,Blues,Mammoth,0.4054861450773601,Mammoth,1,0.1644190138496979,0.5200112579544179
2025-10-23,Rangers,Sharks,0.7136619245762975,Sharks,0,0.509313342589945,1.2505820843699436
2025-10-23,Islanders,Red Wings,0.411831346809191,Islanders,0,0.3459423645962902,0.8871413658450547
2025-10-23,Panthers,Penguins,0.4911852232383602,Penguins,1,0.24126292352771778,0.6756712250005097
2025-10-23,Senators,Flyers,0.4232040863248828,Senators,0,0.3326935260323132,0.8599007427075308
2025-10-23,Bruins,Ducks,0.44890245203065526,Ducks,1,0.20151341143913476,0.595843447441723
2025-10-23,Lightning,Blackhawks,0.4827855613390284,Blackhawks,1,0.23308189823744074,0.6592977154962029
2025-10-24,Jets,Flames,0.5659027634652365,Jets,1,0.18844041076711843,0.5693330115353923
2025-10-24,Blue Jackets,Capitals,0.2932406850582577,Capitals,1,0.08599009937343627,0.34706510252820016
2025-10-24,Devils,Sharks,0.7375828977887405,Devils,1,0.0688627355329546,0.30437679330365075
2025-10-24,Sabres,Maple Leafs,0.519755574872394,Sabres,1,0.2306347078661448,0.6543966262363264
2025-10-25,Penguins,Blue Jackets,0.5555017953776964,Blue Jackets,0,0.30858224466784406,0.810809263131265
2025-10-25,Capitals,Senators,0.7219013212923041,Senators,0,0.5211415176835745,1.2797792688944758
2025-10-25,Canucks,Canadiens,0.3267557530264151,Canadiens,1,0.10676932213585956,0.395647092483144
2025-10-25,Stars,Hurricanes,0.39413359070202847,Stars,0,0.3670741059156172,0.9310653644574652
2025-10-25,Kraken,Oilers,0.488822764515835,Kraken,0,0.2613021660772335,0.7157552999591335
2025-10-25,Predators,Kings,0.5007217160211994,Predators,1,0.24927880485281584,0.6917047892641993
2025-10-25,Maple Leafs,Sabres,0.5180545109173855,Maple Leafs,1,0.23227145444708047,0.657674808828057
2025-10-25,Flyers,Islanders,0.5196946326544843,Flyers,1,0.23069324590091073,0.6545138847977048
2025-10-25,Red Wings,Blues,0.5236497832560082,Red Wings,1,0.22690952899204797,0.6469321706731067
2025-10-25,Lightning,Ducks,0.459392036867788,Lightning,0,0.29225696980195914,0.7778513226436136
2025-10-25,Bruins,Avalanche,0.27893435798539684,Bruins,0,0.5199356600939318,1.2767788008805245
2025-10-25,Panthers,Golden Knights,0.5254059659427087,Panthers,1,0.22523949716277336,0.6435840467462339
2025-10-25,Wild,Mammoth,0.3788994192700158,Mammoth,1,0.14356476992315523,0.47626224441492726
2025-10-26,Predators,Stars,0.3941078481256014,Stars,1,0.1553209959541921,0.5010532759548273
2025-10-26,Canucks,Oilers,0.4562146648548626,Canucks,0,0.29570249071890936,0.7847918239780531
2025-10-26,Flames,Rangers,0.38695702979597013,Flames,0,0.37582168331657906,0.9494416262360396
2025-10-26,Blackhawks,Kings,0.4589541261492121,Kings,1,0.2106388899093869,0.6142512091819187
2025-10-26,Jets,Mammoth,0.4432586379761216,Mammoth,1,0.1964782201404464,0.5856544879647884
2025-10-26,Wild,Sharks,0.6038810978030252,Sharks,0,0.36467238028378696,0.926040854722922
2025-10-26,Lightning,Golden Knights,0.49365025603825813,Lightning,0,0.2563900632101216,0.7059279962612697
2025-10-26,Devils,Avalanche,0.47056801769025497,Devils,0,0.28029822389242626,0.7538147657074991
2025-10-27,Senators,Bruins,0.5466776658953966,Senators,1,0.2055011385980457,0.6038959264940584
2025-10-27,Penguins,Blues,0.5619919761456997,Penguins,1,0.19185102896074926,0.5762677065111869
2025-10-28,Stars,Capitals,0.41018793731381376,Stars,0,0.3478782692901337,0.891139840617266
2025-10-28,Blackhawks,Senators,0.5049251593981141,Blackhawks,1,0.24509909779698272,0.6833450599010207
2025-10-28,Avalanche,Devils,0.6371399715096303,Avalanche,1,0.1316674002760319,0.45076591205435623
2025-10-28,Oilers,Mammoth,0.4567665531349915,Oilers,0,0.29510257779283805,0.7835828432532019
2025-10-28,Canucks,Rangers,0.4629892804471177,Rangers,1,0.2143590738089398,0.6217372227490781
2025-10-28,Kraken,Canadiens,0.46292583711197866,Canadiens,1,0.21430033066582618,0.6216190880722943
2025-10-28,Sharks,Kings,0.3794396888984195,Kings,1,0.14397447751132939,0.4771324814757125
2025-10-28,Predators,Lightning,0.4456751599738114,Lightning,1,0.19862634821768238,0.5900044102352104
2025-10-28,Wild,Jets,0.4474741860779424,Jets,1,0.20023314720611704,0.5932551246507958
2025-10-28,Flyers,Penguins,0.450710669363344,Flyers,0,0.3017187687512656,0.7969296766938798
2025-10-28,Maple Leafs,Flames,0.5348982685854059,Maple Leafs,1,0.21631962056485324,0.6256787023441592
2025-10-28,Blues,Red Wings,0.5152692309441109,Red Wings,0,0.2655023803577355,0.7241616575269052
2025-10-28,Sabres,Blue Jackets,0.52018137002893,Blue Jackets,0,0.27058865772517454,0.7343471007120339
2025-10-28,Hurricanes,Golden Knights,0.6412434493641516,Golden Knights,0,0.4111931613524352,1.0251112524628898
2025-10-28,Panthers,Ducks,0.5860665607044152,Ducks,0,0.343474013575902,0.8820500927307978
2025-10-28,Bruins,Islanders,0.41974608743128416,Bruins,0,0.33669460305130294,0.8681053042560553
2025-10-29,Blue Jackets,Maple Leafs,0.553628450756166,Blue Jackets,1,0.19924755997434057,0.5912614837373538
2025-10-30,Jets,Blackhawks,0.5226208678907273,Jets,1,0.22789083577340247,0.6488989957882743
2025-10-30,Oilers,Rangers,0.49498225719629724,Rangers,1,0.24500743493914134,0.6831617160592129
2025-10-30,Wild,Penguins,0.4810101914960266,Penguins,1,0.23137080432304416,0.6558710328029382
2025-10-30,Sharks,Devils,0.33036637023655413,Sharks,0,0.4484091981101677,1.1075530275140815
2025-10-30,Kings,Red Wings,0.4706739252181079,Red Wings,1,0.22153394388022105,0.636150638565852
2025-10-30,Hurricanes,Islanders,0.5784922072319453,Hurricanes,1,0.17766881936419737,0.5473302030840013
2025-10-30,Flyers,Predators,0.6216027320592237,Flyers,1,0.14318449238504366,0.47545408473368694
2025-10-30,Lightning,Stars,0.529595027099499,Lightning,1,0.22128083852952107,0.6356426643212886
2025-10-30,Senators,Flames,0.48436076152363144,Senators,0,0.2658838242564893,0.7249252748706994
2025-10-30,Bruins,Sabres,0.3780926739166619,Bruins,0,0.3867687222361274,0.9726159443198816
2025-10-30,Blues,Canucks,0.5719662120760226,Canucks,0,0.32714534775659365,0.8485531427686231
2025-10-31,Ducks,Red Wings,0.5111471270794249,Ducks,1,0.23897713136269996,0.671097810298822
2025-10-31,Golden Knights,Avalanche,0.38772979023462917,Avalanche,1,0.15033439023538953,0.49058157468628133
2025-10-31,Capitals,Islanders,0.729158778005799,Islanders,0,0.5316725235429101,1.306222526507344
2025-11-01,Flyers,Maple Leafs,0.5436394730018965,Maple Leafs,0,0.2955438766057798,0.7844721524687129
2025-11-01,Kraken,Rangers,0.476017894798866,Rangers,1,0.2265930361687443,0.6462977456237476
2025-11-01,Oilers,Blackhawks,0.5289398749591322,Oilers,1,0.221897641403518,0.6368805115056342
2025-11-01,Kings,Devils,0.5147806872099855,Devils,0,0.26499915592438494,0.7231542989327207
2025-11-01,Blue Jackets,Blues,0.5539299717644486,Blue Jackets,1,0.19897847009006564,0.5907170049819209
2025-11-01,Wild,Canucks,0.486084346950318,Wild,0,0.2641092984494811,0.7213731167445755
2025-11-01,Canadiens,Senators,0.49813296644726646,Canadiens,0,0.2518705193670206,0.696888236697755
2025-11-01,Bruins,Hurricanes,0.261438360911187,Bruins,0,0.5454732947335541,1.341556736794706
2025-11-01,Jets,Penguins,0.5167142579981039,Jets,1,0.23356510842232328,0.6602652497246331
2025-11-01,Predators,Flames,0.46844323094170287,Predators,0,0.2825525987316959,0.7583403565949808
2025-11-01,Panthers,Stars,0.6118332454168278,Panthers,1,0.15067342936363262,0.4912955084069211
2025-11-01,Sabres,Capitals,0.42671979160369977,Sabres,0,0.32865019733890544,0.8516277069163348
2025-11-01,Sharks,Avalanche,0.25244927386038024,Sharks,0,0.5588320881518727,1.3765449460514017
2025-11-02,Ducks,Devils,0.4811553404953528,Ducks,0,0.2691997806964933,0.7315651078017479
2025-11-02,Sharks,Red Wings,0.4233279544620671,Red Wings,1,0.17920655702903796,0.5504815526794963
2025-11-02,Islanders,Blue Jackets,0.5044337564888662,Islanders,1,0.24558590170773634,0.68431875308456
2025-11-02,Mammoth,Lightning,0.5153914144238366,Lightning,0,0.26562831006180293,0.7244137539259402
2025-11-02,Flyers,Flames,0.5491434658507854,Flames,0,0.30155854608661276,0.7966060961852389
2025-11-03,Predators,Canucks,0.48280713097433525,Canucks,1,0.23310272571966892,0.6593394198328789
2025-11-03,Kraken,Blackhawks,0.5555194747884368,Kraken,1,0.19756293729234709,0.5878516123919754
2025-11-03,Blues,Oilers,0.5106024823568479,Blues,1,0.23950993027527936,0.6721639125397874
2025-11-03,Maple Leafs,Penguins,0.5174276230082038,Maple Leafs,1,0.2328760990355123,0.6588856225451292
2025-11-04,Kings,Jets,0.451054245628422,Kings,0,0.30134144124258083,0.7961676681570847
2025-11-04,Ducks,Panthers,0.47842741691064095,Ducks,0,0.27203795943050635,0.7372507683920259
2025-11-04,Golden Knights,Red Wings,0.5032381799851887,Golden Knights,1,0.24677230582442777,0.6866917020998397
2025-11-04,Avalanche,Lightning,0.6089561255096536,Avalanche,1,0.1529153117764218,0.4960090573656032
2025-11-04,Wild,Predators,0.5800464198307886,Wild,1,0.17636100949693823,0.5446471444532222
2025-11-04,Stars,Oilers,0.4740044470868323,Stars,0,0.276671321684429,0.746538575291341
2025-11-04,Sabres,Mammoth,0.4462949589927632,Mammoth,1,0.19917919042235221,0.5911231509735339
2025-11-04,Canadiens,Flyers,0.47027700880460555,Flyers,1,0.22116046501020703,0.6354010671912335
2025-11-04,Rangers,Hurricanes,0.5124363812115864,Hurricanes,0,0.2625910447892263,0.7183344969798326
2025-11-04,Islanders,Bruins,0.6056605526179546,Bruins,0,0.36682470499748615,0.9305431990193306
2025-11-05,Kraken,Sharks,0.5927898950186177,Sharks,0,0.35139985963618375,0.8984259982841272
2025-11-05,Canucks,Blackhawks,0.4379651653237576,Blackhawks,1,0.19181348603706636,0.5761914475996542
2025-11-05,Capitals,Blues,0.6075378487387855,Capitals,1,0.15402654017258044,0.49834080325747493
2025-11-05,Maple Leafs,Mammoth,0.3923208494663298,Maple Leafs,0,0.3692739499933231,0.9356752804382875
2025-11-05,Flames,Blue Jackets,0.4682988609111452,Flames,0,0.2827061013083858,0.7586485951869185
2025-11-06,Kings,Panthers,0.45431732713300765,Panthers,1,0.2064042337332803,0.6057176574161192
2025-11-06,Golden Knights,Lightning,0.4857931240511462,Lightning,1,0.23599495937537235,0.6651296121105167
2025-11-06,Stars,Ducks,0.5048701860176692,Ducks,0,0.2548939047295159,0.702935300325735
2025-11-06,Predators,Flyers,0.4006039793918238,Flyers,1,0.1604835483045648,0.5118327630802771
2025-11-06,Hurricanes,Wild,0.6131786332447825,Hurricanes,1,0.14963076977837447,0.48909897726739543
2025-11-06,Devils,Canadiens,0.4151172570353441,Devils,0,0.3420878230178598,0.8791942515872275
2025-11-06,Sabres,Blues,0.5393816811791341,Blues,0,0.29093259799162907,0.7751855207388637
2025-11-06,Bruins,Senators,0.4363642241609376,Bruins,0,0.3176852878057018,0.8292780078499505
2025-11-06,Penguins,Capitals,0.4444273740298587,Penguins,0,0.30866094272735844,0.8109686253867694
2025-11-07,Sharks,Jets,0.41112812365670515,Sharks,0,0.34677008674807275,0.8888503766745853
2025-11-07,Flames,Blackhawks,0.45802331152940245,Blackhawks,1,0.20978535390436004,0.6125322886693056
2025-11-07,Islanders,Wild,0.5890018143849253,Wild,0,0.346923137348734,0.8891664790575087
2025-11-07,Red Wings,Rangers,0.4190014129579788,Rangers,1,0.1755621840607827,0.5430069540746268
2025-11-08,Hurricanes,Sabres,0.5993746241395183,Hurricanes,1,0.16050069178335227,0.5118684604319832
2025-11-08,Sharks,Panthers,0.3813440482039756,Sharks,0,0.38273518669264484,0.9640532976682582
2025-11-08,Golden Knights,Ducks,0.5962459578682068,Ducks,0,0.3555092422741754,0.9069493930234516
2025-11-08,Canucks,Blue Jackets,0.4523663982566376,Canucks,0,0.2999025617584077,0.7932628119092676
2025-11-08,Blues,Kraken,0.5034981101439164,Kraken,0,0.2535103469184954,0.7001679891474901
2025-11-08,Oilers,Avalanche,0.32976988295870285,Avalanche,1,0.10874817570659658,0.4001341672948226
2025-11-08,Devils,Penguins,0.5183455179412622,Devils,1,0.231991040087271,0.6571132360310262
2025-11-08,Flyers,Senators,0.5478748130613477,Senators,0,0.30016681078700663,0.793796175243215
2025-11-08,Predators,Stars,0.4468173567028098,Stars,1,0.199645750250886,0.5920670547792048
2025-11-08,Rangers,Islanders,0.594486615171531,Islanders,0,0.353414335618104,0.9026013977631201
2025-11-08,Canadiens,Mammoth,0.37780066231649445,Canadiens,0,0.387132015813793,0.9733885708286667
2025-11-08,Lightning,Capitals,0.5158447000688927,Lightning,1,0.23440635445138044,0.6619495276595259
2025-11-08,Maple Leafs,Bruins,0.5475365274380719,Bruins,0,0.29979624887894246,0.7930482427205314
2025-11-09,Ducks,Jets,0.5221631031214751,Ducks,1,0.22832810001849807,0.6497752818172434
2025-11-09,Canucks,Avalanche,0.29868418654249146,Avalanche,1,0.08921224329054983,0.3547969749162091
2025-11-09,Wild,Flames,0.5019456598260015,Wild,1,0.24805812576615704,0.6892634125081388
2025-11-09,Stars,Kraken,0.5727221018730018,Stars,1,0.18256640222782547,0.5573546679173517
2025-11-09,Senators,Mammoth,0.422364664938988,Senators,0,0.33366258031104756,0.8618862031692467
2025-11-09,Maple Leafs,Hurricanes,0.4173819492327101,Hurricanes,1,0.17420769154529658,0.5402234518140615
2025-11-09,Penguins,Kings,0.529333834892073,Kings,0,0.2801943087615484,0.7536062152323431
2025-11-09,Red Wings,Blackhawks,0.5373601392448699,Blackhawks,0,0.28875591924926597,0.7708063661111014
2025-11-10,Golden Knights,Panthers,0.48047142598523634,Panthers,1,0.23085279118828644,0.6548334670396491
2025-11-10,Oilers,Blue Jackets,0.4872990164267082,Oilers,0,0.26286229855702087,0.7188773475490206
2025-11-10,Rangers,Predators,0.60473362540873,Rangers,1,0.1562355068825262,0.5029672064873842
2025-11-10,Devils,Islanders,0.47579927682191,Islanders,1,0.22638495182425253,0.6458806085094827
2025-11-11,Wild,Sharks,0.5735314881824267,Sharks,0,0.3289383679367491,0.8522167440430378
2025-11-11,Kraken,Blue Jackets,0.46358748555799123,Blue Jackets,1,0.21491335676598072,0.6228517974179629
2025-11-11,Canucks,Jets,0.49925388101510093,Jets,1,0.24925443770864056,0.6916560548708389
2025-11-11,Avalanche,Ducks,0.6447899859340741,Avalanche,1,0.12617415409271526,0.4388306184095827
2025-11-11,Canadiens,Kings,0.4724225442881401,Kings,1,0.2231830603516797,0.6394595889384682
2025-11-11,Hurricanes,Capitals,0.5188219237929059,Capitals,0,0.2691761886081719,0.7315178565864188
2025-11-11,Senators,Stars,0.49146006019400856,Stars,1,0.24153299076589851,0.6762115222200704
2025-11-11,Bruins,Maple Leafs,0.5255712563462515,Bruins,1,0.22508263280487426,0.6432695006240153
2025-11-11,Blues,Flames,0.5101795103423061,Blues,1,0.23992411208850298,0.6729926341312228
2025-11-12,Blackhawks,Devils,0.5353745796970031,Devils,0,0.2866259405857427,0.7665237457581956
2025-11-12,Mammoth,Sabres,0.547594736208729,Mammoth,1,0.2046705227060495,0.6022197980889721
2025-11-12,Flyers,Oilers,0.5972609761930271,Oilers,0,0.35672067368304766,0.909466510413812
2025-11-12,Lightning,Rangers,0.576595186014476,Rangers,0,0.3324620085350682,0.8594265505171845
2025-11-13,Kraken,Jets,0.4280823242303513,Kraken,0,0.32708982785775703,0.8484397555639278
2025-11-13,Golden Knights,Islanders,0.5626572079499915,Islanders,0,0.31658313365808,0.8270379702169686
2025-11-13,Flames,Sharks,0.5372511027681888,Flames,1,0.2141365418892574,0.6212896908451719
2025-11-13,Avalanche,Sabres,0.6838901371397905,Avalanche,1,0.09992544539750044,0.37995799247675427
2025-11-13,Blue Jackets,Oilers,0.5802344075669738,Blue Jackets,1,0.1762031525906495,0.5443231061111397
2025-11-13,Panthers,Capitals,0.5178939299683092,Panthers,1,0.23242626276140158,0.657984826091513
2025-11-13,Red Wings,Ducks,0.4688806950616693,Red Wings,0,0.2820877160781755,0.7574069244279495
2025-11-13,Senators,Bruins,0.5710880584948801,Senators,1,0.1839654535656914,0.5602118631869424
2025-11-13,Canadiens,Stars,0.5284886178094205,Stars,0,0.2793002191541117,0.7518120368170098
2025-11-13,Maple Leafs,Kings,0.4600790496954077,Kings,1,0.21167273196862943,0.6163325384644627
2025-11-14,Mammoth,Islanders,0.5924412296790811,Islanders,0,0.3509866106236617,0.8975701350537347
2025-11-14,Blues,Flyers,0.5119935241702883,Flyers,0,0.2621373687923116,0.7174266030741856
2025-11-14,Hurricanes,Canucks,0.6692185598497614,Hurricanes,1,0.10941636114786586,0.40164457587007607
2025-11-14,Predators,Penguins,0.42629316166722536,Predators,0,0.3291395363497884,0.8526279964674174
2025-11-15,Kraken,Sharks,0.6008260754963971,Kraken,1,0.15933982200360805,0.5094497781817487
2025-11-15,Flames,Jets,0.5037831662095581,Jets,0,0.2537974785561272,0.7007422828858598
2025-11-15,Stars,Flyers,0.4622726122108267,Stars,0,0.28915074357856796,0.7716004922026779
2025-11-15,Blues,Golden Knights,0.4459356993645766,Golden Knights,1,0.19885864796777405,0.5904745328410822
2025-11-15,Blackhawks,Maple Leafs,0.529827169394688,Blackhawks,1,0.2210624906394114,0.6352044210983835
2025-11-15,Blue Jackets,Rangers,0.5156915909147401,Rangers,0,0.2659378169401757,0.7250333663430225
2025-11-15,Panthers,Lightning,0.5166910663130235,Lightning,0,0.2669696580076893,0.7270992155368323
2025-11-15,Wild,Ducks,0.5781564819195982,Wild,1,0.17795195374645026,0.5479107169858006
2025-11-15,Hurricanes,Oilers,0.6760306248994774,Oilers,0,0.4570174058019779,1.1271062889519101
2025-11-15,Canadiens,Bruins,0.506460111299275,Bruins,0,0.2565018443372741,0.706151595207392
2025-11-15,Senators,Kings,0.5048769449800515,Kings,0,0.25490072957238996,0.7029489513084163
2025-11-15,Red Wings,Sabres,0.5515051904440016,Sabres,0,0.30415797508667447,0.8018581704465774
2025-11-15,Capitals,Devils,0.5144689894203162,Devils,0,0.26467834107516136,0.7225121197999871
2025-11-16,Rangers,Red Wings,0.5816860555367079,Red Wings,0,0.33835866720585406,0.8715230650549725
2025-11-16,Avalanche,Islanders,0.742016983453776,Avalanche,1,0.06655523682628929,0.29838314732498045
2025-11-16,Lightning,Canucks,0.6805423165085034,Canucks,0,0.46313784455876,1.1411304599723027
2025-11-16,Wild,Golden Knights,0.5042308914721674,Wild,1,0.2457870089704819,0.6847209978144497
2025-11-16,Penguins,Predators,0.5325848830985608,Penguins,1,0.2184768915079861,0.6300129892222384
2025-11-17,Ducks,Mammoth,0.47899151294738423,Ducks,0,0.2714498435808556,0.7360724000008765
2025-11-17,Blue Jackets,Canadiens,0.5293162847736166,Blue Jackets,1,0.2215431597793112,0.6361691339683596
2025-11-17,Capitals,Kings,0.4807717597012021,Capitals,0,0.2695979655237862,0.7323626335485609
2025-11-17,Panthers,Canucks,0.6666831684849703,Panthers,1,0.11110011017121868,0.40544035568705256
2025-11-17,Sabres,Oilers,0.46671391114882704,Sabres,0,0.2843940525621812,0.7620388189950771
2025-11-17,Bruins,Hurricanes,0.3749876153960743,Hurricanes,1,0.14061571170043413,0.46998381407577616
2025-11-18,Blackhawks,Flames,0.4665560626924076,Blackhawks,0,0.2845624342502265,0.7623770886541231
2025-11-18,Sharks,Mammoth,0.44006491226175054,Sharks,0,0.3135273024804411,0.820833035083381
2025-11-18,Golden Knights,Rangers,0.547415273070662,Golden Knights,1,0.20483293504970349,0.6025475816492192
2025-11-18,Jets,Blue Jackets,0.48337100688161333,Jets,0,0.2669055165305181,0.7269707900008981
2025-11-18,Stars,Islanders,0.5623805033652693,Islanders,0,0.3162718305653737,0.8264054753139877
2025-11-18,Lightning,Devils,0.6574795909957428,Lightning,1,0.11732023058444362,0.41934155572263515
2025-11-18,Red Wings,Kraken,0.600745709019481,Red Wings,1,0.15940398886635695,0.5095835470968841
2025-11-18,Maple Leafs,Blues,0.5349922777408171,Maple Leafs,1,0.21623218176067335,0.6255029663196173
2025-11-19,Ducks,Bruins,0.631104943383397,Ducks,1,0.13608356279616676,0.4602831174589114
2025-11-19,Wild,Hurricanes,0.405995646719504,Wild,0,0.35284117171618024,0.9014128418036431
2025-11-19,Sabres,Flames,0.4784555191356903,Flames,1,0.2289196837914029,0.6509607140955951
2025-11-19,Capitals,Oilers,0.6259826846329967,Capitals,1,0.13988895219434042,0.4684325685952688
2025-11-20,Sharks,Kings,0.4376957363547054,Sharks,0,0.316186084913677,0.8262312758546521
2025-11-20,Ducks,Senators,0.5317080112211613,Senators,0,0.2827134091967626,0.7586632699668587
2025-11-20,Canucks,Stars,0.38543102589795875,Stars,1,0.14855707572475293,0.48683411200801313
2025-11-20,Avalanche,Rangers,0.6872485896349544,Avalanche,1,0.09781344468532516,0.3750592041252036
2025-11-20,Blackhawks,Kraken,0.57203304318676,Kraken,0,0.3272218024975056,0.8487092900880829
2025-11-20,Mammoth,Golden Knights,0.47214523921831825,Golden Knights,1,0.22292112691652297,0.6389341073928619
2025-11-20,Lightning,Oilers,0.664775246996188,Lightning,1,0.11237563502646679,0.40830626989433905
2025-11-20,Flyers,Blues,0.5647902850933262,Flyers,1,0.1894074959491483,0.5713007935648362
2025-11-20,Panthers,Devils,0.56800705975866,Panthers,1,0.186617900418358,0.5656214311856567
2025-11-20,Red Wings,Islanders,0.568306437500348,Islanders,0,0.322972206904337,0.8400392885086052
2025-11-20,Canadiens,Capitals,0.45477296016386,Capitals,1,0.20681844529619978,0.6065529842118028
2025-11-20,Maple Leafs,Blue Jackets,0.4557717979104588,Blue Jackets,1,0.2077279317705321,0.6083866309519773
2025-11-21,Kings,Bruins,0.5735645393404534,Bruins,0,0.32897628078882646,0.852294246690721
2025-11-21,Jets,Hurricanes,0.36193452129074677,Hurricanes,1,0.13099659770196204,0.449314369697843
2025-11-21,Sabres,Blackhawks,0.4850908121551998,Sabres,0,0.26513147172699175,0.7234191640150534
2025-11-21,Penguins,Wild,0.5658558282106397,Wild,0,0.320192818319949,0.8343786069825893
2025-11-22,Ducks,Golden Knights,0.4522304370149362,Ducks,0,0.3000514941328478,0.7935634126574106
2025-11-22,Flames,Stars,0.4774951541446,Flames,0,0.2730113139423753,0.7392012675011197
2025-11-22,Mammoth,Rangers,0.514056694004816,Mammoth,1,0.236140896641529,0.6654217199892631
2025-11-22,Predators,Avalanche,0.30310799574905184,Avalanche,1,0.09187445708700723,0.3611248239124969
2025-11-22,Sharks,Senators,0.40424288048892565,Senators,1,0.16341230642598384,0.5179222125735183
2025-11-22,Capitals,Lightning,0.5271109852268613,Lightning,0,0.27784599074683236,0.7488945590943156
2025-11-22,Penguins,Kraken,0.6081779264020989,Kraken,0,0.3698803901627568,0.9369474361155893
2025-11-22,Red Wings,Blue Jackets,0.5471257934860562,Red Wings,1,0.20509504692563424,0.6030765331891845
2025-11-22,Islanders,Blues,0.5482756731265295,Blues,0,0.30060621374234897,0.7946831815099408
2025-11-22,Panthers,Oilers,0.6523861340812589,Oilers,0,0.4256076679414903,1.0566629959413327
2025-11-22,Flyers,Devils,0.4835841842848543,Flyers,0,0.2666852947207393,0.7265298649019025
2025-11-22,Canadiens,Maple Leafs,0.5756504725859775,Canadiens,1,0.18007252141650426,0.5522546209021866
2025-11-23,Canucks,Flames,0.4415163904487152,Flames,1,0.19493672303486234,0.5825300081706924
2025-11-23,Sharks,Bruins,0.41662796638693705,Sharks,0,0.3403229296018407,0.8755616223389276
2025-11-23,Blackhawks,Avalanche,0.29670819572404417,Avalanche,1,0.0880357534098177,0.3519833889765647
2025-11-23,Islanders,Kraken,0.5710791618408528,Islanders,1,0.18397308540714533,0.5602274417359833
2025-11-23,Jets,Wild,0.4656771212833878,Wild,1,0.21685518128678305,0.626754980952731
2025-11-23,Sabres,Hurricanes,0.2853550021060833,Sabres,0,0.5107174730147962,1.2540212524313772
2025-11-24,Predators,Panthers,0.4013842236656153,Panthers,1,0.1611092950076487,0.5131353285242926
2025-11-24,Kings,Senators,0.5630090578296598,Kings,1,0.1909610835389216,0.5744595624644766
2025-11-24,Mammoth,Golden Knights,0.4821417258750147,Mammoth,0,0.2681771920797084,0.7295171710668756
2025-11-24,Rangers,Blues,0.5186944846499243,Rangers,1,0.23165499910640197,0.6564402307063294
2025-11-24,Devils,Red Wings,0.40255501699646645,Devils,0,0.3569405077160925,0.9099235032745197
2025-11-24,Lightning,Flyers,0.6297397826007196,Lightning,1,0.1370926285885624,0.462448588413439
2025-11-24,Capitals,Blue Jackets,0.5388797613571201,Capitals,1,0.2126318744860665,0.6182628102180902
2025-11-25,Oilers,Stars,0.4079800737827673,Stars,1,0.16644774060379225,0.5242149855138568
2025-11-26,Blackhawks,Wild,0.4786008259479858,Wild,1,0.22905875059809422,0.651239361580626
2025-11-26,Avalanche,Sharks,0.7384405510993102,Avalanche,1,0.06841334530923257,0.30321467977796385
2025-11-26,Mammoth,Canadiens,0.5158093560873913,Canadiens,0,0.26605929182728927,0.7252765574393215
2025-11-26,Ducks,Canucks,0.5424181641504893,Canucks,0,0.29421746480038713,0.7817995340892023
2025-11-26,Blue Jackets,Maple Leafs,0.6245020957491341,Maple Leafs,0,0.3900028675950606,0.9795023890162499
2025-11-26,Kraken,Stars,0.3618784570614963,Stars,1,0.13095601768520923,0.44922650760814065
2025-11-26,Golden Knights,Senators,0.582905578479269,Senators,0,0.3397789134222513,0.8744426523095034
2025-11-26,Hurricanes,Rangers,0.696915151638268,Rangers,0,0.48569072858299006,1.1937424850767022
2025-11-26,Lightning,Flames,0.5955943604992413,Lightning,1,0.1635439212600176,0.5181954468214738
2025-11-26,Panthers,Flyers,0.5691038748755703,Flyers,0,0.32387922039838885,0.8418882269177662
2025-11-26,Devils,Blues,0.48401801512073955,Devils,0,0.2662374087199413,0.7256331516343596
2025-11-26,Red Wings,Predators,0.6358581896989169,Predators,0,0.40431563740718385,1.0102118984761452
2025-11-26,Islanders,Bruins,0.5232757013609808,Bruins,0,0.27381745963482634,0.740816945469159
2025-11-26,Penguins,Sabres,0.6213287820027119,Penguins,1,0.1433918913395497,0.4758948975344704
2025-11-26,Capitals,Jets,0.553181432601836,Capitals,1,0.19964683217174758,0.5920692433812763
2025-11-28,Sharks,Canucks,0.4671833859966375,Sharks,0,0.28389354415800827,0.7610334088952881
2025-11-28,Capitals,Maple Leafs,0.6508600540881493,Capitals,1,0.12189870183133004,0.4294606305618023
2025-11-28,Hurricanes,Jets,0.6582365145964694,Hurricanes,1,0.1168022799551693,0.41819096756609586
2025-11-28,Blackhawks,Predators,0.49316921557546356,Predators,1,0.24321587519131804,0.679578089632215
2025-11-28,Stars,Mammoth,0.5729922445096319,Stars,1,0.18233562324892197,0.5568830972461992
2025-11-28,Ducks,Kings,0.45397274910109947,Ducks,0,0.29814575872421095,0.7897181067486907
2025-11-28,Blue Jackets,Penguins,0.5003919134894392,Penguins,0,0.25039206708562245,0.6939313148918084
2025-11-28,Golden Knights,Canadiens,0.6964541957173508,Canadiens,0,0.48504844673230196,1.1922227596634702
2025-11-28,Red Wings,Lightning,0.46281587301424904,Lightning,1,0.21419853231394148,0.6214143624506254
2025-11-28,Wild,Avalanche,0.3679850326696778,Wild,0,0.39944291892954814,0.999713013733605
2025-11-28,Sabres,Devils,0.4810173487342598,Devils,1,0.23137768978333648,0.6558848236085919
2025-11-28,Bruins,Rangers,0.4812280006874302,Rangers,1,0.23158038864562133,0.6562908000230485
2025-11-28,Panthers,Flames,0.5635919465028105,Flames,0,0.31763588216282684,0.8291775708003084
2025-11-28,Islanders,Flyers,0.6477652273804015,Flyers,0,0.4195997898031833,1.0434573580388122
2025-11-28,Blues,Senators,0.4942466319988924,Blues,0,0.25578646924446374,0.7047206313220694
2025-11-29,Predators,Jets,0.4784991679028902,Jets,1,0.2289614536837583,0.6510444089584798
2025-11-29,Kings,Canucks,0.5857793481259235,Kings,1,0.1715787484389849,0.5348120993480073
2025-11-29,Golden Knights,Sharks,0.7051823471766833,Golden Knights,1,0.08691744841624972,0.3492988611360543
2025-11-29,Blues,Mammoth,0.46619581994536136,Blues,0,0.2849469026438051,0.7631495186468432
2025-11-29,Wild,Sabres,0.5680477050429706,Sabres,0,0.3226781952045858,0.8394401251758946
2025-11-29,Devils,Flyers,0.4860999080432941,Flyers,1,0.236293120599699,0.6657264060450592
2025-11-29,Bruins,Red Wings,0.404667090953336,Bruins,0,0.35442127259396355,0.9046905475469971
2025-11-29,Kraken,Oilers,0.5301654054174467,Oilers,0,0.28107535710144566,0.7553745726387676
2025-11-29,Avalanche,Canadiens,0.701184082415507,Avalanche,1,0.08929095260186251,0.3549848266840083
2025-11-29,Rangers,Lightning,0.43679875407088875,Lightning,1,0.19079315155788076,0.5741182619086647
2025-11-29,Penguins,Maple Leafs,0.6392998109157064,Maple Leafs,0,0.40870424823685797,1.0197081668579389
2025-11-30,Stars,Senators,0.6000420169354933,Stars,1,0.15996638821702822,0.5107555979920303
2025-11-30,Hurricanes,Flames,0.6374126096755157,Hurricanes,1,0.13146961562231993,0.45033809420820625
2025-11-30,Blackhawks,Ducks,0.5104770178621514,Blackhawks,1,0.23963275004113246,0.6724096612700303
2025-11-30,Islanders,Capitals,0.49079426663051934,Capitals,1,0.2408790121573893,0.674903152799272
2025-12-01,Sharks,Mammoth,0.38382466926932113,Sharks,0,0.3796720382010615,0.9575694211080434
2025-12-01,Blues,Ducks,0.5322414566019289,Ducks,0,0.28328096812574294,0.7598030491137745
2025-12-01,Flyers,Penguins,0.4686553851357233,Penguins,1,0.21963787001671314,0.6323444760331275
2025-12-01,Devils,Blue Jackets,0.49142494954171556,Blue Jackets,1,0.2414984810320777,0.6761424825290954
2025-12-01,Sabres,Jets,0.48796912249160207,Sabres,0,0.26217561952202,0.7175031487136301
2025-12-02,Kings,Capitals,0.4830234808658115,Capitals,1,0.23331168306772496,0.6597578230405341
2025-12-02,Golden Knights,Blackhawks,0.621856527800608,Golden Knights,1,0.14299248556701238,0.4750458755496769
2025-12-02,Avalanche,Canucks,0.7622015900904657,Avalanche,1,0.05654808375550289,0.27154420435921384
2025-12-02,Predators,Flames,0.40554562792901017,Predators,0,0.35337600047431483,0.9025218891205898
2025-12-02,Oilers,Wild,0.4115011396983116,Wild,1,0.16933318797300936,0.5301802888993336
2025-12-02,Panthers,Maple Leafs,0.6749990827400605,Maple Leafs,0,0.455623761699923,1.123927274318107
2025-12-02,Canadiens,Senators,0.43961745188727674,Senators,1,0.19326350400386208,0.5791356068444534
2025-12-02,Red Wings,Bruins,0.6019298000302337,Red Wings,1,0.15845988410396977,0.5076144517183949
2025-12-02,Rangers,Stars,0.34819741188402575,Rangers,0,0.42484661387468237,1.0549856845187917
2025-12-02,Islanders,Lightning,0.4339759575807592,Islanders,0,0.3203832165966186,0.8347661436955749
2025-12-03,Sharks,Capitals,0.3843009381719962,Capitals,1,0.14768721107987642,0.48499697081470616
2025-12-03,Ducks,Mammoth,0.5197430217175959,Mammoth,0,0.27013280862413735,0.7334339469186755
2025-12-03,Canadiens,Jets,0.4526841421918527,Canadiens,0,0.2995546482082681,0.7925606545510447
2025-12-03,Devils,Stars,0.3798915188814166,Stars,1,0.1443175661180297,0.4778608467022833
2025-12-03,Flyers,Sabres,0.4395969132311119,Flyers,0,0.31405161966009787,0.8218970782445849
2025-12-04,Kings,Blackhawks,0.5271238621264123,Blackhawks,0,0.2778595660230649,0.7489217897435222
2025-12-04,Oilers,Kraken,0.5407731111228745,Oilers,1,0.21088933546776376,0.6147554760463054
2025-12-04,Flames,Wild,0.4856720459607018,Flames,0,0.26453324430625047,0.7222216854133579
2025-12-04,Blue Jackets,Red Wings,0.47203342676454885,Blue Jackets,0,0.27874870245398503,0.7507054764877411
2025-12-04,Hurricanes,Maple Leafs,0.6815725813682368,Maple Leafs,0,0.4645411836729618,1.144360714926263
2025-12-04,Islanders,Avalanche,0.3821464648903974,Islanders,0,0.38174299084743296,0.961951327917223
2025-12-04,Panthers,Predators,0.6291138290201286,Predators,0,0.3957842098643676,0.9918600802184409
2025-12-04,Lightning,Penguins,0.5583450324916777,Penguins,0,0.31174917530813256,0.8172263182411572
2025-12-04,Senators,Rangers,0.5642125668688607,Rangers,0,0.31833582061274857,0.8306006932087797
2025-12-04,Bruins,Blues,0.3831830504487709,Bruins,0,0.3804631492536835,0.9592424654691819
2025-12-05,Ducks,Capitals,0.39180595503241206,Ducks,0,0.3698999963340365,0.936988574423313
2025-12-05,Canucks,Mammoth,0.4090658612358393,Mammoth,1,0.16733487882861894,0.5260507081173433
2025-12-05,Jets,Sabres,0.5062628015027841,Jets,1,0.24377642117987913,0.6806993739620172
2025-12-05,Devils,Golden Knights,0.3360885911091072,Golden Knights,1,0.11295554107370466,0.4096065587520301
2025-12-05,Stars,Sharks,0.6629801001188271,Stars,1,0.11358241291591578,0.4110103041504606
2025-12-06,Kraken,Red Wings,0.39547385928595225,Red Wings,1,0.15639957337852517,0.503310366331995
2025-12-06,Canucks,Wild,0.40217075585192635,Canucks,0,0.3573998051586571,0.9108785147497588
2025-12-06,Oilers,Jets,0.48723729804152205,Oilers,0,0.2629255885197589,0.7190040096022501
2025-12-06,Kings,Blackhawks,0.4871378293355286,Kings,0,0.26302760609867337,0.7192081788252612
2025-12-06,Flames,Mammoth,0.48983826050925205,Flames,0,0.26026500044022577,0.7136800229594177
2025-12-06,Hurricanes,Predators,0.714671030162441,Hurricanes,1,0.08141262102856263,0.3359329398404495
2025-12-06,Lightning,Islanders,0.5202787821372037,Islanders,0,0.27069001114217184,0.7345501399267748
2025-12-06,Rangers,Avalanche,0.318985916791894,Avalanche,1,0.1017520151115651,0.3841722928583423
2025-12-06,Panthers,Blue Jackets,0.6041459183695363,Panthers,1,0.15670045394349777,0.5039395235201605
2025-12-06,Bruins,Devils,0.48098002696957964,Bruins,0,0.26938173240449825,0.7319295337102878
2025-12-06,Maple Leafs,Canadiens,0.5271460833057273,Canadiens,0,0.2778829931445688,0.7489687823905504
2025-12-06,Senators,Blues,0.523443389907722,Blues,0,0.27399298243808745,0.7411687589733106
2025-12-07,Ducks,Blackhawks,0.5388253355888106,Ducks,1,0.21268207109477313,0.6183638133004918
2025-12-07,Capitals,Blue Jackets,0.6033678316978494,Capitals,1,0.15731707693206556,0.5052282654153718
2025-12-07,Rangers,Golden Knights,0.41988142086450864,Golden Knights,1,0.17630040758719862,0.544522749552738
2025-12-07,Canadiens,Blues,0.502276049381281,Blues,0,0.252281229782067,0.6977096716740794
2025-12-07,Panthers,Islanders,0.49808245804434814,Panthers,0,0.25192121892280356,0.6969896372617693
2025-12-07,Flyers,Avalanche,0.3067697323760096,Avalanche,1,0.09410766870204854,0.3663930584701543
2025-12-07,Stars,Penguins,0.5278306964772403,Stars,1,0.22294385118916793,0.6389796973065621
2025-12-07,Hurricanes,Sharks,0.7765900736105397,Sharks,0,0.6030921424304234,1.4987469600778516
2025-12-08,Kraken,Wild,0.4335279525631161,Wild,1,0.18794648565356745,0.5683275422965375
2025-12-08,Canucks,Red Wings,0.43789868584575053,Red Wings,1,0.1917552590654353,0.5760731710400867
2025-12-08,Flames,Sabres,0.4991054776553907,Flames,0,0.2508953225148343,0.694937827500899
2025-12-08,Mammoth,Kings,0.5076078895338016,Kings,0,0.2576657695169602,0.708479907411497
2025-12-08,Maple Leafs,Lightning,0.4101718274352346,Maple Leafs,0,0.34789727315109065,0.8911791157725661
2025-12-09,Predators,Avalanche,0.2628720972113578,Predators,0,0.5433575450695819,1.3360876874877345
2025-12-09,Oilers,Sabres,0.5003344729243822,Sabres,0,0.2503345847965193,0.6938163502528158
2025-12-09,Jets,Stars,0.3998130020606599,Stars,1,0.15985043661675724,0.5105140090906536
2025-12-09,Blues,Bruins,0.5709352094884077,Bruins,0,0.325967013433572,0.8461473446239757
2025-12-09,Hurricanes,Blue Jackets,0.7047858360565795,Hurricanes,1,0.08715140259281275,0.34986130096309653
2025-12-09,Penguins,Ducks,0.4939777085634353,Ducks,1,0.24401397655758222,0.6811745564425705
2025-12-09,Senators,Devils,0.6309522247984002,Devils,0,0.3981007099780509,0.9968291712313413
2025-12-09,Canadiens,Lightning,0.40155163745416644,Lightning,1,0.16124371754212233,0.5134150358251882
2025-12-09,Flyers,Sharks,0.6266815387910611,Flyers,1,0.13936667347940998,0.4673167799944586
2025-12-09,Islanders,Golden Knights,0.48664968304089895,Islanders,0,0.2635285479220095,0.7202107514179756
2025-12-10,Kraken,Kings,0.39101993678188696,Kraken,0,0.37085671739713694,0.9389967310846898
2025-12-10,Blackhawks,Rangers,0.5048581135695589,Blackhawks,1,0.24516548769789584,0.683477852412936
2025-12-10,Flames,Red Wings,0.5404311442080567,Red Wings,0,0.29206582163002937,0.777466499028703
2025-12-10,Mammoth,Panthers,0.45132987534181424,Panthers,1,0.20369865637605758,0.6002578838969095
