team,date,opponent,pp_goals,pp_opportunities,opp_pp_goals,opp_pp_opportunities
ANA,2025-10-09,SEA,0,1,0,2
ANA,2025-10-11,SJS,2,4,2,4
ANA,2025-10-14,PIT,2,6,0,1
ANA,2025-10-16,CAR,0,4,1,3
ANA,2025-10-19,CHI,1,5,0,3
ANA,2025-10-21,NSH,0,5,0,1
ANA,2025-10-23,BOS,1,3,2,2
ANA,2025-10-25,TBL,0,2,1,6
ANA,2025-10-28,FLA,1,5,0,4
ANA,2025-10-31,DET,1,5,1,7
ANA,2025-11-02,NJD,0,2,0,1
ANA,2025-11-04,FLA,2,7,1,5
ANA,2025-11-06,DAL,2,5,3,5
ANA,2025-11-08,VEG,0,1,1,3
ANA,2025-11-09,WPG,2,4,0,4
ANA,2025-11-11,COL,0,2,1,4
ANA,2025-11-13,DET,0,3,2,4
ANA,2025-11-15,MIN,0,2,0,7
ANA,2025-11-17,UTA,0,1,0,1
ANA,2025-11-19,BOS,1,3,2,2
ANA,2025-11-20,OTT,0,2,1,3
ANA,2025-11-22,VEG,0,2,1,4
ANA,2025-11-26,VAN,1,6,1,3
ANA,2025-11-28,LAK,1,2,0,1
ANA,2025-11-30,CHI,0,3,2,4
ANA,2025-12-01,STL,0,3,0,6
ANA,2025-12-03,UTA,0,3,1,2
ANA,2025-12-05,WSH,0,5,0,3
ANA,2025-12-07,CHI,2,5,1,2
ANA,2025-12-09,PIT,0,1,1,5
ANA,2025-12-11,NYI,0,1,2,4
ANA,2025-12-13,NJD,0,3,0,2
ANA,2025-12-15,NYR,1,3,0,4
ANA,2025-12-16,CBJ,0,4,0,2
ANA,2025-12-19,DAL,0,3,1,3
ANA,2025-12-20,CBJ,0,3,1,2
ANA,2025-12-22,SEA,0,2,1,3
ANA,2025-12-27,LAK,1,2,1,4
ANA,2025-12-29,SJS,0,3,0,2
ANA,2025-12-31,TBL,1,3,1,3
ANA,2026-01-02,MIN,0,1,1,4
ANA,2026-01-05,WSH,0,3,0,2
ANA,2026-01-06,PHI,2,3,1,8
ANA,2026-01-08,CAR,0,3,0,2
ANA,2026-01-10,BUF,0,2,0,2
ANA,2026-01-13,DAL,0,2,0,3
ANA,2026-01-16,LAK,0,2,0,3
ANA,2026-01-17,LAK,0,3,1,6
ANA,2026-01-19,NYR,1,3,2,4
ANA,2026-01-21,COL,0,1,0,2
BOS,2025-10-08,WSH,1,2,0,5
BOS,2025-10-09,CHI,1,5,0,3
BOS,2025-10-11,BUF,0,4,0,4
BOS,2025-10-13,TBL,0,5,0,2
BOS,2025-10-16,VEG,1,3,2,6
BOS,2025-10-18,COL,0,2,0,5
BOS,2025-10-19,UTA,1,4,1,5
BOS,2025-10-21,FLA,1,5,1,3
BOS,2025-10-23,ANA,2,2,1,3
BOS,2025-10-25,COL,0,4,0,3
BOS,2025-10-27,OTT,0,1,4,5
BOS,2025-10-28,NYI,2,4,0,5
BOS,2025-10-30,BUF,1,4,1,5
BOS,2025-11-01,CAR,0,1,0,1
BOS,2025-11-04,NYI,1,4,0,3
BOS,2025-11-06,OTT,0,3,0,2
BOS,2025-11-08,TOR,1,1,2,4
BOS,2025-11-11,TOR,3,6,1,5
BOS,2025-11-13,OTT,1,2,1,2
BOS,2025-11-15,MTL,1,5,0,7
BOS,2025-11-17,CAR,1,4,0,2
BOS,2025-11-19,ANA,2,2,1,3
BOS,2025-11-21,LAK,0,2,0,5
BOS,2025-11-23,SJS,0,3,1,6
BOS,2025-11-26,NYI,0,1,0,4
BOS,2025-11-28,NYR,0,2,2,3
BOS,2025-11-29,DET,1,2,0,5
BOS,2025-12-02,DET,0,2,1,3
BOS,2025-12-04,STL,1,2,0,2
BOS,2025-12-06,NJD,0,1,0,1
BOS,2025-12-09,STL,0,2,1,2
BOS,2025-12-11,WPG,2,2,1,4
BOS,2025-12-14,MIN,0,2,2,3
BOS,2025-12-16,UTA,1,4,1,3
BOS,2025-12-18,EDM,1,3,1,5
BOS,2025-12-20,VAN,1,3,1,4
BOS,2025-12-21,OTT,1,5,2,4
BOS,2025-12-23,MTL,1,5,2,7
BOS,2025-12-27,BUF,0,1,0,3
BOS,2025-12-29,CGY,0,3,1,5
BOS,2025-12-31,EDM,1,3,0,5
BOS,2026-01-03,VAN,2,3,1,6
BOS,2026-01-06,SEA,1,3,3,4
BOS,2026-01-08,CGY,0,2,0,2
BOS,2026-01-10,NYR,1,3,1,2
BOS,2026-01-11,PIT,0,6,0,2
BOS,2026-01-13,DET,0,2,0,2
BOS,2026-01-15,SEA,1,2,2,4
BOS,2026-01-17,CHI,1,1,0,1
BOS,2026-01-20,DAL,1,2,2,3
BOS,2026-01-22,VEG,2,3,1,4
BUF,2025-10-09,NYR,0,4,0,3
BUF,2025-10-11,BOS,0,4,0,4
BUF,2025-10-13,COL,0,3,0,4
BUF,2025-10-15,OTT,3,3,1,5
BUF,2025-10-18,FLA,2,4,0,7
BUF,2025-10-20,MTL,0,1,0,1
BUF,2025-10-22,DET,1,5,0,2
BUF,2025-10-24,TOR,0,2,1,4
BUF,2025-10-25,TOR,1,4,0,3
BUF,2025-10-28,CBJ,0,2,1,1
BUF,2025-10-30,BOS,1,5,1,4
BUF,2025-11-01,WSH,0,3,0,4
BUF,2025-11-04,UTA,0,2,0,2
BUF,2025-11-06,STL,0,3,0,2
BUF,2025-11-08,CAR,0,1,1,2
BUF,2025-11-12,UTA,0,2,0,2
BUF,2025-11-13,COL,1,4,0,2
BUF,2025-11-15,DET,0,4,1,5
BUF,2025-11-17,EDM,1,2,0,1
BUF,2025-11-19,CGY,0,3,0,1
BUF,2025-11-21,CHI,1,2,1,2
BUF,2025-11-23,CAR,1,4,1,4
BUF,2025-11-26,PIT,0,0,0,1
BUF,2025-11-28,NJD,0,2,0,1
BUF,2025-11-29,MIN,0,3,0,3
BUF,2025-12-01,WPG,1,3,0,2
BUF,2025-12-03,PHI,1,6,2,5
BUF,2025-12-05,WPG,1,2,0,1
BUF,2025-12-08,CGY,2,6,2,5
BUF,2025-12-09,EDM,2,6,0,4
BUF,2025-12-11,VAN,1,2,1,3
BUF,2025-12-14,SEA,0,2,1,3
BUF,2025-12-18,PHI,1,5,0,3
BUF,2025-12-20,NYI,1,4,1,3
BUF,2025-12-21,NJD,0,0,0,1
BUF,2025-12-23,OTT,0,1,1,3
BUF,2025-12-27,BOS,0,3,0,1
BUF,2025-12-29,STL,0,3,0,1
BUF,2025-12-31,DAL,0,2,0,2
BUF,2026-01-03,CBJ,0,5,0,1
BUF,2026-01-06,VAN,0,1,1,4
BUF,2026-01-08,NYR,1,2,0,3
BUF,2026-01-10,ANA,0,2,0,2
BUF,2026-01-12,FLA,0,2,1,1
BUF,2026-01-14,PHI,2,6,1,5
BUF,2026-01-15,MTL,2,4,2,3
BUF,2026-01-17,MIN,1,4,1,4
BUF,2026-01-19,CAR,0,1,1,2
BUF,2026-01-20,NSH,0,1,0,2
BUF,2026-01-22,MTL,0,2,0,3
CAR,2025-10-09,NJD,1,4,0,2
CAR,2025-10-11,PHI,0,4,1,3
CAR,2025-10-14,SJS,0,3,0,5
CAR,2025-10-16,ANA,1,3,0,4
CAR,2025-10-18,LAK,0,3,1,1
CAR,2025-10-20,VEG,0,4,0,4
CAR,2025-10-23,COL,0,5,1,8
CAR,2025-10-25,DAL,0,3,2,4
CAR,2025-10-28,VEG,1,1,1,4
CAR,2025-10-30,NYI,0,1,1,4
CAR,2025-11-01,BOS,0,1,0,1
CAR,2025-11-04,NYR,1,3,0,3
CAR,2025-11-06,MIN,0,2,1,3
CAR,2025-11-08,BUF,1,2,0,1
CAR,2025-11-09,TOR,1,4,1,3
CAR,2025-11-11,WSH,0,5,1,5
CAR,2025-11-14,VAN,1,2,1,2
CAR,2025-11-15,EDM,0,2,1,1
CAR,2025-11-17,BOS,0,2,1,4
CAR,2025-11-19,MIN,0,2,0,1
CAR,2025-11-21,WPG,1,3,1,3
CAR,2025-11-23,BUF,1,4,1,4
CAR,2025-11-26,NYR,1,5,0,1
CAR,2025-11-28,WPG,0,4,0,2
CAR,2025-11-30,CGY,0,1,0,1
CAR,2025-12-04,TOR,0,3,0,2
CAR,2025-12-06,NSH,2,6,1,3
CAR,2025-12-07,SJS,1,3,1,2
CAR,2025-12-09,CBJ,1,4,1,3
CAR,2025-12-11,WSH,0,2,0,1
CAR,2025-12-13,PHI,0,2,0,0
CAR,2025-12-14,PHI,1,6,0,4
CAR,2025-12-17,NSH,1,4,0,3
CAR,2025-12-19,FLA,1,3,0,2
CAR,2025-12-20,TBL,2,5,0,3
CAR,2025-12-23,FLA,0,2,1,4
CAR,2025-12-27,DET,0,1,1,2
CAR,2025-12-29,NYR,2,4,1,2
CAR,2025-12-30,PIT,0,0,1,2
CAR,2026-01-01,MTL,2,3,0,1
CAR,2026-01-03,COL,1,3,2,5
CAR,2026-01-04,NJD,0,3,0,5
CAR,2026-01-06,DAL,2,5,2,3
CAR,2026-01-08,ANA,0,2,0,3
CAR,2026-01-10,SEA,0,1,0,1
CAR,2026-01-12,DET,2,5,1,4
CAR,2026-01-13,STL,0,3,1,3
CAR,2026-01-16,FLA,4,5,0,5
CAR,2026-01-17,NJD,0,1,1,4
CAR,2026-01-19,BUF,1,2,0,1
CAR,2026-01-22,CHI,0,5,0,1
CBJ,2025-10-09,NSH,0,1,1,4
CBJ,2025-10-11,MIN,1,3,4,8
CBJ,2025-10-13,NJD,0,5,2,2
CBJ,2025-10-16,COL,0,2,0,1
CBJ,2025-10-18,TBL,0,2,1,3
CBJ,2025-10-21,DAL,2,2,0,2
CBJ,2025-10-24,WSH,0,3,2,5
CBJ,2025-10-25,PIT,0,2,1,3
CBJ,2025-10-28,BUF,1,1,0,2
CBJ,2025-10-29,TOR,0,2,0,2
CBJ,2025-11-01,STL,1,3,0,2
CBJ,2025-11-02,NYI,0,4,1,2
CBJ,2025-11-05,CGY,0,1,0,2
CBJ,2025-11-08,VAN,0,3,0,3
CBJ,2025-11-10,EDM,0,2,0,1
CBJ,2025-11-11,SEA,1,4,0,2
CBJ,2025-11-13,EDM,0,1,0,2
CBJ,2025-11-15,NYR,1,2,1,2
CBJ,2025-11-17,MTL,1,2,0,0
CBJ,2025-11-18,WPG,0,1,1,2
CBJ,2025-11-20,TOR,0,2,0,2
CBJ,2025-11-22,DET,1,3,0,2
CBJ,2025-11-24,WSH,0,2,1,3
CBJ,2025-11-26,TOR,0,3,0,2
CBJ,2025-11-28,PIT,0,2,0,2
CBJ,2025-12-01,NJD,1,3,2,5
CBJ,2025-12-04,DET,2,3,3,5
CBJ,2025-12-06,FLA,1,4,2,4
CBJ,2025-12-07,WSH,0,3,0,4
CBJ,2025-12-09,CAR,1,3,1,4
CBJ,2025-12-11,OTT,1,1,1,2
CBJ,2025-12-13,VEG,0,4,1,3
CBJ,2025-12-16,ANA,0,2,0,4
CBJ,2025-12-18,MIN,0,2,1,1
CBJ,2025-12-20,ANA,1,2,0,3
CBJ,2025-12-22,LAK,3,7,0,5
CBJ,2025-12-28,NYI,0,4,0,2
CBJ,2025-12-29,OTT,0,3,0,4
CBJ,2025-12-31,NJD,0,3,1,1
CBJ,2026-01-03,BUF,0,1,0,5
CBJ,2026-01-04,PIT,0,0,1,3
CBJ,2026-01-06,SJS,0,3,1,5
CBJ,2026-01-08,VEG,0,1,1,2
CBJ,2026-01-10,COL,0,2,0,2
CBJ,2026-01-11,UTA,2,3,0,2
CBJ,2026-01-13,CGY,1,4,3,3
CBJ,2026-01-15,VAN,2,2,1,2
CBJ,2026-01-17,PIT,0,2,0,3
CBJ,2026-01-20,OTT,0,3,0,3
CBJ,2026-01-22,DAL,0,1,0,2
CGY,2025-10-08,EDM,1,4,2,4
CGY,2025-10-09,VAN,0,4,0,4
CGY,2025-10-11,STL,1,6,1,4
CGY,2025-10-14,VEG,0,1,0,2
CGY,2025-10-15,UTA,1,4,0,6
CGY,2025-10-18,VEG,1,3,3,3
CGY,2025-10-20,WPG,0,5,1,5
CGY,2025-10-22,MTL,0,5,1,3
CGY,2025-10-24,WPG,1,6,2,8
CGY,2025-10-26,NYR,0,3,0,1
CGY,2025-10-28,TOR,0,3,1,4
CGY,2025-10-30,OTT,2,4,0,4
CGY,2025-11-01,NSH,0,2,1,4
CGY,2025-11-02,PHI,0,2,0,1
CGY,2025-11-05,CBJ,0,2,0,1
CGY,2025-11-07,CHI,0,3,1,3
CGY,2025-11-09,MIN,0,3,0,4
CGY,2025-11-11,STL,0,1,1,2
CGY,2025-11-13,SJS,0,3,0,2
CGY,2025-11-15,WPG,1,3,1,1
CGY,2025-11-18,CHI,1,4,0,4
CGY,2025-11-19,BUF,0,1,0,3
CGY,2025-11-22,DAL,2,6,0,4
CGY,2025-11-23,VAN,0,4,1,4
CGY,2025-11-26,TBL,0,5,0,4
CGY,2025-11-28,FLA,1,2,0,2
CGY,2025-11-30,CAR,0,1,0,1
CGY,2025-12-02,NSH,1,3,0,3
CGY,2025-12-04,MIN,0,1,0,5
CGY,2025-12-06,UTA,0,1,0,2
CGY,2025-12-08,BUF,2,5,2,6
CGY,2025-12-10,DET,0,3,0,2
CGY,2025-12-13,LAK,0,4,0,2
CGY,2025-12-16,SJS,0,2,0,1
CGY,2025-12-18,SEA,1,5,1,1
CGY,2025-12-20,VEG,0,0,1,2
CGY,2025-12-23,EDM,0,4,3,6
CGY,2025-12-27,EDM,0,2,1,3
CGY,2025-12-29,BOS,1,5,0,3
CGY,2025-12-31,PHI,2,3,0,2
CGY,2026-01-03,NSH,0,2,0,1
CGY,2026-01-05,SEA,0,1,0,1
CGY,2026-01-07,MTL,0,4,0,2
CGY,2026-01-08,BOS,0,2,0,2
CGY,2026-01-10,PIT,0,3,0,3
CGY,2026-01-13,CBJ,3,3,1,4
CGY,2026-01-15,CHI,1,4,0,4
CGY,2026-01-17,NYI,0,3,0,2
CGY,2026-01-19,NJD,0,4,0,2
CGY,2026-01-21,PIT,0,1,0,1
CHI,2025-10-07,FLA,0,3,1,2
CHI,2025-10-09,BOS,0,3,1,5
CHI,2025-10-11,MTL,1,4,2,10
CHI,2025-10-13,UTA,1,3,0,3
CHI,2025-10-15,STL,1,3,0,2
CHI,2025-10-17,VAN,1,3,1,6
CHI,2025-10-19,ANA,0,3,1,5
CHI,2025-10-23,TBL,1,5,0,4
CHI,2025-10-26,LAK,0,5,0,3
CHI,2025-10-28,OTT,1,1,0,4
CHI,2025-10-30,WPG,0,3,1,3
CHI,2025-11-01,EDM,1,1,2,3
CHI,2025-11-03,SEA,0,3,1,2
CHI,2025-11-05,VAN,1,1,0,2
CHI,2025-11-07,CGY,1,3,0,3
CHI,2025-11-09,DET,3,3,0,5
CHI,2025-11-12,NJD,1,3,0,1
CHI,2025-11-15,TOR,0,2,0,3
CHI,2025-11-18,CGY,0,4,1,4
CHI,2025-11-20,SEA,1,2,1,3
CHI,2025-11-21,BUF,1,2,1,2
CHI,2025-11-23,COL,0,2,0,3
CHI,2025-11-26,MIN,0,4,1,5
CHI,2025-11-28,NSH,1,4,0,2
CHI,2025-11-30,ANA,2,4,0,3
CHI,2025-12-02,VEG,0,5,0,2
CHI,2025-12-04,LAK,1,3,0,5
CHI,2025-12-06,LAK,0,3,1,2
CHI,2025-12-07,ANA,1,2,2,5
CHI,2025-12-10,NYR,0,3,0,3
CHI,2025-12-12,STL,0,0,0,1
CHI,2025-12-13,DET,0,3,0,3
CHI,2025-12-16,TOR,0,1,1,3
CHI,2025-12-18,MTL,0,2,0,2
CHI,2025-12-20,OTT,1,3,1,6
CHI,2025-12-23,PHI,0,4,1,4
CHI,2025-12-27,DAL,0,2,0,4
CHI,2025-12-28,PIT,0,3,1,2
CHI,2025-12-30,NYI,1,2,1,3
CHI,2026-01-01,DAL,2,4,0,1
CHI,2026-01-03,WSH,1,2,0,1
CHI,2026-01-04,VEG,0,2,0,1
CHI,2026-01-07,STL,3,4,0,5
CHI,2026-01-09,WSH,1,4,0,3
CHI,2026-01-10,NSH,1,3,0,3
CHI,2026-01-12,EDM,0,2,0,2
CHI,2026-01-15,CGY,0,4,1,4
CHI,2026-01-17,BOS,0,1,1,1
CHI,2026-01-19,WPG,0,3,0,2
CHI,2026-01-22,CAR,0,1,0,5
COL,2025-10-07,LAK,1,6,1,4
COL,2025-10-09,UTA,1,4,1,3
COL,2025-10-11,DAL,1,5,0,2
COL,2025-10-13,BUF,0,4,0,3
COL,2025-10-16,CBJ,0,1,0,2
COL,2025-10-18,BOS,0,5,0,2
COL,2025-10-21,UTA,0,1,1,2
COL,2025-10-23,CAR,1,8,0,5
COL,2025-10-25,BOS,0,3,0,4
COL,2025-10-26,NJD,0,2,0,1
COL,2025-10-28,NJD,4,6,0,2
COL,2025-10-31,VEG,0,2,1,6
COL,2025-11-01,SJS,0,2,0,3
COL,2025-11-04,TBL,1,4,0,3
COL,2025-11-08,EDM,0,7,1,5
COL,2025-11-09,VAN,2,3,1,5
COL,2025-11-11,ANA,1,4,0,2
COL,2025-11-13,BUF,0,2,1,4
COL,2025-11-16,NYI,0,3,0,4
COL,2025-11-20,NYR,1,6,2,2
COL,2025-11-22,NSH,0,2,0,3
COL,2025-11-23,CHI,0,3,0,2
COL,2025-11-26,SJS,1,4,0,4
COL,2025-11-28,MIN,0,1,0,1
COL,2025-11-29,MTL,1,4,1,2
COL,2025-12-02,VAN,0,1,0,1
COL,2025-12-04,NYI,0,3,1,4
COL,2025-12-06,NYR,0,2,0,2
COL,2025-12-07,PHI,1,2,0,1
COL,2025-12-09,NSH,1,4,1,2
COL,2025-12-11,FLA,0,3,0,2
COL,2025-12-13,NSH,0,4,1,3
COL,2025-12-16,SEA,1,4,1,4
COL,2025-12-19,WPG,0,3,1,2
COL,2025-12-21,MIN,2,4,0,3
COL,2025-12-23,UTA,0,2,0,3
COL,2025-12-27,VEG,0,1,0,3
COL,2025-12-29,LAK,0,4,1,3
COL,2025-12-31,STL,1,3,0,3
COL,2026-01-03,CAR,2,5,1,3
COL,2026-01-04,FLA,0,4,0,3
COL,2026-01-06,TBL,0,2,1,2
COL,2026-01-08,OTT,2,6,0,3
COL,2026-01-10,CBJ,0,2,0,2
COL,2026-01-12,TOR,1,3,0,2
COL,2026-01-16,NSH,0,2,1,1
COL,2026-01-19,WSH,1,6,1,4
COL,2026-01-21,ANA,0,2,0,1
DAL,2025-10-09,WPG,1,5,0,4
DAL,2025-10-11,COL,0,2,1,5
DAL,2025-10-14,MIN,2,2,2,4
DAL,2025-10-16,VAN,2,4,2,3
DAL,2025-10-18,STL,0,2,0,2
DAL,2025-10-21,CBJ,0,2,2,2
DAL,2025-10-23,LAK,2,5,1,3
DAL,2025-10-25,CAR,2,4,0,3
DAL,2025-10-26,NSH,1,5,1,2
DAL,2025-10-28,WSH,1,4,0,3
DAL,2025-10-30,TBL,0,3,1,4
DAL,2025-11-01,FLA,2,3,0,1
DAL,2025-11-04,EDM,1,4,1,3
DAL,2025-11-06,ANA,3,5,2,5
DAL,2025-11-08,NSH,1,5,1,4
DAL,2025-11-09,SEA,1,3,0,3
DAL,2025-11-11,OTT,1,3,0,2
DAL,2025-11-13,MTL,1,3,0,3
DAL,2025-11-15,PHI,1,2,0,1
DAL,2025-11-18,NYI,0,3,0,2
DAL,2025-11-20,VAN,0,2,1,5
DAL,2025-11-22,CGY,0,4,2,6
DAL,2025-11-25,EDM,3,4,0,2
DAL,2025-11-26,SEA,0,1,0,5
DAL,2025-11-28,UTA,2,5,0,2
DAL,2025-11-30,OTT,2,4,0,3
DAL,2025-12-02,NYR,0,2,0,5
DAL,2025-12-03,NJD,0,1,0,2
DAL,2025-12-05,SJS,1,2,0,4
DAL,2025-12-07,PIT,0,1,0,2
DAL,2025-12-09,WPG,2,4,0,4
DAL,2025-12-11,MIN,1,1,0,3
DAL,2025-12-13,FLA,0,3,1,3
DAL,2025-12-15,LAK,0,2,1,3
DAL,2025-12-18,SJS,1,1,0,3
DAL,2025-12-19,ANA,1,3,0,3
DAL,2025-12-21,TOR,0,3,0,4
DAL,2025-12-23,DET,2,5,2,3
DAL,2025-12-27,CHI,0,4,0,2
DAL,2025-12-31,BUF,0,2,0,2
DAL,2026-01-01,CHI,0,1,2,4
DAL,2026-01-04,MTL,0,3,1,5
DAL,2026-01-06,CAR,2,3,2,5
DAL,2026-01-07,WSH,0,2,0,2
DAL,2026-01-10,SJS,0,2,4,6
DAL,2026-01-12,LAK,0,0,1,2
DAL,2026-01-13,ANA,0,3,0,2
DAL,2026-01-15,UTA,1,2,0,2
DAL,2026-01-18,TBL,0,2,0,2
DAL,2026-01-20,BOS,2,3,1,2
DAL,2026-01-22,CBJ,0,2,0,1
DET,2025-10-09,MTL,1,4,1,3
DET,2025-10-11,TOR,1,4,0,2
DET,2025-10-13,TOR,1,4,0,2
DET,2025-10-15,FLA,1,3,0,2
DET,2025-10-17,TBL,0,3,0,3
DET,2025-10-19,EDM,0,0,0,1
DET,2025-10-22,BUF,0,2,1,5
DET,2025-10-23,NYI,1,5,0,3
DET,2025-10-25,STL,1,3,2,4
DET,2025-10-28,STL,1,2,0,2
DET,2025-10-30,LAK,2,3,0,4
DET,2025-10-31,ANA,1,7,1,5
DET,2025-11-02,SJS,0,2,0,2
DET,2025-11-04,VEG,0,2,0,1
DET,2025-11-07,NYR,0,4,1,3
DET,2025-11-09,CHI,0,5,3,3
DET,2025-11-13,ANA,2,4,0,3
DET,2025-11-15,BUF,1,5,0,4
DET,2025-11-16,NYR,1,5,1,2
DET,2025-11-18,SEA,1,2,1,2
DET,2025-11-20,NYI,0,1,0,4
DET,2025-11-22,CBJ,0,2,1,3
DET,2025-11-24,NJD,1,3,0,1
DET,2025-11-26,NSH,2,4,1,4
DET,2025-11-28,TBL,0,1,1,1
DET,2025-11-29,BOS,0,5,1,2
DET,2025-12-02,BOS,1,3,0,2
DET,2025-12-04,CBJ,3,5,2,3
DET,2025-12-06,SEA,1,1,0,2
DET,2025-12-08,VAN,0,2,0,3
DET,2025-12-10,CGY,0,2,1,3
DET,2025-12-11,EDM,0,2,1,2
DET,2025-12-13,CHI,0,3,0,3
DET,2025-12-16,NYI,2,2,0,1
DET,2025-12-17,UTA,1,4,0,4
DET,2025-12-20,WSH,0,3,0,2
DET,2025-12-21,WSH,1,2,0,1
DET,2025-12-23,DAL,2,3,2,5
DET,2025-12-27,CAR,1,2,0,1
DET,2025-12-28,TOR,0,1,1,2
DET,2025-12-31,WPG,1,3,0,3
DET,2026-01-01,PIT,2,8,1,3
DET,2026-01-03,PIT,0,2,0,2
DET,2026-01-05,OTT,1,5,1,6
DET,2026-01-08,VAN,1,3,1,2
DET,2026-01-10,MTL,1,5,0,1
DET,2026-01-12,CAR,1,4,2,5
DET,2026-01-13,BOS,0,2,0,2
DET,2026-01-16,SJS,1,2,0,1
DET,2026-01-18,OTT,2,5,2,3
DET,2026-01-21,TOR,0,2,0,2
DET,2026-01-22,MIN,1,2,1,4
EDM,2025-10-08,CGY,2,4,1,4
EDM,2025-10-11,VAN,0,5,0,2
EDM,2025-10-14,NYR,0,0,0,3
EDM,2025-10-16,NYI,1,4,1,5
EDM,2025-10-18,NJD,0,3,1,3
EDM,2025-10-19,DET,0,1,0,0
EDM,2025-10-21,OTT,2,3,1,3
EDM,2025-10-23,MTL,2,5,0,1
EDM,2025-10-25,SEA,1,2,0,3
EDM,2025-10-26,VAN,1,2,1,2
EDM,2025-10-28,UTA,0,1,0,2
EDM,2025-10-30,NYR,1,3,0,2
EDM,2025-11-01,CHI,2,3,1,1
EDM,2025-11-03,STL,1,1,1,2
EDM,2025-11-04,DAL,1,3,1,4
EDM,2025-11-08,COL,1,5,0,7
EDM,2025-11-10,CBJ,0,1,0,2
EDM,2025-11-12,PHI,0,2,1,3
EDM,2025-11-13,CBJ,0,2,0,1
EDM,2025-11-15,CAR,1,1,0,2
EDM,2025-11-17,BUF,0,1,1,2
EDM,2025-11-19,WSH,1,3,0,1
EDM,2025-11-20,TBL,0,2,0,3
EDM,2025-11-22,FLA,0,2,1,4
EDM,2025-11-25,DAL,0,2,3,4
EDM,2025-11-29,SEA,2,2,0,6
EDM,2025-12-02,MIN,0,3,0,2
EDM,2025-12-04,SEA,4,5,0,3
EDM,2025-12-06,WPG,1,1,0,1
EDM,2025-12-09,BUF,0,4,2,6
EDM,2025-12-11,DET,1,2,0,2
EDM,2025-12-13,TOR,0,2,0,1
EDM,2025-12-14,MTL,1,5,2,4
EDM,2025-12-16,PIT,3,4,1,6
EDM,2025-12-18,BOS,1,5,1,3
EDM,2025-12-20,MIN,1,2,1,2
EDM,2025-12-21,VEG,2,3,2,5
EDM,2025-12-23,CGY,3,6,0,4
EDM,2025-12-27,CGY,1,3,0,2
EDM,2025-12-29,WPG,1,1,0,3
EDM,2025-12-31,BOS,0,5,1,3
EDM,2026-01-03,PHI,1,2,0,2
EDM,2026-01-06,NSH,1,2,0,2
EDM,2026-01-08,WPG,1,2,0,2
EDM,2026-01-10,LAK,1,4,1,2
EDM,2026-01-12,CHI,0,2,0,2
EDM,2026-01-13,NSH,2,4,0,3
EDM,2026-01-15,NYI,0,2,1,1
EDM,2026-01-17,VAN,1,4,0,1
EDM,2026-01-18,STL,1,3,0,4
EDM,2026-01-20,NJD,0,2,0,1
EDM,2026-01-22,PIT,0,2,0,2
FLA,2025-10-07,CHI,1,2,0,3
FLA,2025-10-09,PHI,1,5,0,2
FLA,2025-10-11,OTT,3,5,0,2
FLA,2025-10-13,PHI,1,5,0,5
FLA,2025-10-15,DET,0,2,1,3
FLA,2025-10-16,NJD,0,5,1,5
FLA,2025-10-18,BUF,0,7,2,4
FLA,2025-10-21,BOS,1,3,1,5
FLA,2025-10-23,PIT,2,3,2,2
FLA,2025-10-25,VEG,0,3,0,2
FLA,2025-10-28,ANA,0,4,1,5
FLA,2025-11-01,DAL,0,1,2,3
FLA,2025-11-04,ANA,1,5,2,7
FLA,2025-11-06,LAK,0,2,1,4
FLA,2025-11-08,SJS,0,5,0,2
FLA,2025-11-10,VEG,1,3,0,3
FLA,2025-11-13,WSH,2,5,0,2
FLA,2025-11-15,TBL,1,5,0,4
FLA,2025-11-17,VAN,2,6,2,6
FLA,2025-11-20,NJD,0,1,0,2
FLA,2025-11-22,EDM,1,4,0,2
FLA,2025-11-24,NSH,0,2,1,3
FLA,2025-11-26,PHI,0,3,0,1
FLA,2025-11-28,CGY,0,2,1,2
FLA,2025-12-02,TOR,0,1,0,3
FLA,2025-12-04,NSH,0,6,0,5
FLA,2025-12-06,CBJ,2,4,1,4
FLA,2025-12-07,NYI,0,1,0,1
FLA,2025-12-10,UTA,0,2,0,3
FLA,2025-12-11,COL,0,2,0,3
FLA,2025-12-13,DAL,1,3,0,3
FLA,2025-12-15,TBL,1,4,0,5
FLA,2025-12-17,LAK,1,4,1,4
FLA,2025-12-19,CAR,0,2,1,3
FLA,2025-12-20,STL,1,4,1,3
FLA,2025-12-23,CAR,1,4,0,2
FLA,2025-12-27,TBL,1,10,0,6
FLA,2025-12-29,WSH,1,6,1,6
FLA,2025-12-30,MTL,1,4,1,4
FLA,2026-01-02,NYR,1,6,2,3
FLA,2026-01-04,COL,0,3,0,4
FLA,2026-01-06,TOR,0,3,0,2
FLA,2026-01-08,MTL,0,3,0,4
FLA,2026-01-10,OTT,2,4,0,5
FLA,2026-01-12,BUF,1,1,0,2
FLA,2026-01-16,CAR,0,5,4,5
FLA,2026-01-17,WSH,1,2,0,1
FLA,2026-01-19,SJS,0,3,0,3
FLA,2026-01-22,WPG,0,1,0,2
LAK,2025-10-07,COL,1,4,1,6
LAK,2025-10-08,VEG,1,1,2,6
LAK,2025-10-11,WPG,0,5,1,4
LAK,2025-10-13,MIN,1,3,3,6
LAK,2025-10-16,PIT,0,2,1,2
LAK,2025-10-18,CAR,1,1,0,3
LAK,2025-10-21,STL,1,3,1,3
LAK,2025-10-23,DAL,1,3,2,5
LAK,2025-10-25,NSH,0,3,0,2
LAK,2025-10-26,CHI,0,3,0,5
LAK,2025-10-28,SJS,0,1,0,5
LAK,2025-10-30,DET,0,4,2,3
LAK,2025-11-01,NJD,0,4,0,0
LAK,2025-11-04,WPG,1,6,0,5
LAK,2025-11-06,FLA,1,4,0,2
LAK,2025-11-09,PIT,1,4,1,2
LAK,2025-11-11,MTL,0,3,0,3
LAK,2025-11-13,TOR,0,2,0,1
LAK,2025-11-15,OTT,0,2,0,2
LAK,2025-11-17,WSH,1,3,0,2
LAK,2025-11-20,SJS,0,4,0,3
LAK,2025-11-21,BOS,0,5,0,2
LAK,2025-11-24,OTT,1,3,0,3
LAK,2025-11-28,ANA,0,1,1,2
LAK,2025-11-29,VAN,0,4,0,3
LAK,2025-12-02,WSH,0,2,1,2
LAK,2025-12-04,CHI,0,5,1,3
LAK,2025-12-06,CHI,1,2,0,3
LAK,2025-12-08,UTA,0,1,1,4
LAK,2025-12-10,SEA,1,5,3,7
LAK,2025-12-13,CGY,0,2,0,4
LAK,2025-12-15,DAL,1,3,0,2
LAK,2025-12-17,FLA,1,4,1,4
LAK,2025-12-18,TBL,0,1,1,5
LAK,2025-12-22,CBJ,0,5,3,7
LAK,2025-12-23,SEA,0,3,1,2
LAK,2025-12-27,ANA,1,4,1,2
LAK,2025-12-29,COL,1,3,0,4
LAK,2026-01-01,TBL,2,3,1,2
LAK,2026-01-03,MIN,1,3,1,4
LAK,2026-01-05,MIN,0,1,1,6
LAK,2026-01-07,SJS,0,3,2,4
LAK,2026-01-09,WPG,0,3,1,2
LAK,2026-01-10,EDM,1,2,1,4
LAK,2026-01-12,DAL,1,2,0,0
LAK,2026-01-14,VEG,0,1,1,2
LAK,2026-01-16,ANA,0,3,0,2
LAK,2026-01-17,ANA,1,6,0,3
LAK,2026-01-20,NYR,0,3,0,2
MIN,2025-10-09,STL,1,3,0,2
MIN,2025-10-11,CBJ,4,8,1,3
MIN,2025-10-13,LAK,3,6,1,3
MIN,2025-10-14,DAL,2,4,2,2
MIN,2025-10-17,WSH,0,2,1,5
MIN,2025-10-18,PHI,0,3,0,2
MIN,2025-10-20,NYR,0,3,0,1
MIN,2025-10-22,NJD,0,3,1,2
MIN,2025-10-25,UTA,1,4,1,1
MIN,2025-10-26,SJS,2,4,2,2
MIN,2025-10-28,WPG,1,4,0,1
MIN,2025-10-30,PIT,0,4,1,1
MIN,2025-11-01,VAN,1,3,0,3
MIN,2025-11-04,NSH,2,3,0,2
MIN,2025-11-06,CAR,1,3,0,2
MIN,2025-11-07,NYI,0,1,0,2
MIN,2025-11-09,CGY,0,4,0,3
MIN,2025-11-11,SJS,1,4,1,3
MIN,2025-11-15,ANA,0,7,0,2
MIN,2025-11-16,VEG,1,4,2,4
MIN,2025-11-19,CAR,0,1,0,2
MIN,2025-11-21,PIT,1,3,0,2
MIN,2025-11-23,WPG,0,1,0,4
MIN,2025-11-26,CHI,1,5,0,4
MIN,2025-11-28,COL,0,1,0,1
MIN,2025-11-29,BUF,0,3,0,3
MIN,2025-12-02,EDM,0,2,0,3
MIN,2025-12-04,CGY,0,5,0,1
MIN,2025-12-06,VAN,1,3,0,3
MIN,2025-12-08,SEA,0,3,1,3
MIN,2025-12-11,DAL,0,3,1,1
MIN,2025-12-13,OTT,1,3,2,4
MIN,2025-12-14,BOS,2,3,0,2
MIN,2025-12-16,WSH,1,4,0,2
MIN,2025-12-18,CBJ,1,1,0,2
MIN,2025-12-20,EDM,1,2,1,2
MIN,2025-12-21,COL,0,3,2,4
MIN,2025-12-23,NSH,0,3,2,4
MIN,2025-12-27,WPG,1,4,0,3
MIN,2025-12-29,VEG,0,2,0,2
MIN,2025-12-31,SJS,0,1,1,1
MIN,2026-01-02,ANA,1,4,0,1
MIN,2026-01-03,LAK,1,4,1,3
MIN,2026-01-05,LAK,1,6,0,1
MIN,2026-01-08,SEA,0,1,1,3
MIN,2026-01-10,NYI,1,4,0,3
MIN,2026-01-12,NJD,1,2,0,2
MIN,2026-01-15,WPG,0,3,2,4
MIN,2026-01-17,BUF,1,4,1,4
MIN,2026-01-19,TOR,2,3,1,4
MIN,2026-01-20,MTL,2,4,0,3
MIN,2026-01-22,DET,1,4,1,2
MTL,2025-10-08,TOR,0,2,0,2
MTL,2025-10-09,DET,1,3,1,4
MTL,2025-10-11,CHI,2,10,1,4
MTL,2025-10-14,SEA,0,2,1,4
MTL,2025-10-16,NSH,0,3,1,2
MTL,2025-10-18,NYR,1,2,1,2
MTL,2025-10-20,BUF,0,1,0,1
MTL,2025-10-22,CGY,1,3,0,5
MTL,2025-10-23,EDM,0,1,2,5
MTL,2025-10-25,VAN,2,3,1,3
MTL,2025-10-28,SEA,2,2,1,4
MTL,2025-11-01,OTT,1,3,0,3
MTL,2025-11-04,PHI,2,4,2,6
MTL,2025-11-06,NJD,0,2,0,5
MTL,2025-11-08,UTA,0,2,0,2
MTL,2025-11-11,LAK,0,3,0,3
MTL,2025-11-13,DAL,0,3,1,3
MTL,2025-11-15,BOS,0,7,1,5
MTL,2025-11-17,CBJ,0,0,1,2
MTL,2025-11-20,WSH,1,3,2,4
MTL,2025-11-22,TOR,0,3,1,3
MTL,2025-11-26,UTA,2,3,1,4
MTL,2025-11-28,VEG,0,1,0,1
MTL,2025-11-29,COL,1,2,1,4
MTL,2025-12-02,OTT,2,3,0,2
MTL,2025-12-03,WPG,1,1,0,1
MTL,2025-12-06,TOR,1,4,0,3
MTL,2025-12-07,STL,0,2,1,2
MTL,2025-12-09,TBL,1,4,1,3
MTL,2025-12-11,PIT,1,4,1,6
MTL,2025-12-13,NYR,0,1,2,2
MTL,2025-12-14,EDM,2,4,1,5
MTL,2025-12-16,PHI,0,1,0,3
MTL,2025-12-18,CHI,0,2,0,2
MTL,2025-12-20,PIT,1,1,0,3
MTL,2025-12-21,PIT,0,2,1,3
MTL,2025-12-23,BOS,2,7,1,5
MTL,2025-12-28,TBL,0,4,0,1
MTL,2025-12-30,FLA,1,4,1,4
MTL,2026-01-01,CAR,0,1,2,3
MTL,2026-01-03,STL,0,4,0,2
MTL,2026-01-04,DAL,1,5,0,3
MTL,2026-01-07,CGY,0,2,0,4
MTL,2026-01-08,FLA,0,4,0,3
MTL,2026-01-10,DET,0,1,1,5
MTL,2026-01-12,VAN,1,1,0,2
MTL,2026-01-13,WSH,0,4,0,5
MTL,2026-01-15,BUF,2,3,2,4
MTL,2026-01-17,OTT,2,5,2,3
MTL,2026-01-20,MIN,0,3,2,4
MTL,2026-01-22,BUF,0,3,0,2
NJD,2025-10-09,CAR,0,2,1,4
NJD,2025-10-11,TBL,0,4,0,3
NJD,2025-10-13,CBJ,2,2,0,5
NJD,2025-10-16,FLA,1,5,0,5
NJD,2025-10-18,EDM,1,3,0,3
NJD,2025-10-21,TOR,1,2,0,2
NJD,2025-10-22,MIN,1,2,0,3
NJD,2025-10-24,SJS,2,5,1,4
NJD,2025-10-26,COL,0,1,0,2
NJD,2025-10-28,COL,0,2,4,6
NJD,2025-10-30,SJS,2,3,0,2
NJD,2025-11-01,LAK,0,0,0,4
NJD,2025-11-02,ANA,0,1,0,2
NJD,2025-11-06,MTL,0,5,0,2
NJD,2025-11-08,PIT,0,2,0,1
NJD,2025-11-10,NYI,1,4,1,1
NJD,2025-11-12,CHI,0,1,1,3
NJD,2025-11-15,WSH,1,3,0,1
NJD,2025-11-18,TBL,0,4,2,3
NJD,2025-11-20,FLA,0,2,0,1
NJD,2025-11-22,PHI,1,2,0,4
NJD,2025-11-24,DET,0,1,1,3
NJD,2025-11-26,STL,1,2,1,4
NJD,2025-11-28,BUF,0,1,0,2
NJD,2025-11-29,PHI,1,4,0,2
NJD,2025-12-01,CBJ,2,5,1,3
NJD,2025-12-03,DAL,0,2,0,1
NJD,2025-12-05,VEG,0,2,2,2
NJD,2025-12-06,BOS,0,1,0,1
NJD,2025-12-09,OTT,0,3,3,3
NJD,2025-12-11,TBL,1,3,2,3
NJD,2025-12-13,ANA,0,2,0,3
NJD,2025-12-14,VAN,0,3,2,3
NJD,2025-12-17,VEG,0,2,1,4
NJD,2025-12-19,UTA,1,5,1,4
NJD,2025-12-21,BUF,0,1,0,0
NJD,2025-12-23,NYI,0,0,0,0
NJD,2025-12-27,WSH,1,2,0,1
NJD,2025-12-30,TOR,0,3,1,3
NJD,2025-12-31,CBJ,1,1,0,3
NJD,2026-01-03,UTA,1,3,0,2
NJD,2026-01-04,CAR,0,5,0,3
NJD,2026-01-06,NYI,0,3,0,0
NJD,2026-01-08,PIT,1,2,1,3
NJD,2026-01-11,WPG,0,1,0,2
NJD,2026-01-12,MIN,0,2,1,2
NJD,2026-01-14,SEA,1,2,1,2
NJD,2026-01-17,CAR,1,4,0,1
NJD,2026-01-19,CGY,0,2,0,4
NJD,2026-01-20,EDM,0,1,0,2
NSH,2025-10-09,CBJ,1,4,0,1
NSH,2025-10-11,UTA,0,5,0,4
NSH,2025-10-13,OTT,0,6,1,5
NSH,2025-10-14,TOR,0,2,0,2
NSH,2025-10-16,MTL,1,2,0,3
NSH,2025-10-18,WPG,0,4,2,3
NSH,2025-10-21,ANA,0,1,0,5
NSH,2025-10-23,VAN,0,3,0,5
NSH,2025-10-25,LAK,0,2,0,3
NSH,2025-10-26,DAL,1,2,1,5
NSH,2025-10-28,TBL,1,3,0,4
NSH,2025-10-30,PHI,0,2,1,1
NSH,2025-11-01,CGY,1,4,0,2
NSH,2025-11-03,VAN,2,4,2,3
NSH,2025-11-04,MIN,0,2,2,3
NSH,2025-11-06,PHI,0,3,0,1
NSH,2025-11-08,DAL,1,4,1,5
NSH,2025-11-10,NYR,2,4,1,2
NSH,2025-11-14,PIT,0,1,0,2
NSH,2025-11-16,PIT,0,4,0,0
NSH,2025-11-22,COL,0,3,0,2
NSH,2025-11-24,FLA,1,3,0,2
NSH,2025-11-26,DET,1,4,2,4
NSH,2025-11-28,CHI,0,2,1,4
NSH,2025-11-29,WPG,1,4,0,4
NSH,2025-12-02,CGY,0,3,1,3
NSH,2025-12-04,FLA,0,5,0,6
NSH,2025-12-06,CAR,1,3,2,6
NSH,2025-12-09,COL,1,2,1,4
NSH,2025-12-11,STL,1,4,0,3
NSH,2025-12-13,COL,1,3,0,4
NSH,2025-12-15,STL,1,4,1,3
NSH,2025-12-17,CAR,0,3,1,4
NSH,2025-12-20,TOR,1,2,0,1
NSH,2025-12-21,NYR,0,2,0,3
NSH,2025-12-23,MIN,2,4,0,3
NSH,2025-12-27,STL,0,2,1,2
NSH,2025-12-29,UTA,1,2,1,4
NSH,2025-12-31,VEG,2,4,1,3
NSH,2026-01-01,SEA,1,2,0,1
NSH,2026-01-03,CGY,0,1,0,2
NSH,2026-01-06,EDM,0,2,1,2
NSH,2026-01-08,NYI,0,1,0,2
NSH,2026-01-10,CHI,0,3,1,3
NSH,2026-01-11,WSH,2,6,2,5
NSH,2026-01-13,EDM,0,3,2,4
NSH,2026-01-16,COL,1,1,0,2
NSH,2026-01-17,VEG,1,3,0,1
NSH,2026-01-20,BUF,0,2,0,1
NSH,2026-01-22,OTT,2,5,0,3
NYI,2025-10-09,PIT,0,3,2,5
NYI,2025-10-11,WSH,2,3,0,2
NYI,2025-10-13,WPG,0,5,1,3
NYI,2025-10-16,EDM,1,5,1,4
NYI,2025-10-18,OTT,0,3,1,2
NYI,2025-10-21,SJS,2,3,0,3
NYI,2025-10-23,DET,0,3,1,5
NYI,2025-10-25,PHI,0,2,1,3
NYI,2025-10-28,BOS,0,5,2,4
NYI,2025-10-30,CAR,1,4,0,1
NYI,2025-10-31,WSH,0,5,0,4
NYI,2025-11-02,CBJ,1,2,0,4
NYI,2025-11-04,BOS,0,3,1,4
NYI,2025-11-07,MIN,0,2,0,1
NYI,2025-11-08,NYR,1,2,0,2
NYI,2025-11-10,NJD,1,1,1,4
NYI,2025-11-13,VEG,1,5,0,5
NYI,2025-11-14,UTA,0,4,1,6
NYI,2025-11-16,COL,0,4,0,3
NYI,2025-11-18,DAL,0,2,0,3
NYI,2025-11-20,DET,0,4,0,1
NYI,2025-11-22,STL,0,3,0,1
NYI,2025-11-23,SEA,0,2,0,1
NYI,2025-11-26,BOS,0,4,0,1
NYI,2025-11-28,PHI,1,5,1,2
NYI,2025-11-30,WSH,1,3,1,2
NYI,2025-12-02,TBL,0,3,0,3
NYI,2025-12-04,COL,1,4,0,3
NYI,2025-12-06,TBL,1,3,0,2
NYI,2025-12-07,FLA,0,1,0,1
NYI,2025-12-09,VEG,1,2,0,4
NYI,2025-12-11,ANA,2,4,0,1
NYI,2025-12-13,TBL,1,4,1,4
NYI,2025-12-16,DET,0,1,2,2
NYI,2025-12-19,VAN,0,4,1,3
NYI,2025-12-20,BUF,1,3,1,4
NYI,2025-12-23,NJD,0,0,0,0
NYI,2025-12-27,NYR,0,5,0,3
NYI,2025-12-28,CBJ,0,2,0,4
NYI,2025-12-30,CHI,1,3,1,2
NYI,2026-01-01,UTA,1,5,2,5
NYI,2026-01-03,TOR,0,1,0,1
NYI,2026-01-06,NJD,0,0,0,3
NYI,2026-01-08,NSH,0,2,0,1
NYI,2026-01-10,MIN,0,3,1,4
NYI,2026-01-13,WPG,0,1,1,3
NYI,2026-01-15,EDM,1,1,0,2
NYI,2026-01-17,CGY,0,2,0,3
NYI,2026-01-19,VAN,1,3,0,2
NYI,2026-01-21,SEA,1,7,1,4
NYR,2025-10-07,PIT,0,2,0,1
NYR,2025-10-09,BUF,0,3,0,4
NYR,2025-10-11,PIT,2,4,0,4
NYR,2025-10-12,WSH,0,2,0,1
NYR,2025-10-14,EDM,0,3,0,0
NYR,2025-10-16,TOR,0,3,1,2
NYR,2025-10-18,MTL,1,2,1,2
NYR,2025-10-20,MIN,0,1,0,3
NYR,2025-10-23,SJS,1,4,1,5
NYR,2025-10-26,CGY,0,1,0,3
NYR,2025-10-28,VAN,0,3,0,3
NYR,2025-10-30,EDM,0,2,1,3
NYR,2025-11-01,SEA,0,3,1,2
NYR,2025-11-04,CAR,0,3,1,3
NYR,2025-11-07,DET,1,3,0,4
NYR,2025-11-08,NYI,0,2,1,2
NYR,2025-11-10,NSH,1,2,2,4
NYR,2025-11-12,TBL,1,3,0,3
NYR,2025-11-15,CBJ,1,2,1,2
NYR,2025-11-16,DET,1,2,1,5
NYR,2025-11-18,VEG,0,1,2,2
NYR,2025-11-20,COL,2,2,1,6
NYR,2025-11-22,UTA,0,2,0,1
NYR,2025-11-24,STL,0,0,0,4
NYR,2025-11-26,CAR,0,1,1,5
NYR,2025-11-28,BOS,2,3,0,2
NYR,2025-11-29,TBL,0,2,0,2
NYR,2025-12-02,DAL,0,5,0,2
NYR,2025-12-04,OTT,0,1,2,3
NYR,2025-12-06,COL,0,2,0,2
NYR,2025-12-07,VEG,0,0,0,1
NYR,2025-12-10,CHI,0,3,0,3
NYR,2025-12-13,MTL,2,2,0,1
NYR,2025-12-15,ANA,0,4,1,3
NYR,2025-12-16,VAN,0,4,0,3
NYR,2025-12-18,STL,1,2,0,3
NYR,2025-12-20,PHI,1,4,2,5
NYR,2025-12-21,NSH,0,3,0,2
NYR,2025-12-23,WSH,1,4,1,3
NYR,2025-12-27,NYI,0,3,0,5
NYR,2025-12-29,CAR,1,2,2,4
NYR,2025-12-31,WSH,1,1,1,3
NYR,2026-01-02,FLA,2,3,1,6
NYR,2026-01-05,UTA,2,4,0,1
NYR,2026-01-08,BUF,0,3,1,2
NYR,2026-01-10,BOS,1,2,1,3
NYR,2026-01-12,SEA,0,2,0,2
NYR,2026-01-14,OTT,1,1,1,3
NYR,2026-01-17,PHI,1,3,0,1
NYR,2026-01-19,ANA,2,4,1,3
NYR,2026-01-20,LAK,0,2,0,3
OTT,2025-10-09,TBL,1,4,2,3
OTT,2025-10-11,FLA,0,2,3,5
OTT,2025-10-13,NSH,1,5,0,6
OTT,2025-10-15,BUF,1,5,3,3
OTT,2025-10-16,SEA,1,2,1,3
OTT,2025-10-18,NYI,1,2,0,3
OTT,2025-10-21,EDM,1,3,2,3
OTT,2025-10-23,PHI,0,5,0,3
OTT,2025-10-25,WSH,3,4,0,2
OTT,2025-10-27,BOS,4,5,0,1
OTT,2025-10-28,CHI,0,4,1,1
OTT,2025-10-30,CGY,0,4,2,4
OTT,2025-11-01,MTL,0,3,1,3
OTT,2025-11-06,BOS,0,2,0,3
OTT,2025-11-08,PHI,0,2,0,2
OTT,2025-11-09,UTA,0,2,0,1
OTT,2025-11-11,DAL,0,2,1,3
OTT,2025-11-13,BOS,1,2,1,2
OTT,2025-11-15,LAK,0,2,0,2
OTT,2025-11-20,ANA,1,3,0,2
OTT,2025-11-22,SJS,1,5,1,5
OTT,2025-11-24,LAK,0,3,1,3
OTT,2025-11-26,VEG,1,3,1,3
OTT,2025-11-28,STL,0,1,0,3
OTT,2025-11-30,DAL,0,3,2,4
OTT,2025-12-02,MTL,0,2,2,3
OTT,2025-12-04,NYR,2,3,0,1
OTT,2025-12-06,STL,1,7,0,2
OTT,2025-12-09,NJD,3,3,0,3
OTT,2025-12-11,CBJ,1,2,1,1
OTT,2025-12-13,MIN,2,4,1,3
OTT,2025-12-15,WPG,0,3,0,2
OTT,2025-12-18,PIT,1,3,0,2
OTT,2025-12-20,CHI,1,6,1,3
OTT,2025-12-21,BOS,2,4,1,5
OTT,2025-12-23,BUF,1,3,0,1
OTT,2025-12-27,TOR,0,1,2,3
OTT,2025-12-29,CBJ,0,4,0,3
OTT,2026-01-01,WSH,0,4,1,4
OTT,2026-01-03,WPG,2,5,0,4
OTT,2026-01-05,DET,1,6,1,5
OTT,2026-01-07,UTA,0,3,0,4
OTT,2026-01-08,COL,0,3,2,6
OTT,2026-01-10,FLA,0,5,2,4
OTT,2026-01-13,VAN,0,2,0,1
OTT,2026-01-14,NYR,1,3,1,1
OTT,2026-01-17,MTL,2,3,2,5
OTT,2026-01-18,DET,2,3,2,5
OTT,2026-01-20,CBJ,0,3,0,3
OTT,2026-01-22,NSH,0,3,2,5
PHI,2025-10-09,FLA,0,2,1,5
PHI,2025-10-11,CAR,1,3,0,4
PHI,2025-10-13,FLA,0,5,1,5
PHI,2025-10-16,WPG,0,3,1,1
PHI,2025-10-18,MIN,0,2,0,3
PHI,2025-10-20,SEA,2,4,1,6
PHI,2025-10-23,OTT,0,3,0,5
PHI,2025-10-25,NYI,1,3,0,2
PHI,2025-10-28,PIT,1,4,0,4
PHI,2025-10-30,NSH,1,1,0,2
PHI,2025-11-01,TOR,1,6,0,3
PHI,2025-11-02,CGY,0,1,0,2
PHI,2025-11-04,MTL,2,6,2,4
PHI,2025-11-06,NSH,0,1,0,3
PHI,2025-11-08,OTT,0,2,0,2
PHI,2025-11-12,EDM,1,3,0,2
PHI,2025-11-14,STL,0,1,0,1
PHI,2025-11-15,DAL,0,1,1,2
PHI,2025-11-20,STL,0,2,1,2
PHI,2025-11-22,NJD,0,4,1,2
PHI,2025-11-24,TBL,0,1,0,2
PHI,2025-11-26,FLA,0,1,0,3
PHI,2025-11-28,NYI,1,2,1,5
PHI,2025-11-29,NJD,0,2,1,4
PHI,2025-12-01,PIT,1,7,3,4
PHI,2025-12-03,BUF,2,5,1,6
PHI,2025-12-07,COL,0,1,1,2
PHI,2025-12-09,SJS,0,2,0,2
PHI,2025-12-11,VEG,0,3,1,2
PHI,2025-12-13,CAR,0,0,0,2
PHI,2025-12-14,CAR,0,4,1,6
PHI,2025-12-16,MTL,0,3,0,1
PHI,2025-12-18,BUF,0,3,1,5
PHI,2025-12-20,NYR,2,5,1,4
PHI,2025-12-22,VAN,0,1,0,2
PHI,2025-12-23,CHI,1,4,0,4
PHI,2025-12-28,SEA,0,3,0,0
PHI,2025-12-30,VAN,0,1,0,4
PHI,2025-12-31,CGY,0,2,2,3
PHI,2026-01-03,EDM,0,2,1,2
PHI,2026-01-06,ANA,1,8,2,3
PHI,2026-01-08,TOR,0,3,0,2
PHI,2026-01-10,TBL,1,2,0,2
PHI,2026-01-12,TBL,0,2,2,4
PHI,2026-01-14,BUF,1,5,2,6
PHI,2026-01-15,PIT,0,4,3,4
PHI,2026-01-17,NYR,0,1,1,3
PHI,2026-01-19,VEG,0,2,1,7
PHI,2026-01-21,UTA,2,6,1,3
PIT,2025-10-07,NYR,0,1,0,2
PIT,2025-10-09,NYI,2,5,0,3
PIT,2025-10-11,NYR,0,4,2,4
PIT,2025-10-14,ANA,0,1,2,6
PIT,2025-10-16,LAK,1,2,0,2
PIT,2025-10-18,SJS,0,1,0,2
PIT,2025-10-21,VAN,2,5,0,3
PIT,2025-10-23,FLA,2,2,2,3
PIT,2025-10-25,CBJ,1,3,0,2
PIT,2025-10-27,STL,0,0,0,3
PIT,2025-10-28,PHI,0,4,1,4
PIT,2025-10-30,MIN,1,1,0,4
PIT,2025-11-01,WPG,1,2,1,3
PIT,2025-11-03,TOR,1,3,0,1
PIT,2025-11-06,WSH,3,5,0,3
PIT,2025-11-08,NJD,0,1,0,2
PIT,2025-11-09,LAK,1,2,1,4
PIT,2025-11-14,NSH,0,2,0,1
PIT,2025-11-16,NSH,0,0,0,4
PIT,2025-11-21,MIN,0,2,1,3
PIT,2025-11-22,SEA,1,4,0,2
PIT,2025-11-26,BUF,0,1,0,0
PIT,2025-11-28,CBJ,0,2,0,2
PIT,2025-11-29,TOR,1,3,1,3
PIT,2025-12-01,PHI,3,4,1,7
PIT,2025-12-04,TBL,2,4,1,6
PIT,2025-12-07,DAL,0,2,0,1
PIT,2025-12-09,ANA,1,5,0,1
PIT,2025-12-11,MTL,1,6,1,4
PIT,2025-12-13,SJS,3,5,1,4
PIT,2025-12-14,UTA,0,2,1,5
PIT,2025-12-16,EDM,1,6,3,4
PIT,2025-12-18,OTT,0,2,1,3
PIT,2025-12-20,MTL,0,3,1,1
PIT,2025-12-21,MTL,1,3,0,2
PIT,2025-12-23,TOR,0,1,0,2
PIT,2025-12-28,CHI,1,2,0,3
PIT,2025-12-30,CAR,1,2,0,0
PIT,2026-01-01,DET,1,3,2,8
PIT,2026-01-03,DET,0,2,0,2
PIT,2026-01-04,CBJ,1,3,0,0
PIT,2026-01-08,NJD,1,3,1,2
PIT,2026-01-10,CGY,0,3,0,3
PIT,2026-01-11,BOS,0,2,0,6
PIT,2026-01-13,TBL,0,3,0,3
PIT,2026-01-15,PHI,3,4,0,4
PIT,2026-01-17,CBJ,0,3,0,2
PIT,2026-01-19,SEA,0,3,1,3
PIT,2026-01-21,CGY,0,1,0,1
PIT,2026-01-22,EDM,0,2,0,2
SEA,2025-10-09,ANA,0,2,0,1
SEA,2025-10-11,VEG,1,3,1,3
SEA,2025-10-14,MTL,1,4,0,2
SEA,2025-10-16,OTT,1,3,1,2
SEA,2025-10-18,TOR,1,2,1,4
SEA,2025-10-20,PHI,1,6,2,4
SEA,2025-10-21,WSH,0,2,1,2
SEA,2025-10-23,WPG,0,1,0,3
SEA,2025-10-25,EDM,0,3,1,2
SEA,2025-10-28,MTL,1,4,2,2
SEA,2025-11-01,NYR,1,2,0,3
SEA,2025-11-03,CHI,1,2,0,3
SEA,2025-11-05,SJS,0,6,1,3
SEA,2025-11-08,STL,1,3,1,2
SEA,2025-11-09,DAL,0,3,1,3
SEA,2025-11-11,CBJ,0,2,1,4
SEA,2025-11-13,WPG,1,3,1,3
SEA,2025-11-15,SJS,0,2,1,6
SEA,2025-11-18,DET,1,2,1,2
SEA,2025-11-20,CHI,1,3,1,2
SEA,2025-11-22,PIT,0,2,1,4
SEA,2025-11-23,NYI,0,1,0,2
SEA,2025-11-26,DAL,0,5,0,1
SEA,2025-11-29,EDM,0,6,2,2
SEA,2025-12-04,EDM,1,3,4,5
SEA,2025-12-06,DET,0,2,1,1
SEA,2025-12-08,MIN,1,3,0,3
SEA,2025-12-10,LAK,3,7,1,5
SEA,2025-12-12,UTA,0,4,1,2
SEA,2025-12-14,BUF,1,3,0,2
SEA,2025-12-16,COL,1,4,1,4
SEA,2025-12-18,CGY,1,1,1,5
SEA,2025-12-20,SJS,0,1,1,4
SEA,2025-12-22,ANA,1,3,0,2
SEA,2025-12-23,LAK,1,2,0,3
SEA,2025-12-28,PHI,0,0,0,3
SEA,2025-12-29,VAN,1,6,0,2
SEA,2026-01-01,NSH,0,1,1,2
SEA,2026-01-02,VAN,1,2,2,3
SEA,2026-01-05,CGY,0,1,0,1
SEA,2026-01-06,BOS,3,4,1,3
SEA,2026-01-08,MIN,1,3,0,1
SEA,2026-01-10,CAR,0,1,0,1
SEA,2026-01-12,NYR,0,2,0,2
SEA,2026-01-14,NJD,1,2,1,2
SEA,2026-01-15,BOS,2,4,1,2
SEA,2026-01-17,UTA,0,3,0,2
SEA,2026-01-19,PIT,1,3,0,3
SEA,2026-01-21,NYI,1,4,1,7
SJS,2025-10-09,VEG,1,4,1,4
SJS,2025-10-11,ANA,2,4,2,4
SJS,2025-10-14,CAR,0,5,0,3
SJS,2025-10-17,UTA,2,3,1,4
SJS,2025-10-18,PIT,0,2,0,1
SJS,2025-10-21,NYI,0,3,2,3
SJS,2025-10-23,NYR,1,5,1,4
SJS,2025-10-24,NJD,1,4,2,5
SJS,2025-10-26,MIN,2,2,2,4
SJS,2025-10-28,LAK,0,5,0,1
SJS,2025-10-30,NJD,0,2,2,3
SJS,2025-11-01,COL,0,3,0,2
SJS,2025-11-02,DET,0,2,0,2
SJS,2025-11-05,SEA,1,3,0,6
SJS,2025-11-07,WPG,0,4,0,2
SJS,2025-11-08,FLA,0,2,0,5
SJS,2025-11-11,MIN,1,3,1,4
SJS,2025-11-13,CGY,0,2,0,3
SJS,2025-11-15,SEA,1,6,0,2
SJS,2025-11-18,UTA,1,5,0,2
SJS,2025-11-20,LAK,0,3,0,4
SJS,2025-11-22,OTT,1,5,1,5
SJS,2025-11-23,BOS,1,6,0,3
SJS,2025-11-26,COL,0,4,1,4
SJS,2025-11-28,VAN,2,6,0,8
SJS,2025-11-29,VEG,1,2,1,2
SJS,2025-12-01,UTA,1,4,0,3
SJS,2025-12-03,WSH,1,5,1,2
SJS,2025-12-05,DAL,0,4,1,2
SJS,2025-12-07,CAR,1,2,1,3
SJS,2025-12-09,PHI,0,2,0,2
SJS,2025-12-11,TOR,0,2,1,3
SJS,2025-12-13,PIT,1,4,3,5
SJS,2025-12-16,CGY,0,1,0,2
SJS,2025-12-18,DAL,0,3,1,1
SJS,2025-12-20,SEA,1,4,0,1
SJS,2025-12-23,VEG,0,1,1,4
SJS,2025-12-27,VAN,1,5,1,4
SJS,2025-12-29,ANA,0,2,0,3
SJS,2025-12-31,MIN,1,1,0,1
SJS,2026-01-03,TBL,1,3,3,5
SJS,2026-01-06,CBJ,1,5,0,3
SJS,2026-01-07,LAK,2,4,0,3
SJS,2026-01-10,DAL,4,6,0,2
SJS,2026-01-11,VEG,0,5,2,4
SJS,2026-01-15,WSH,0,3,1,2
SJS,2026-01-16,DET,0,1,1,2
SJS,2026-01-19,FLA,0,3,0,3
SJS,2026-01-20,TBL,0,1,0,1
STL,2025-10-09,MIN,0,2,1,3
STL,2025-10-11,CGY,1,4,1,6
STL,2025-10-13,VAN,1,3,0,1
STL,2025-10-15,CHI,0,2,1,3
STL,2025-10-18,DAL,0,2,0,2
STL,2025-10-21,LAK,1,3,1,3
STL,2025-10-23,UTA,1,4,2,4
STL,2025-10-25,DET,2,4,1,3
STL,2025-10-27,PIT,0,3,0,0
STL,2025-10-28,DET,0,2,1,2
STL,2025-10-30,VAN,2,3,1,3
STL,2025-11-01,CBJ,0,2,1,3
STL,2025-11-03,EDM,1,2,1,1
STL,2025-11-05,WSH,0,3,1,3
STL,2025-11-06,BUF,0,2,0,3
STL,2025-11-08,SEA,1,2,1,3
STL,2025-11-11,CGY,1,2,0,1
STL,2025-11-14,PHI,0,1,0,1
STL,2025-11-15,VEG,0,2,1,3
STL,2025-11-18,TOR,1,3,0,3
STL,2025-11-20,PHI,1,2,0,2
STL,2025-11-22,NYI,0,1,0,3
STL,2025-11-24,NYR,0,4,0,0
STL,2025-11-26,NJD,1,4,1,2
STL,2025-11-28,OTT,0,3,0,1
STL,2025-11-29,UTA,0,2,0,2
STL,2025-12-01,ANA,0,6,0,3
STL,2025-12-04,BOS,0,2,1,2
STL,2025-12-06,OTT,0,2,1,7
STL,2025-12-07,MTL,1,2,0,2
STL,2025-12-09,BOS,1,2,0,2
STL,2025-12-11,NSH,0,3,1,4
STL,2025-12-12,CHI,0,1,0,0
STL,2025-12-15,NSH,1,3,1,4
STL,2025-12-17,WPG,0,4,0,2
STL,2025-12-18,NYR,0,3,1,2
STL,2025-12-20,FLA,1,3,1,4
STL,2025-12-22,TBL,0,2,2,4
STL,2025-12-27,NSH,1,2,0,2
STL,2025-12-29,BUF,0,1,0,3
STL,2025-12-31,COL,0,3,1,3
STL,2026-01-02,VEG,0,2,0,2
STL,2026-01-03,MTL,0,2,0,4
STL,2026-01-07,CHI,0,5,3,4
STL,2026-01-09,UTA,0,4,1,3
STL,2026-01-10,VEG,1,1,0,1
STL,2026-01-13,CAR,1,3,0,3
STL,2026-01-16,TBL,0,2,2,3
STL,2026-01-18,EDM,0,4,1,3
STL,2026-01-20,WPG,1,4,2,3
TBL,2025-10-09,OTT,2,3,1,4
TBL,2025-10-11,NJD,0,3,0,4
TBL,2025-10-13,BOS,0,2,0,5
TBL,2025-10-14,WSH,1,2,1,3
TBL,2025-10-17,DET,0,3,0,3
TBL,2025-10-18,CBJ,1,3,0,2
TBL,2025-10-23,CHI,0,4,1,5
TBL,2025-10-25,ANA,1,6,0,2
TBL,2025-10-26,VEG,0,5,0,3
TBL,2025-10-28,NSH,0,4,1,3
TBL,2025-10-30,DAL,1,4,0,3
TBL,2025-11-02,UTA,0,2,0,3
TBL,2025-11-04,COL,0,3,1,4
TBL,2025-11-06,VEG,2,4,0,3
TBL,2025-11-08,WSH,1,2,0,1
TBL,2025-11-12,NYR,0,3,1,3
TBL,2025-11-15,FLA,0,4,1,5
TBL,2025-11-16,VAN,0,2,2,3
TBL,2025-11-18,NJD,2,3,0,4
TBL,2025-11-20,EDM,0,3,0,2
TBL,2025-11-22,WSH,1,3,0,6
TBL,2025-11-24,PHI,0,2,0,1
TBL,2025-11-26,CGY,0,4,0,5
TBL,2025-11-28,DET,1,1,0,1
TBL,2025-11-29,NYR,0,2,0,2
TBL,2025-12-02,NYI,0,3,0,3
TBL,2025-12-04,PIT,1,6,2,4
TBL,2025-12-06,NYI,0,2,1,3
TBL,2025-12-08,TOR,0,1,0,2
TBL,2025-12-09,MTL,1,3,1,4
TBL,2025-12-11,NJD,2,3,1,3
TBL,2025-12-13,NYI,1,4,1,4
TBL,2025-12-15,FLA,0,5,1,4
TBL,2025-12-18,LAK,1,5,0,1
TBL,2025-12-20,CAR,0,3,2,5
TBL,2025-12-22,STL,2,4,0,2
TBL,2025-12-27,FLA,0,6,1,10
TBL,2025-12-28,MTL,0,1,0,4
TBL,2025-12-31,ANA,1,3,1,3
TBL,2026-01-01,LAK,1,2,2,3
TBL,2026-01-03,SJS,3,5,1,3
TBL,2026-01-06,COL,1,2,0,2
TBL,2026-01-10,PHI,0,2,1,2
TBL,2026-01-12,PHI,2,4,0,2
TBL,2026-01-13,PIT,0,3,0,3
TBL,2026-01-16,STL,2,3,0,2
TBL,2026-01-18,DAL,0,2,0,2
TBL,2026-01-20,SJS,0,1,0,1
TOR,2025-10-08,MTL,0,2,0,2
TOR,2025-10-11,DET,0,2,1,4
TOR,2025-10-13,DET,0,2,1,4
TOR,2025-10-14,NSH,0,2,0,2
TOR,2025-10-16,NYR,1,2,0,3
TOR,2025-10-18,SEA,1,4,1,2
TOR,2025-10-21,NJD,0,2,1,2
TOR,2025-10-24,BUF,1,4,0,2
TOR,2025-10-25,BUF,0,3,1,4
TOR,2025-10-28,CGY,1,4,0,3
TOR,2025-10-29,CBJ,0,2,0,2
TOR,2025-11-01,PHI,0,3,1,6
TOR,2025-11-03,PIT,0,1,1,3
TOR,2025-11-05,UTA,0,1,0,3
TOR,2025-11-08,BOS,2,4,1,1
TOR,2025-11-09,CAR,1,3,1,4
TOR,2025-11-11,BOS,1,5,3,6
TOR,2025-11-13,LAK,0,1,0,2
TOR,2025-11-15,CHI,0,3,0,2
TOR,2025-11-18,STL,0,3,1,3
TOR,2025-11-20,CBJ,0,2,0,2
TOR,2025-11-22,MTL,1,3,0,3
TOR,2025-11-26,CBJ,0,2,0,3
TOR,2025-11-28,WSH,0,0,0,2
TOR,2025-11-29,PIT,1,3,1,3
TOR,2025-12-02,FLA,0,3,0,1
TOR,2025-12-04,CAR,0,2,0,3
TOR,2025-12-06,MTL,0,3,1,4
TOR,2025-12-08,TBL,0,2,0,1
TOR,2025-12-11,SJS,1,3,0,2
TOR,2025-12-13,EDM,0,1,0,2
TOR,2025-12-16,CHI,1,3,0,1
TOR,2025-12-18,WSH,0,5,0,3
TOR,2025-12-20,NSH,0,1,1,2
TOR,2025-12-21,DAL,0,4,0,3
TOR,2025-12-23,PIT,0,2,0,1
TOR,2025-12-27,OTT,2,3,0,1
TOR,2025-12-28,DET,1,2,0,1
TOR,2025-12-30,NJD,1,3,0,3
TOR,2026-01-01,WPG,1,1,1,2
TOR,2026-01-03,NYI,0,1,0,1
TOR,2026-01-06,FLA,0,2,0,3
TOR,2026-01-08,PHI,0,2,0,3
TOR,2026-01-10,VAN,2,4,0,6
TOR,2026-01-12,COL,0,2,1,3
TOR,2026-01-13,UTA,0,3,0,2
TOR,2026-01-15,VEG,1,1,2,3
TOR,2026-01-17,WPG,0,2,0,3
TOR,2026-01-19,MIN,1,4,2,3
TOR,2026-01-21,DET,0,2,0,2
UTA,2025-10-09,COL,1,3,1,4
UTA,2025-10-11,NSH,0,4,0,5
UTA,2025-10-13,CHI,0,3,1,3
UTA,2025-10-15,CGY,0,6,1,4
UTA,2025-10-17,SJS,1,4,2,3
UTA,2025-10-19,BOS,1,5,1,4
UTA,2025-10-21,COL,1,2,0,1
UTA,2025-10-23,STL,2,4,1,4
UTA,2025-10-25,MIN,1,1,1,4
UTA,2025-10-26,WPG,1,4,1,1
UTA,2025-10-28,EDM,0,2,0,1
UTA,2025-11-02,TBL,0,3,0,2
UTA,2025-11-04,BUF,0,2,0,2
UTA,2025-11-05,TOR,0,3,0,1
UTA,2025-11-08,MTL,0,2,0,2
UTA,2025-11-09,OTT,0,1,0,2
UTA,2025-11-12,BUF,0,2,0,2
UTA,2025-11-14,NYI,1,6,0,4
UTA,2025-11-17,ANA,0,1,0,1
UTA,2025-11-18,SJS,0,2,1,5
UTA,2025-11-20,VEG,0,2,0,3
UTA,2025-11-22,NYR,0,1,0,2
UTA,2025-11-24,VEG,0,2,0,3
UTA,2025-11-26,MTL,1,4,2,3
UTA,2025-11-28,DAL,0,2,2,5
UTA,2025-11-29,STL,0,2,0,2
UTA,2025-12-01,SJS,0,3,1,4
UTA,2025-12-03,ANA,1,2,0,3
UTA,2025-12-05,VAN,1,2,0,3
UTA,2025-12-06,CGY,0,2,0,1
UTA,2025-12-08,LAK,1,4,0,1
UTA,2025-12-10,FLA,0,3,0,2
UTA,2025-12-12,SEA,1,2,0,4
UTA,2025-12-14,PIT,1,5,0,2
UTA,2025-12-16,BOS,1,3,1,4
UTA,2025-12-17,DET,0,4,1,4
UTA,2025-12-19,NJD,1,4,1,5
UTA,2025-12-21,WPG,0,3,1,3
UTA,2025-12-23,COL,0,3,0,2
UTA,2025-12-29,NSH,1,4,1,2
UTA,2026-01-01,NYI,2,5,1,5
UTA,2026-01-03,NJD,0,2,1,3
UTA,2026-01-05,NYR,0,1,2,4
UTA,2026-01-07,OTT,0,4,0,3
UTA,2026-01-09,STL,1,3,0,4
UTA,2026-01-11,CBJ,0,2,2,3
UTA,2026-01-13,TOR,0,2,0,3
UTA,2026-01-15,DAL,0,2,1,2
UTA,2026-01-17,SEA,0,2,0,3
UTA,2026-01-21,PHI,1,3,2,6
VAN,2025-10-09,CGY,0,4,0,4
VAN,2025-10-11,EDM,0,2,0,5
VAN,2025-10-13,STL,0,1,1,3
VAN,2025-10-16,DAL,2,3,2,4
VAN,2025-10-17,CHI,1,6,1,3
VAN,2025-10-19,WSH,1,4,1,4
VAN,2025-10-21,PIT,0,3,2,5
VAN,2025-10-23,NSH,0,5,0,3
VAN,2025-10-25,MTL,1,3,2,3
VAN,2025-10-26,EDM,1,2,1,2
VAN,2025-10-28,NYR,0,3,0,3
VAN,2025-10-30,STL,1,3,2,3
VAN,2025-11-01,MIN,0,3,1,3
VAN,2025-11-03,NSH,2,3,2,4
VAN,2025-11-05,CHI,0,2,1,1
VAN,2025-11-08,CBJ,0,3,0,3
VAN,2025-11-09,COL,1,5,2,3
VAN,2025-11-11,WPG,1,2,2,4
VAN,2025-11-14,CAR,1,2,1,2
VAN,2025-11-16,TBL,2,3,0,2
VAN,2025-11-17,FLA,2,6,2,6
VAN,2025-11-20,DAL,1,5,0,2
VAN,2025-11-23,CGY,1,4,0,4
VAN,2025-11-26,ANA,1,3,1,6
VAN,2025-11-28,SJS,0,8,2,6
VAN,2025-11-29,LAK,0,3,0,4
VAN,2025-12-02,COL,0,1,0,1
VAN,2025-12-05,UTA,0,3,1,2
VAN,2025-12-06,MIN,0,3,1,3
VAN,2025-12-08,DET,0,3,0,2
VAN,2025-12-11,BUF,1,3,1,2
VAN,2025-12-14,NJD,2,3,0,3
VAN,2025-12-16,NYR,0,3,0,4
VAN,2025-12-19,NYI,1,3,0,4
VAN,2025-12-20,BOS,1,4,1,3
VAN,2025-12-22,PHI,0,2,0,1
VAN,2025-12-27,SJS,1,4,1,5
VAN,2025-12-29,SEA,0,2,1,6
VAN,2025-12-30,PHI,0,4,0,1
VAN,2026-01-02,SEA,2,3,1,2
VAN,2026-01-03,BOS,1,6,2,3
VAN,2026-01-06,BUF,1,4,0,1
VAN,2026-01-08,DET,1,2,1,3
VAN,2026-01-10,TOR,0,6,2,4
VAN,2026-01-12,MTL,0,2,1,1
VAN,2026-01-13,OTT,0,1,0,2
VAN,2026-01-15,CBJ,1,2,2,2
VAN,2026-01-17,EDM,0,1,1,4
VAN,2026-01-19,NYI,0,2,1,3
VAN,2026-01-21,WSH,0,3,2,3
VGK,2025-10-08,LAK,2,6,1,1
VGK,2025-10-09,SJS,1,4,1,4
VGK,2025-10-11,SEA,1,3,1,3
VGK,2025-10-14,CGY,0,2,0,1
VGK,2025-10-16,BOS,2,6,1,3
VGK,2025-10-18,CGY,3,3,1,3
VGK,2025-10-20,CAR,0,4,0,4
VGK,2025-10-25,FLA,0,2,0,3
VGK,2025-10-26,TBL,0,3,0,5
VGK,2025-10-28,CAR,1,4,1,1
VGK,2025-10-31,COL,1,6,0,2
VGK,2025-11-04,DET,0,1,0,2
VGK,2025-11-06,TBL,0,3,2,4
VGK,2025-11-08,ANA,1,3,0,1
VGK,2025-11-10,FLA,0,3,1,3
VGK,2025-11-13,NYI,0,5,1,5
VGK,2025-11-15,STL,1,3,0,2
VGK,2025-11-16,MIN,2,4,1,4
VGK,2025-11-18,NYR,2,2,0,1
VGK,2025-11-20,UTA,0,3,0,2
VGK,2025-11-22,ANA,1,4,0,2
VGK,2025-11-24,UTA,0,3,0,2
VGK,2025-11-26,OTT,1,3,1,3
VGK,2025-11-28,MTL,0,1,0,1
VGK,2025-11-29,SJS,1,2,1,2
VGK,2025-12-02,CHI,0,2,0,5
VGK,2025-12-05,NJD,2,2,0,2
VGK,2025-12-07,NYR,0,1,0,0
VGK,2025-12-09,NYI,0,4,1,2
VGK,2025-12-11,PHI,1,2,0,3
VGK,2025-12-13,CBJ,1,3,0,4
VGK,2025-12-17,NJD,1,4,0,2
VGK,2025-12-20,CGY,1,2,0,0
VGK,2025-12-21,EDM,2,5,2,3
VGK,2025-12-23,SJS,1,4,0,1
VGK,2025-12-27,COL,0,3,0,1
VGK,2025-12-29,MIN,0,2,0,2
VGK,2025-12-31,NSH,1,3,2,4
VGK,2026-01-02,STL,0,2,0,2
VGK,2026-01-04,CHI,0,1,0,2
VGK,2026-01-06,WPG,2,4,0,2
VGK,2026-01-08,CBJ,1,2,0,1
VGK,2026-01-10,STL,0,1,1,1
VGK,2026-01-11,SJS,2,4,0,5
VGK,2026-01-14,LAK,1,2,0,1
VGK,2026-01-15,TOR,2,3,1,1
VGK,2026-01-17,NSH,0,1,1,3
VGK,2026-01-19,PHI,1,7,0,2
VGK,2026-01-22,BOS,1,4,2,3
WPG,2025-10-09,DAL,0,4,1,5
WPG,2025-10-11,LAK,1,4,0,5
WPG,2025-10-13,NYI,1,3,0,5
WPG,2025-10-16,PHI,1,1,0,3
WPG,2025-10-18,NSH,2,3,0,4
WPG,2025-10-20,CGY,1,5,0,5
WPG,2025-10-23,SEA,0,3,0,1
WPG,2025-10-24,CGY,2,8,1,6
WPG,2025-10-26,UTA,1,1,1,4
WPG,2025-10-28,MIN,0,1,1,4
WPG,2025-10-30,CHI,1,3,0,3
WPG,2025-11-01,PIT,0,3,1,2
WPG,2025-11-04,LAK,0,5,1,6
WPG,2025-11-07,SJS,0,2,0,4
WPG,2025-11-09,ANA,0,4,2,4
WPG,2025-11-11,VAN,2,4,1,2
WPG,2025-11-13,SEA,1,3,1,3
WPG,2025-11-15,CGY,1,1,1,3
WPG,2025-11-18,CBJ,1,2,0,1
WPG,2025-11-21,CAR,1,3,1,3
WPG,2025-11-23,MIN,0,4,0,1
WPG,2025-11-26,WSH,1,2,0,2
WPG,2025-11-28,CAR,0,2,0,4
WPG,2025-11-29,NSH,0,4,1,4
WPG,2025-12-01,BUF,0,2,1,3
WPG,2025-12-03,MTL,0,1,1,1
WPG,2025-12-05,BUF,0,1,1,2
WPG,2025-12-06,EDM,0,1,1,1
WPG,2025-12-09,DAL,0,4,2,4
WPG,2025-12-11,BOS,1,4,2,2
WPG,2025-12-13,WSH,1,3,1,5
WPG,2025-12-15,OTT,0,2,0,3
WPG,2025-12-17,STL,0,2,0,4
WPG,2025-12-19,COL,1,2,0,3
WPG,2025-12-21,UTA,1,3,0,3
WPG,2025-12-27,MIN,0,3,1,4
WPG,2025-12-29,EDM,0,3,1,1
WPG,2025-12-31,DET,0,3,1,3
WPG,2026-01-01,TOR,1,2,1,1
WPG,2026-01-03,OTT,0,4,2,5
WPG,2026-01-06,VEG,0,2,2,4
WPG,2026-01-08,EDM,0,2,1,2
WPG,2026-01-09,LAK,1,2,0,3
WPG,2026-01-11,NJD,0,2,0,1
WPG,2026-01-13,NYI,1,3,0,1
WPG,2026-01-15,MIN,2,4,0,3
WPG,2026-01-17,TOR,0,3,0,2
WPG,2026-01-19,CHI,0,2,0,3
WPG,2026-01-20,STL,2,3,1,4
WPG,2026-01-22,FLA,0,2,0,1
WSH,2025-10-08,BOS,0,5,1,2
WSH,2025-10-11,NYI,0,2,2,3
WSH,2025-10-12,NYR,0,1,0,2
WSH,2025-10-14,TBL,1,3,1,2
WSH,2025-10-17,MIN,1,5,0,2
WSH,2025-10-19,VAN,1,4,1,4
WSH,2025-10-21,SEA,1,2,0,2
WSH,2025-10-24,CBJ,2,5,0,3
WSH,2025-10-25,OTT,0,2,3,4
WSH,2025-10-28,DAL,0,3,1,4
WSH,2025-10-31,NYI,0,4,0,5
WSH,2025-11-01,BUF,0,4,0,3
WSH,2025-11-05,STL,1,3,0,3
WSH,2025-11-06,PIT,0,3,3,5
WSH,2025-11-08,TBL,0,1,1,2
WSH,2025-11-11,CAR,1,5,0,5
WSH,2025-11-13,FLA,0,2,2,5
WSH,2025-11-15,NJD,0,1,1,3
WSH,2025-11-17,LAK,0,2,1,3
WSH,2025-11-19,EDM,0,1,1,3
WSH,2025-11-20,MTL,2,4,1,3
WSH,2025-11-22,TBL,0,6,1,3
WSH,2025-11-24,CBJ,1,3,0,2
WSH,2025-11-26,WPG,0,2,1,2
WSH,2025-11-28,TOR,0,2,0,0
WSH,2025-11-30,NYI,1,2,1,3
WSH,2025-12-02,LAK,1,2,0,2
WSH,2025-12-03,SJS,1,2,1,5
WSH,2025-12-05,ANA,0,3,0,5
WSH,2025-12-07,CBJ,0,4,0,3
WSH,2025-12-11,CAR,0,1,0,2
WSH,2025-12-13,WPG,1,5,1,3
WSH,2025-12-16,MIN,0,2,1,4
WSH,2025-12-18,TOR,0,3,0,5
WSH,2025-12-20,DET,0,2,0,3
WSH,2025-12-21,DET,0,1,1,2
WSH,2025-12-23,NYR,1,3,1,4
WSH,2025-12-27,NJD,0,1,1,2
WSH,2025-12-29,FLA,1,6,1,6
WSH,2025-12-31,NYR,1,3,1,1
WSH,2026-01-01,OTT,1,4,0,4
WSH,2026-01-03,CHI,0,1,1,2
WSH,2026-01-05,ANA,0,2,0,3
WSH,2026-01-07,DAL,0,2,0,2
WSH,2026-01-09,CHI,0,3,1,4
WSH,2026-01-11,NSH,2,5,2,6
WSH,2026-01-13,MTL,0,5,0,4
WSH,2026-01-15,SJS,1,2,0,3
WSH,2026-01-17,FLA,0,1,1,2
WSH,2026-01-19,COL,1,4,1,6
WSH,2026-01-21,VAN,2,3,0,3
