game_id,game_date,team,opponent,home_away,result,team_game_number,opponent_game_number,xG_for,xG_against,xG_for_5v5,xG_against_5v5,starting_goalie,starting_goalie_opp,CG,CG_Opp,is_b2b,is_3in4,is_4in6,is_6in9,is_b2b_opp,is_3in4_opp,is_4in6_opp,is_6in9_opp,scored_first,blownlead_1,blownlead_2,blownlead_3+,comeback_1,comeback_2,comeback_3+,sog_for_1P,sog_for_2P,sog_for_3P,sog_for_OT,sog_for,sog_ag_1P,sog_ag_2P,sog_ag_3P,sog_ag_OT,sog_ag,attempts_for_1P,attempts_for_2P,attempts_for_3P,attempts_for_OT,attempts_for,attempts_ag_1P,attempts_ag_2P,attempts_ag_3P,attempts_ag_OT,attempts_ag,attempts_for_5v5,attempts_ag_5v5,goals_for_1P,goals_for_2P,goals_for_3P,goals_for_OT,goals_for,goals_ag_1P,goals_ag_2P,goals_ag_3P,goals_ag_OT,goals_ag,hits_for_1P,hits_for_2P,hits_for_3P,hits_for_OT,hits_for,hits_ag_1P,hits_ag_2P,hits_ag_3P,hits_ag_OT,hits_ag,pp_goals,pp_goals_against,pp_opportunities,pk_opportunities,pp_time,pk_time,saves_for,saves_against,save_percentage,save_percentage_against,emptynet_goalsfor,emptynet_goalsagainst,en_pp_goalsfor,en_pp_goalsagainst,en_attempts_for,en_attempts_against,hitpost_for,hitpost_against,time_leading,time_trailing,time_tied,time_leading_1P,time_trailing_1P,time_tied_1P,time_leading_2P,time_trailing_2P,time_tied_2P,time_leading_3P,time_trailing_3P,time_tied_3P,time_leading_OT,time_trailing_OT,time_tied_OT,control_score,control_score_1P,control_score_2P,control_score_3P,control_score_OT,time_evenstrength,ot_loss,otml,time_5v5,time_6v5,time_5v6,time_4v3,time_3v4,time_5v3,time_3v5,time_6v3,time_3v6,time_6v4,time_4v6,time_4v4,time_3v3,goals_5v5,goals_ev,goals_pp,goals_sh,goals_ag_5v5,goals_ag_ev,goals_ag_pp,goals_ag_sh,sog_5v5,sog_ev,sog_pp,sog_sh,sog_ag_5v5,sog_ag_ev,sog_ag_pp,sog_ag_sh,attempts_5v5,attempts_ev,attempts_pp,attempts_sh,attempts_ag_ev,attempts_ag_pp,attempts_ag_sh,xg_for_5v5,xg_for_ev,xg_for_pp,xg_for_sh,xg_ag_5v5,xg_ag_ev,xg_ag_pp,xg_ag_sh,hdf,hda,hdf_1P,hdf_2P,hdf_3P,hdf_OT,hda_1P,hda_2P,hda_3P,hda_OT,xG_pp_for,xG_pp_against,xg_for_1P,xg_for_2P,xg_for_3P,xg_for_OT,xg_ag_1P,xg_ag_2P,xg_ag_3P,xg_ag_OT,xga_non_en
2026020001,2026-09-29,Hurricanes,Panthers,Home,OTL,1,1,2.1851,1.8546,0.3461,1.1467,Brandon Bussi,Jacob Markstrom,CG,CG,0,0,0,0,0,0,0,0,0,0,0,0,0,0,0,3,7,4,1,15,6,8,5,1,20,10,20,12,2,44,9,16,17,2,44,17,0,0,0,0,0,0,0,0,0,1,1,25,5,11,0,41,18,13,11,1,43,0,0,6,7,518,712,19,15,0.95,1.0,0,0,0,0,0,0,0,4,0,0,3895,0,0,1200,0,0,1200,0,0,1200,0,0,295,1.0,1.0,1.0,1.0,1.0,2560,0,-,2231,66,48,0,70,90,0,0,2,0,18,34,295,0,0,0,0,0,1,0,0,0,0,0,0,0,0,0,0,0,0,0,0,0,0,0,0.4,0.45,1.28,0.19,1.3,1.46,0.45,0.05,8,11,2,3,3,0,3,6,2,0,1.0492,0.3259,0.2076,1.2218,0.6939,0.0618,0.5431,0.852,0.2898,0.1697,1.8546
2026020001,2026-09-29,Panthers,Hurricanes,Away,OTW,1,1,1.8546,2.1851,1.1467,0.3461,Jacob Markstrom,Brandon Bussi,CG,CG,0,0,0,0,0,0,0,0,1,0,0,0,0,0,0,6,8,5,1,20,3,7,4,1,15,9,16,17,2,44,10,20,12,2,44,27,0,0,0,0,1,1,0,0,0,0,0,18,13,11,1,43,25,5,11,0,41,0,0,7,6,712,518,15,19,1.0,0.95,0,0,0,0,0,0,4,0,0,0,3895,0,0,1200,0,0,1200,0,0,1200,0,0,295,1.0,1.0,1.0,1.0,1.0,2560,0,-,2231,48,66,70,0,0,90,2,0,18,0,34,295,0,1,0,0,0,0,0,0,0,0,0,0,0,0,0,0,0,0,0,0,0,0,0,1.3,1.46,0.45,0.05,0.4,0.45,1.28,0.19,11,8,3,6,2,0,2,3,3,0,0.3259,1.0492,0.5431,0.852,0.2898,0.1697,0.2076,1.2218,0.6939,0.0618,2.1851
2026020002,2026-09-29,Maple Leafs,Canadiens,Home,RL,1,1,2.6434,3.5705,1.906,1.7447,Sergei Bobrovsky,Jakub Dobes,CG,CG,0,0,0,0,0,0,0,0,1,1,0,0,0,0,0,11,6,11,0,28,10,8,6,0,24,18,14,22,0,54,16,14,21,0,51,43,0,1,0,1,0,2,1,1,1,0,3,6,11,6,0,23,14,10,4,0,28,0,0,3,2,360,240,21,26,0.875,0.929,0,0,0,0,0,6,1,4,605,2108,887,605,0,595,0,908,292,0,1200,0,0,0,0,0.9037,1.1008,0.8487,0.7615,1.0,2832,0,-,2751,85,40,0,0,0,0,0,0,0,0,81,0,2,2,0,0,3,3,0,0,0,0,0,0,0,0,0,0,0,0,0,0,0,0,0,2.0,2.0,0.96,0.0,2.29,2.46,0.38,0.0,16,14,5,4,7,0,6,4,4,0,0.6028,0.4212,0.7744,0.6065,1.2625,0.0,1.0407,0.668,1.8618,0.0,2.2742
2026020002,2026-09-29,Canadiens,Maple Leafs,Away,RW,1,1,3.5705,2.6434,1.7447,1.906,Jakub Dobes,Sergei Bobrovsky,CG,CG,0,0,0,0,0,0,0,0,0,0,0,0,1,0,0,10,8,6,0,24,11,6,11,0,28,16,14,21,0,51,18,14,22,0,54,36,0,1,1,1,0,3,1,0,1,0,2,14,10,4,0,28,6,11,6,0,23,0,0,2,3,240,360,26,21,0.929,0.875,0,0,0,0,6,0,4,1,2108,605,887,0,605,595,908,0,292,1200,0,0,0,0,0,1.0963,0.8992,1.1513,1.2385,1.0,2832,0,-,2751,40,85,0,0,0,0,0,0,0,0,81,0,3,3,0,0,2,2,0,0,0,0,0,0,0,0,0,0,0,0,0,0,0,0,0,2.29,2.46,0.38,0.0,2.0,2.0,0.96,0.0,14,16,6,4,4,0,5,4,7,0,0.4212,0.6028,1.0407,0.668,1.8618,0.0,0.7744,0.6065,1.2625,0.0,2.6434
2026020003,2026-09-29,Bruins,Rangers,Home,RW,1,1,3.5452,1.8756,2.5804,1.8183,Jeremy Swayman,Igor Shesterkin,CG,CG,0,0,0,0,0,0,0,0,1,0,0,0,0,0,0,7,8,8,0,23,5,9,10,0,24,11,21,24,0,56,12,19,15,0,46,53,0,0,0,3,0,3,0,0,0,0,0,10,16,10,0,36,16,8,13,0,37,0,0,1,1,120,120,24,20,1.0,0.87,1,0,0,0,1,0,5,2,226,0,3374,0,0,1200,0,0,1200,226,0,974,0,0,0,1.048,1.0,1.0,1.1441,1.0,3277,0,-,3277,52,31,0,0,0,0,0,0,0,0,0,0,2,2,0,0,0,0,0,0,0,0,0,0,0,0,0,0,0,0,0,0,0,0,0,2.58,2.58,0.06,0.0,2.24,2.24,0.06,0.01,10,14,2,5,3,0,2,4,8,0,0.0548,0.0548,0.618,0.9895,1.9377,0.0,0.3037,0.806,0.7659,0.0,1.8756
2026020003,2026-09-29,Rangers,Bruins,Away,RL,1,1,1.8756,3.5452,1.8183,2.5804,Igor Shesterkin,Jeremy Swayman,CG,CG,0,0,0,0,0,0,0,0,0,0,0,0,0,0,0,5,9,10,0,24,7,8,8,0,23,12,19,15,0,46,11,21,24,0,56,43,0,0,0,0,0,0,0,0,3,0,3,16,8,13,0,37,10,16,10,0,36,0,0,1,1,120,120,20,24,0.87,1.0,0,1,0,0,0,1,2,5,0,226,3374,0,0,1200,0,0,1200,0,226,974,0,0,0,0.952,1.0,1.0,0.8559,1.0,3277,0,-,3277,31,52,0,0,0,0,0,0,0,0,0,0,0,0,0,0,2,2,0,0,0,0,0,0,0,0,0,0,0,0,0,0,0,0,0,2.24,2.24,0.06,0.01,2.58,2.58,0.06,0.0,14,10,2,4,8,0,2,5,3,0,0.0548,0.0548,0.3037,0.806,0.7659,0.0,0.618,0.9895,1.9377,0.0,2.6352
2026020004,2026-09-29,Oilers,Canucks,Home,OTL,1,1,3.8229,2.5134,2.6321,1.3235,Tristan Jarry,Kevin Lankinen,CG,CG,0,0,0,0,0,0,0,0,0,0,0,0,0,0,0,13,9,15,0,37,5,7,9,2,23,19,21,22,0,62,18,14,19,3,54,53,0,1,1,3,0,5,1,1,3,1,6,14,8,16,0,38,3,5,5,0,13,1,1,4,2,416,119,17,32,0.739,0.865,0,0,0,0,0,1,0,1,0,2229,1490,0,395,805,0,747,453,0,1087,113,0,0,119,0.8194,0.9342,0.8755,0.6305,1.0,3122,0,-,3003,3,33,0,0,0,0,0,0,42,0,0,119,4,4,1,0,3,4,1,1,0,0,0,0,0,0,0,0,0,0,0,0,0,0,0,2.42,2.42,1.07,0.0,1.47,1.85,0.23,0.13,13,8,6,1,6,0,1,2,3,2,0.8229,0.1436,1.4979,0.6305,1.6945,0.0,0.5466,0.5734,0.6628,0.7306,2.5134
2026020004,2026-09-29,Canucks,Oilers,Away,OTW,1,1,2.5134,3.8229,1.3235,2.6321,Kevin Lankinen,Tristan Jarry,CG,CG,0,0,0,0,0,0,0,0,1,0,0,0,0,0,0,5,7,9,2,23,13,9,15,0,37,18,14,19,3,54,19,21,22,0,62,40,0,1,1,3,1,6,1,1,3,0,5,3,5,5,0,13,14,8,16,0,38,1,1,2,4,119,416,32,17,0.865,0.739,0,0,0,0,1,0,1,0,2229,0,1490,395,0,805,747,0,453,1087,0,113,0,0,119,1.1806,1.0658,1.1245,1.3695,1.0,3122,0,-,3003,33,3,0,0,0,0,0,0,0,42,0,119,3,4,1,1,4,4,1,0,0,0,0,0,0,0,0,0,0,0,0,0,0,0,0,1.47,1.85,0.23,0.13,2.42,2.42,1.07,0.0,8,13,1,2,3,2,6,1,6,0,0.1436,0.8229,0.5466,0.5734,0.6628,0.7306,1.4979,0.6305,1.6945,0.0,3.8229
2026020005,2026-09-29,Golden Knights,Blackhawks,Home,RW,1,1,4.5242,2.0545,2.9372,1.6982,Carter Hart,Spencer Knight,CG,CG,0,0,0,0,0,0,0,0,1,0,0,0,0,0,0,15,13,9,0,37,6,6,14,0,26,28,20,12,0,60,10,17,24,0,51,51,0,2,1,2,0,5,0,1,1,0,2,9,7,7,0,23,4,3,7,0,14,1,0,3,2,301,240,24,32,0.923,0.865,1,0,0,0,1,0,0,3,2970,0,630,570,0,630,1200,0,0,1200,0,0,0,0,0,1.3921,1.1645,1.4578,1.554,1.0,2975,0,-,2975,30,41,0,0,0,0,0,0,0,0,0,0,3,3,1,0,2,2,0,0,0,0,0,0,0,0,0,0,0,0,0,0,0,0,0,3.29,3.29,0.67,0.14,1.95,1.95,0.27,0.11,16,11,7,6,3,0,5,2,4,0,0.7335,0.2305,1.672,1.5327,1.3195,0.0,0.6023,0.5197,0.9325,0.0,2.0545
2026020005,2026-09-29,Blackhawks,Golden Knights,Away,RL,1,1,2.0545,4.5242,1.6982,2.9372,Spencer Knight,Carter Hart,CG,CG,0,0,0,0,0,0,0,0,0,0,0,0,0,0,0,6,6,14,0,26,15,13,9,0,37,10,17,24,0,51,28,20,12,0,60,44,0,0,1,1,0,2,2,1,2,0,5,4,3,7,0,14,9,7,7,0,23,0,1,2,3,240,301,32,24,0.865,0.923,0,1,0,0,0,1,3,0,0,2970,630,0,570,630,0,1200,0,0,1200,0,0,0,0,0.6079,0.8355,0.5423,0.446,1.0,2975,0,-,2975,41,30,0,0,0,0,0,0,0,0,0,0,2,2,0,0,3,3,1,0,0,0,0,0,0,0,0,0,0,0,0,0,0,0,0,1.95,1.95,0.27,0.11,3.29,3.29,0.67,0.14,11,16,5,2,4,0,7,6,3,0,0.2305,0.7335,0.6023,0.5197,0.9325,0.0,1.672,1.5327,1.3195,0.0,3.7594
2026020006,2026-09-30,Flyers,Penguins,Home,RL,1,1,1.635,4.3677,0.7459,3.0752,Dan Vladar,Arturs Silovs,CG,CG,0,0,0,0,0,0,0,0,0,0,0,0,0,0,0,5,7,7,0,19,11,15,12,0,38,15,13,15,0,43,16,29,21,0,66,29,0,0,0,0,0,0,2,3,2,0,7,11,10,7,0,28,10,10,3,0,23,0,2,3,4,360,410,31,19,0.816,1.0,0,0,0,0,0,0,3,1,0,3154,446,0,754,446,0,1200,0,0,1200,0,0,0,0,0.3122,0.8103,0.1263,0.0,1.0,2709,0,-,2709,39,45,0,0,0,0,0,0,0,0,0,0,0,0,0,0,4,4,2,1,0,0,0,0,0,0,0,0,0,0,0,0,0,0,0,0.81,0.81,0.56,0.07,3.74,3.74,0.7,0.17,5,21,0,1,4,0,6,8,7,0,0.7759,0.9723,0.3026,0.5613,0.7711,0.0,0.9047,1.9431,1.5199,0.0,4.3677
2026020006,2026-09-30,Penguins,Flyers,Away,RW,1,1,4.3677,1.635,3.0752,0.7459,Arturs Silovs,Dan Vladar,CG,CG,0,0,0,0,0,0,0,0,1,0,0,0,0,0,0,11,15,12,0,38,5,7,7,0,19,16,29,21,0,66,15,13,15,0,43,54,0,2,3,2,0,7,0,0,0,0,0,10,10,3,0,23,11,10,7,0,28,2,0,4,3,410,360,19,31,1.0,0.816,0,0,0,0,0,0,1,3,3154,0,446,754,0,446,1200,0,0,1200,0,0,0,0,0,1.6878,1.1897,1.8738,2.0,1.0,2709,0,-,2709,45,39,0,0,0,0,0,0,0,0,0,0,4,4,2,1,0,0,0,0,0,0,0,0,0,0,0,0,0,0,0,0,0,0,0,3.74,3.74,0.7,0.17,0.81,0.81,0.56,0.07,21,5,6,8,7,0,0,1,4,0,0.9723,0.7759,0.9047,1.9431,1.5199,0.0,0.3026,0.5613,0.7711,0.0,1.635
2026020007,2026-09-30,Avalanche,Kings,Home,RW,1,1,3.6569,2.9699,2.6953,1.7988,Mackenzie Blackwood,Darcy Kuemper,CG,CG,0,0,0,0,0,0,0,0,1,0,0,0,0,0,0,10,10,9,0,29,13,12,6,0,31,15,20,17,0,52,24,25,11,0,60,39,0,2,4,2,0,8,1,2,1,0,4,7,8,4,0,19,5,7,5,0,17,4,0,5,4,395,480,27,21,0.871,0.724,0,0,0,0,0,0,0,4,3043,0,557,643,0,557,1200,0,0,1200,0,0,0,0,0,1.5071,1.1072,1.4692,1.945,1.0,2522,0,-,2522,52,19,0,0,31,0,0,0,0,0,0,0,4,4,4,0,1,2,0,2,0,0,0,0,0,0,0,0,0,0,0,0,0,0,0,2.73,2.73,0.85,0.0,1.89,1.89,0.76,0.09,11,18,2,5,4,0,8,8,2,0,0.8092,0.8847,0.9683,1.4602,1.2284,0.0,1.2047,1.2985,0.4667,0.0,2.9699
2026020007,2026-09-30,Kings,Avalanche,Away,RL,1,1,2.9699,3.6569,1.7988,2.6953,Darcy Kuemper,Mackenzie Blackwood,CG,CG,0,0,0,0,0,0,0,0,0,0,0,0,0,0,0,13,12,6,0,31,10,10,9,0,29,24,25,11,0,60,15,20,17,0,52,46,0,1,2,1,0,4,2,4,2,0,8,5,7,5,0,17,7,8,4,0,19,0,4,4,5,480,395,21,27,0.724,0.871,0,0,0,0,0,0,4,0,0,3043,557,0,643,557,0,1200,0,0,1200,0,0,0,0,0.4929,0.8928,0.5307,0.055,1.0,2522,0,-,2522,19,52,0,0,0,31,0,0,0,0,0,0,1,2,0,2,4,4,4,0,0,0,0,0,0,0,0,0,0,0,0,0,0,0,0,1.89,1.89,0.76,0.09,2.73,2.73,0.85,0.0,18,11,8,8,2,0,2,5,4,0,0.8847,0.8092,1.2047,1.2985,0.4667,0.0,0.9683,1.4602,1.2284,0.0,3.6569
2026020008,2026-09-30,Maple Leafs,Islanders,Home,RW,2,1,2.7061,2.6343,1.2484,1.7279,Anthony Stolarz,Ilya Sorokin,CG,CG,1,0,0,0,0,0,0,0,1,0,0,0,0,0,0,10,12,4,0,26,11,8,8,0,27,20,22,17,0,59,20,14,23,0,57,35,0,2,0,0,0,2,0,0,1,0,1,9,5,5,0,19,11,7,6,0,24,1,0,4,4,474,480,26,24,0.963,0.923,0,0,0,0,5,0,1,1,3166,0,434,766,0,434,1200,0,0,1200,0,0,0,0,0,1.3871,1.2489,1.5,1.4123,1.0,2414,0,-,2414,66,157,0,0,0,0,0,0,0,0,0,0,1,1,1,0,0,0,0,1,0,0,0,0,0,0,0,0,0,0,0,0,0,0,0,1.9,1.9,1.08,0.0,1.88,1.88,0.7,0.21,12,15,6,4,2,0,2,7,6,0,1.0288,0.5146,1.2902,0.7129,0.703,0.0,0.4734,0.8769,1.284,0.0,2.6343
2026020008,2026-09-30,Islanders,Maple Leafs,Away,RL,1,2,2.6343,2.7061,1.7279,1.2484,Ilya Sorokin,Anthony Stolarz,CG,CG,0,0,0,0,1,0,0,0,0,0,0,0,0,0,0,11,8,8,0,27,10,12,4,0,26,20,14,23,0,57,20,22,17,0,59,45,0,0,0,1,0,1,2,0,0,0,2,11,7,6,0,24,9,5,5,0,19,0,1,4,4,480,474,24,26,0.923,0.963,0,0,0,0,0,5,1,1,0,3166,434,0,766,434,0,1200,0,0,1200,0,0,0,0,0.6129,0.7511,0.5,0.5877,1.0,2414,0,-,2414,157,66,0,0,0,0,0,0,0,0,0,0,0,0,0,1,1,1,1,0,0,0,0,0,0,0,0,0,0,0,0,0,0,0,0,1.88,1.88,0.7,0.21,1.9,1.9,1.08,0.0,15,12,2,7,6,0,6,4,2,0,0.5146,1.0288,0.4734,0.8769,1.284,0.0,1.2902,0.7129,0.703,0.0,2.4849
2026020009,2026-10-01,Devils,Flyers,Home,OTW,1,2,3.7939,1.7218,2.8139,0.9752,Jake Allen,Joseph Woll,CG,CG,0,0,0,0,1,0,0,0,0,0,0,0,1,0,0,14,16,11,3,44,6,8,8,3,25,21,24,23,4,72,20,22,19,3,64,58,0,0,1,1,1,3,1,0,1,0,2,8,5,4,1,18,6,7,11,0,24,0,0,4,1,480,120,23,41,0.92,0.932,0,0,0,0,0,0,2,0,0,1857,1946,0,528,672,0,1078,122,0,251,949,0,0,203,0.9023,0.912,0.8203,0.9582,1.0,3154,0,-,2951,18,31,0,0,0,0,0,0,0,0,0,203,2,3,0,0,1,2,0,0,0,0,0,0,0,0,0,0,0,0,0,0,0,0,0,3.27,3.61,0.6,0.05,1.39,1.83,0.28,0.0,20,9,5,9,5,1,2,4,2,1,0.4984,0.06,0.8809,1.5246,0.9198,0.4686,0.3627,0.5354,0.32,0.5037,1.7218
2026020009,2026-10-01,Flyers,Devils,Away,OTL,2,1,1.7218,3.7939,0.9752,2.8139,Joseph Woll,Jake Allen,CG,CG,1,0,0,0,0,0,0,0,1,1,0,0,0,0,0,6,8,8,3,25,14,16,11,3,44,20,22,19,3,64,21,24,23,4,72,49,0,1,0,1,0,2,0,1,1,1,3,6,7,11,0,24,8,5,4,1,18,0,0,1,4,120,480,41,23,0.932,0.92,0,0,0,0,0,0,0,2,1857,0,1946,528,0,672,1078,0,122,251,0,949,0,0,203,1.0977,1.088,1.1797,1.0418,1.0,3154,0,-,2951,31,18,0,0,0,0,0,0,0,0,0,203,1,2,0,0,2,3,0,0,0,0,0,0,0,0,0,0,0,0,0,0,0,0,0,1.39,1.83,0.28,0.0,3.27,3.61,0.6,0.05,9,20,2,4,2,1,5,9,5,1,0.06,0.4984,0.3627,0.5354,0.32,0.5037,0.8809,1.5246,0.9198,0.4686,3.7939
2026020010,2026-10-01,Rangers,Lightning,Home,RW,2,1,3.8881,2.8853,1.9402,1.6416,Igor Shesterkin,Andrei Vasilevskiy,CG,CG,0,0,0,0,0,0,0,0,1,0,0,0,0,0,0,7,11,7,0,25,9,10,6,0,25,17,21,21,0,59,22,20,15,0,57,43,0,2,2,1,0,5,0,1,0,0,1,8,9,5,0,22,10,10,9,0,29,1,0,2,7,153,774,24,20,0.96,0.8,1,0,0,0,9,0,3,1,3266,0,334,866,0,334,1200,0,0,1200,0,0,0,0,0,1.6797,1.2816,1.7575,2.0,1.0,2402,0,-,2290,77,154,0,0,0,0,0,0,0,45,112,0,3,3,1,0,1,1,0,0,0,0,0,0,0,0,0,0,0,0,0,0,0,0,0,2.52,2.81,0.2,0.0,2.92,3.09,1.6,0.0,14,15,3,8,3,0,6,6,3,0,0.3461,0.6139,0.5985,1.6271,1.6625,0.0,1.0004,0.9646,0.9203,0.0,2.8853
2026020010,2026-10-01,Lightning,Rangers,Away,RL,1,2,2.8853,3.8881,1.6416,1.9402,Andrei Vasilevskiy,Igor Shesterkin,CG,CG,0,0,0,0,0,0,0,0,0,0,0,0,0,0,0,9,10,6,0,25,7,11,7,0,25,22,20,15,0,57,17,21,21,0,59,39,0,0,1,0,0,1,2,2,1,0,5,10,10,9,0,29,8,9,5,0,22,0,1,7,2,774,153,20,24,0.8,0.96,0,1,0,0,0,9,1,3,0,3266,334,0,866,334,0,1200,0,0,1200,0,0,0,0,0.3203,0.7184,0.2425,0.0,1.0,2402,0,-,2290,154,77,0,0,0,0,0,0,45,0,112,0,1,1,0,0,3,3,1,0,0,0,0,0,0,0,0,0,0,0,0,0,0,0,0,2.92,3.09,1.6,0.0,2.52,2.81,0.2,0.0,15,14,6,6,3,0,3,8,3,0,0.6139,0.3461,1.0004,0.9646,0.9203,0.0,0.5985,1.6271,1.6625,0.0,2.6518
2026020011,2026-10-01,Blue Jackets,Sabres,Home,RW,1,1,2.4029,2.7186,1.3842,1.7475,Jet Greaves,Ukko-Pekka Luukkonen,CG,CG,0,0,0,0,0,0,0,0,0,0,0,0,1,0,0,8,6,8,0,22,6,13,7,0,26,18,18,9,0,45,17,19,11,0,47,33,0,3,1,2,0,6,1,2,0,0,3,11,8,6,0,25,12,5,3,0,20,2,0,3,5,208,395,23,16,0.885,0.727,1,0,0,0,1,0,0,4,2522,330,748,122,330,748,1200,0,0,1200,0,0,0,0,0,1.2085,0.9843,1.3035,1.3377,1.0,2705,0,-,2664,24,65,0,0,0,108,0,0,0,0,41,0,3,3,2,0,2,3,0,0,0,0,0,0,0,0,0,0,0,0,0,0,0,0,0,1.64,1.7,0.43,0.04,1.77,1.82,0.68,0.12,9,9,4,2,3,0,3,4,2,0,0.4773,0.4784,0.8786,0.4973,1.027,0.0,0.5523,1.6011,0.5652,0.0,2.7186
2026020011,2026-10-01,Sabres,Blue Jackets,Away,RL,1,1,2.7186,2.4029,1.7475,1.3842,Ukko-Pekka Luukkonen,Jet Greaves,CG,CG,0,0,0,0,0,0,0,0,1,1,0,0,0,0,0,6,13,7,0,26,8,6,8,0,22,17,19,11,0,47,18,18,9,0,45,34,0,1,2,0,0,3,3,1,2,0,6,12,5,3,0,20,11,8,6,0,25,0,2,5,3,395,208,16,23,0.727,0.885,0,1,0,0,0,1,4,0,330,2522,748,330,122,748,0,1200,0,0,1200,0,0,0,0,0.7915,1.0157,0.6965,0.6623,1.0,2705,0,-,2664,65,24,0,0,108,0,0,0,0,0,41,0,2,3,0,0,3,3,2,0,0,0,0,0,0,0,0,0,0,0,0,0,0,0,0,1.77,1.82,0.68,0.12,1.64,1.7,0.43,0.04,9,9,3,4,2,0,4,2,3,0,0.4784,0.4773,0.5523,1.6011,0.5652,0.0,0.8786,0.4973,1.027,0.0,1.9438
2026020012,2026-10-01,Predators,Wild,Home,RL,1,1,1.6466,3.0362,1.0067,2.1374,Juuse Saros,Jesper Wallstedt,CG,CG,0,0,0,0,0,0,0,0,0,0,0,0,0,0,0,6,7,7,0,20,9,9,12,0,30,20,14,14,0,48,21,20,20,0,61,34,0,0,1,0,0,1,2,0,1,0,3,12,5,9,0,26,8,6,6,0,20,0,1,4,4,480,421,27,19,0.9,0.95,0,0,0,0,1,2,2,5,0,3025,575,0,625,575,0,1200,0,0,1200,0,0,0,0,0.6775,0.8028,0.6592,0.5705,1.0,2511,0,-,2511,94,127,0,0,0,33,0,0,0,3,0,0,1,1,0,0,2,2,1,0,0,0,0,0,0,0,0,0,0,0,0,0,0,0,0,1.17,1.17,0.67,0.01,2.68,2.68,1.0,0.15,7,14,3,2,2,0,5,6,3,0,0.6088,0.7628,0.5857,0.4521,0.6088,0.0,1.029,1.0752,0.932,0.0,3.0362
2026020012,2026-10-01,Wild,Predators,Away,RW,1,1,3.0362,1.6466,2.1374,1.0067,Jesper Wallstedt,Juuse Saros,CG,CG,0,0,0,0,0,0,0,0,1,0,0,0,0,0,0,9,9,12,0,30,6,7,7,0,20,21,20,20,0,61,20,14,14,0,48,45,0,2,0,1,0,3,0,1,0,0,1,8,6,6,0,20,12,5,9,0,26,1,0,4,4,421,480,19,27,0.95,0.9,0,0,0,0,2,1,5,2,3025,0,575,625,0,575,1200,0,0,1200,0,0,0,0,0,1.3225,1.1972,1.3407,1.4295,1.0,2511,0,-,2511,127,94,0,0,33,0,0,0,3,0,0,0,2,2,1,0,1,1,0,0,0,0,0,0,0,0,0,0,0,0,0,0,0,0,0,2.68,2.68,1.0,0.15,1.17,1.17,0.67,0.01,14,7,5,6,3,0,3,2,2,0,0.7628,0.6088,1.029,1.0752,0.932,0.0,0.5857,0.4521,0.6088,0.0,1.6466
2026020013,2026-10-01,Mammoth,Blackhawks,Home,RW,1,2,3.7064,1.5883,3.1135,1.2343,Karel Vejmelka,Arvid Soderblom,CG,CG,0,0,0,0,0,0,0,0,1,0,0,0,0,0,0,13,13,6,0,32,7,2,6,0,15,23,29,13,0,65,16,13,13,0,42,59,0,2,3,1,0,6,0,0,0,0,0,17,13,12,0,42,5,4,3,0,12,2,0,3,3,174,332,15,26,1.0,0.812,0,0,0,0,0,0,1,4,2599,0,1001,199,0,1001,1200,0,0,1200,0,0,0,0,0,1.6094,1.0729,1.7554,2.0,1.0,2920,0,-,2920,11,22,0,0,0,0,0,0,6,0,0,0,4,4,2,0,0,0,0,0,0,0,0,0,0,0,0,0,0,0,0,0,0,0,0,4.08,4.08,0.36,0.09,1.6,1.6,0.15,0.13,17,7,6,9,2,0,2,0,5,0,0.3603,0.1917,1.5408,1.6836,0.482,0.0,0.4708,0.4326,0.6849,0.0,1.5883
2026020013,2026-10-01,Blackhawks,Mammoth,Away,RL,2,1,1.5883,3.7064,1.2343,3.1135,Arvid Soderblom,Karel Vejmelka,CG,CG,0,0,0,0,0,0,0,0,0,0,0,0,0,0,0,7,2,6,0,15,13,13,6,0,32,16,13,13,0,42,23,29,13,0,65,38,0,0,0,0,0,0,2,3,1,0,6,5,4,3,0,12,17,13,12,0,42,0,2,3,3,332,174,26,15,0.812,1.0,0,0,0,0,0,0,4,1,0,2599,1001,0,199,1001,0,1200,0,0,1200,0,0,0,0,0.3906,0.9271,0.2446,0.0,1.0,2920,0,-,2920,22,11,0,0,0,0,0,0,0,6,0,0,0,0,0,0,4,4,2,0,0,0,0,0,0,0,0,0,0,0,0,0,0,0,0,1.6,1.6,0.15,0.13,4.08,4.08,0.36,0.09,7,17,2,0,5,0,6,9,2,0,0.1917,0.3603,0.4708,0.4326,0.6849,0.0,1.5408,1.6836,0.482,0.0,3.7064
2026020014,2026-10-01,Flames,Kraken,Home,RL,1,1,2.4954,4.0613,2.2195,2.7559,Dustin Wolf,Joey Daccord,CG,CG,0,0,0,0,0,0,0,0,0,0,0,0,0,0,0,6,8,11,0,25,6,12,14,0,32,18,17,20,0,55,16,21,31,0,68,46,0,0,0,1,0,1,3,0,3,0,6,9,9,6,0,24,12,2,6,0,20,0,1,1,5,120,486,26,24,0.812,0.96,0,0,0,0,0,0,1,2,0,3050,550,0,650,550,0,1200,0,0,1200,0,0,0,0,0.2416,0.7247,0.0,0.0,1.0,2925,0,-,2875,24,41,0,57,0,0,0,0,0,0,50,0,1,1,0,0,5,5,1,0,0,0,0,0,0,0,0,0,0,0,0,0,0,0,0,2.23,2.28,0.07,0.17,3.76,3.8,0.93,0.0,13,19,6,5,2,0,1,7,11,0,0.0756,0.8722,1.0147,0.741,0.7397,0.0,0.5108,1.7891,1.7614,0.0,4.0613
2026020014,2026-10-01,Kraken,Flames,Away,RW,1,1,4.0613,2.4954,2.7559,2.2195,Joey Daccord,Dustin Wolf,CG,CG,0,0,0,0,0,0,0,0,1,0,0,0,0,0,0,6,12,14,0,32,6,8,11,0,25,16,21,31,0,68,18,17,20,0,55,57,0,3,0,3,0,6,0,0,1,0,1,12,2,6,0,20,9,9,6,0,24,1,0,5,1,486,120,24,26,0.96,0.812,0,0,0,0,0,0,2,1,3050,0,550,650,0,550,1200,0,0,1200,0,0,0,0,0,1.7584,1.2753,2.0,2.0,1.0,2925,0,-,2875,41,24,57,0,0,0,0,0,0,0,50,0,5,5,1,0,1,1,0,0,0,0,0,0,0,0,0,0,0,0,0,0,0,0,0,3.76,3.8,0.93,0.0,2.23,2.28,0.07,0.17,19,13,1,7,11,0,6,5,2,0,0.8722,0.0756,0.5108,1.7891,1.7614,0.0,1.0147,0.741,0.7397,0.0,2.4954
2026020015,2026-10-01,Canucks,Oilers,Home,RL,2,2,2.5313,3.7126,2.1288,2.0424,Kevin Lankinen,Devon Levi,IG,CG,0,0,0,0,0,0,0,0,0,0,0,0,0,0,0,2,8,12,0,22,15,9,8,0,32,10,17,18,0,45,27,12,23,0,62,34,0,0,3,4,0,7,4,4,1,0,9,9,12,7,0,28,8,5,7,0,20,1,2,3,5,311,408,23,15,0.719,0.682,0,0,0,0,0,2,1,1,0,3034,566,0,634,566,0,1200,0,0,1200,0,0,0,0,0.2536,0.6783,0.0,0.0825,1.0,2656,0,-,2656,120,35,0,0,0,0,0,0,0,0,0,0,6,6,1,0,5,5,2,2,0,0,0,0,0,0,0,0,0,0,0,0,0,0,0,2.55,2.55,0.44,0.0,3.47,3.47,1.19,0.16,16,13,1,5,10,0,5,6,2,0,0.2352,1.3087,0.1189,0.6968,1.7156,0.0,1.6733,1.4352,0.6041,0.0,3.7126
2026020015,2026-10-01,Oilers,Canucks,Away,RW,2,2,3.7126,2.5313,2.0424,2.1288,Devon Levi,Kevin Lankinen,CG,IG,0,0,0,0,0,0,0,0,1,0,0,0,0,0,0,15,9,8,0,32,2,8,12,0,22,27,12,23,0,62,10,17,18,0,45,42,0,4,4,1,0,9,0,3,4,0,7,8,5,7,0,20,9,12,7,0,28,2,1,5,3,408,311,15,23,0.682,0.719,0,0,0,0,2,0,1,1,3034,0,566,634,0,566,1200,0,0,1200,0,0,0,0,0,1.7464,1.3217,2.0,1.9175,1.0,2656,0,-,2656,35,120,0,0,0,0,0,0,0,0,0,0,5,5,2,2,6,6,1,0,0,0,0,0,0,0,0,0,0,0,0,0,0,0,0,3.47,3.47,1.19,0.16,2.55,2.55,0.44,0.0,13,16,5,6,2,0,1,5,10,0,1.3087,0.2352,1.6733,1.4352,0.6041,0.0,0.1189,0.6968,1.7156,0.0,2.5313
2026020016,2026-10-01,Sharks,Panthers,Home,OTW,1,2,3.175,3.87,1.0849,1.6784,Yaroslav Askarov,Akira Schmid,CG,CG,0,0,0,0,0,0,0,0,1,0,0,0,0,0,0,11,8,7,6,32,6,11,9,0,26,23,20,17,9,69,16,27,18,1,62,44,0,1,2,0,1,4,0,1,2,0,3,11,7,6,0,24,18,12,11,0,41,1,1,4,6,348,627,23,28,0.885,0.875,0,0,0,0,0,0,2,5,1858,0,1936,340,0,860,1200,0,0,318,0,882,0,0,194,1.2406,1.0567,1.5757,1.1282,1.0,2696,0,-,2574,66,3,104,0,0,0,0,0,0,59,43,79,1,2,1,1,2,2,1,0,0,0,0,0,0,0,0,0,0,0,0,0,0,0,0,1.48,1.95,0.93,0.24,1.5,1.5,1.99,0.1,8,17,1,2,2,3,4,8,5,0,1.0277,2.1451,0.685,1.2701,0.517,0.7029,0.8415,1.898,1.1305,0.0,3.87
2026020016,2026-10-01,Panthers,Sharks,Away,OTL,2,1,3.87,3.175,1.6784,1.0849,Akira Schmid,Yaroslav Askarov,CG,CG,0,0,0,0,0,0,0,0,0,0,0,0,0,0,0,6,11,9,0,26,11,8,7,6,32,16,27,18,1,62,23,20,17,9,69,38,0,0,1,2,0,3,1,2,0,1,4,18,12,11,0,41,11,7,6,0,24,1,1,6,4,627,348,28,23,0.875,0.885,0,0,0,0,0,0,5,2,0,1858,1936,0,340,860,0,1200,0,0,318,882,0,0,194,0.7594,0.9433,0.4242,0.8717,1.0,2696,0,-,2574,3,66,0,104,0,0,0,0,59,0,43,79,2,2,1,0,1,2,1,1,0,0,0,0,0,0,0,0,0,0,0,0,0,0,0,1.5,1.5,1.99,0.1,1.48,1.95,0.93,0.24,17,8,4,8,5,0,1,2,2,3,2.1451,1.0277,0.8415,1.898,1.1305,0.0,0.685,1.2701,0.517,0.7029,3.175
2026020017,2026-10-02,Red Wings,Rangers,Home,RL,1,3,1.3688,3.0311,1.169,1.4257,John Gibson,Dylan Garand,CG,CG,0,0,0,0,1,1,0,0,0,0,0,0,0,0,0,11,9,2,0,22,8,7,6,0,21,17,12,12,0,41,16,14,17,0,47,33,0,0,0,0,0,0,1,0,1,0,2,16,6,7,0,29,6,12,8,0,26,0,1,2,4,240,461,19,22,0.905,1.0,0,1,0,0,0,2,1,1,0,3288,312,0,888,312,0,1200,0,0,1200,0,0,0,0,0.811,0.852,0.8,0.781,1.0,2740,0,-,2740,84,16,0,0,0,0,0,0,0,0,0,0,0,0,0,0,0,0,1,0,0,0,0,0,0,0,0,0,0,0,0,0,0,0,0,1.37,1.37,0.23,0.16,1.7,1.7,0.57,0.0,9,10,5,4,0,0,3,4,3,0,0.1965,0.5908,0.7615,0.536,0.0713,0.0,0.6687,0.7705,1.5919,0.0,2.0165
2026020017,2026-10-02,Rangers,Red Wings,Away,RW,3,1,3.0311,1.3688,1.4257,1.169,Dylan Garand,John Gibson,CG,CG,1,1,0,0,0,0,0,0,1,0,0,0,0,0,0,8,7,6,0,21,11,9,2,0,22,16,14,17,0,47,17,12,12,0,41,34,0,1,0,1,0,2,0,0,0,0,0,6,12,8,0,26,16,6,7,0,29,1,0,4,2,461,240,22,19,1.0,0.905,1,0,0,0,2,0,1,1,3288,0,312,888,0,312,1200,0,0,1200,0,0,0,0,0,1.189,1.148,1.2,1.219,1.0,2740,0,-,2740,16,84,0,0,0,0,0,0,0,0,0,0,0,0,1,0,0,0,0,0,0,0,0,0,0,0,0,0,0,0,0,0,0,0,0,1.7,1.7,0.57,0.0,1.37,1.37,0.23,0.16,10,9,3,4,3,0,5,4,0,0,0.5908,0.1965,0.6687,0.7705,1.5919,0.0,0.7615,0.536,0.0713,0.0,1.3688
2026020018,2026-10-02,Hurricanes,Capitals,Home,RL,2,1,3.6867,3.2852,1.7406,2.9528,Brandon Bussi,Logan Thompson,CG,CG,0,0,0,0,0,0,0,0,0,0,0,0,0,0,0,11,16,6,0,33,15,9,3,0,27,22,24,15,0,61,26,21,16,0,63,41,0,0,1,1,0,2,3,2,0,0,5,14,10,8,0,32,9,1,9,0,19,1,1,6,2,680,147,22,31,0.815,0.939,0,0,0,0,0,0,1,1,0,3207,393,0,807,393,0,1200,0,0,1200,0,0,0,0,0.1994,0.5983,0.0,0.0,1.0,2603,0,-,2453,26,91,0,0,0,0,0,0,0,0,150,0,1,1,1,0,4,4,1,0,0,0,0,0,0,0,0,0,0,0,0,0,0,0,0,1.98,2.05,1.48,0.08,3.08,3.2,0.18,0.03,15,12,3,8,4,0,9,2,1,0,1.8496,0.148,0.6109,2.3197,0.7561,0.0,2.3193,0.6044,0.3615,0.0,3.2852
2026020018,2026-10-02,Capitals,Hurricanes,Away,RW,1,2,3.2852,3.6867,2.9528,1.7406,Logan Thompson,Brandon Bussi,CG,CG,0,0,0,0,0,0,0,0,1,0,0,0,0,0,0,15,9,3,0,27,11,16,6,0,33,26,21,16,0,63,22,24,15,0,61,48,0,3,2,0,0,5,0,1,1,0,2,9,1,9,0,19,14,10,8,0,32,1,1,2,6,147,680,31,22,0.939,0.815,0,0,0,0,0,0,1,1,3207,0,393,807,0,393,1200,0,0,1200,0,0,0,0,0,1.8006,1.4017,2.0,2.0,1.0,2603,0,-,2453,91,26,0,0,0,0,0,0,0,0,150,0,4,4,1,0,1,1,1,0,0,0,0,0,0,0,0,0,0,0,0,0,0,0,0,3.08,3.2,0.18,0.03,1.98,2.05,1.48,0.08,12,15,9,2,1,0,3,8,4,0,0.148,1.8496,2.3193,0.6044,0.3615,0.0,0.6109,2.3197,0.7561,0.0,3.6867
2026020019,2026-10-02,Jets,Bruins,Home,OTL,1,2,3.854,2.9198,1.7799,2.2061,Stuart Skinner,Jeremy Swayman,CG,CG,0,0,0,0,0,0,0,0,1,1,0,0,0,0,0,12,12,8,1,33,9,8,12,1,30,25,26,21,5,77,19,23,22,3,67,55,0,1,2,0,0,3,2,0,1,1,4,9,3,5,0,17,15,5,6,0,26,1,0,3,2,256,240,26,30,0.867,0.909,0,0,0,0,1,0,2,3,1381,390,2030,271,280,649,8,110,1082,1102,0,98,0,0,201,1.0521,0.9985,0.983,1.1837,1.0,3086,0,-,2885,31,81,0,0,0,0,0,0,0,6,0,201,2,2,1,0,2,4,0,0,0,0,0,0,0,0,0,0,0,0,0,0,0,0,0,2.09,2.35,1.09,0.07,2.31,2.46,0.47,0.0,19,13,4,7,5,3,3,5,5,0,1.2999,0.2642,1.2255,1.2816,1.0903,0.2566,0.8556,0.8447,1.0162,0.2033,2.9198
2026020019,2026-10-02,Bruins,Jets,Away,OTW,2,1,2.9198,3.854,2.2061,1.7799,Jeremy Swayman,Stuart Skinner,CG,CG,0,0,0,0,0,0,0,0,0,0,0,0,1,0,0,9,8,12,1,30,12,12,8,1,33,19,23,22,3,67,25,26,21,5,77,52,0,2,0,1,1,4,1,2,0,0,3,15,5,6,0,26,9,3,5,0,17,0,1,2,3,240,256,30,26,0.909,0.867,0,0,0,0,0,1,3,2,390,1381,2030,280,271,649,110,8,1082,0,1102,98,0,0,201,0.9479,1.0015,1.017,0.8163,1.0,3086,0,-,2885,81,31,0,0,0,0,0,0,6,0,0,201,2,4,0,0,2,2,1,0,0,0,0,0,0,0,0,0,0,0,0,0,0,0,0,2.31,2.46,0.47,0.0,2.09,2.35,1.09,0.07,13,19,3,5,5,0,4,7,5,3,0.2642,1.2999,0.8556,0.8447,1.0162,0.2033,1.2255,1.2816,1.0903,0.2566,3.4452
2026020020,2026-10-02,Stars,Blues,Home,RL,1,1,2.7564,3.2967,1.3125,1.7131,Jake Oettinger,Joel Hofer,CG,CG,0,0,0,0,0,0,0,0,0,0,0,0,0,0,0,7,10,8,0,25,11,5,8,0,24,24,22,17,0,63,18,11,17,0,46,43,0,0,0,0,0,0,1,1,2,0,4,7,8,6,0,21,8,7,3,0,18,0,0,4,4,520,460,20,25,0.833,1.0,0,2,0,0,0,2,5,0,0,3506,94,0,1106,94,0,1200,0,0,1200,0,0,0,0,0.6508,0.8157,0.6962,0.4404,1.0,2377,0,-,2281,122,39,0,0,0,0,0,0,6,10,96,0,0,0,0,0,2,2,0,0,0,0,0,0,0,0,0,0,0,0,0,0,0,0,0,1.38,1.49,1.04,0.03,2.0,2.04,0.47,0.26,10,9,2,4,4,0,6,0,3,0,1.021,0.4449,0.6984,1.2638,0.7942,0.0,1.5091,0.1968,1.5908,0.0,2.2375
2026020020,2026-10-02,Blues,Stars,Away,RW,1,1,3.2967,2.7564,1.7131,1.3125,Joel Hofer,Jake Oettinger,CG,CG,0,0,0,0,0,0,0,0,1,0,0,0,0,0,0,11,5,8,0,24,7,10,8,0,25,18,11,17,0,46,24,22,17,0,63,30,0,1,1,2,0,4,0,0,0,0,0,8,7,3,0,18,7,8,6,0,21,0,0,4,4,460,520,25,20,1.0,0.833,2,0,0,0,2,0,0,5,3506,0,94,1106,0,94,1200,0,0,1200,0,0,0,0,0,1.3492,1.1843,1.3038,1.5596,1.0,2377,0,-,2281,39,122,0,0,0,0,0,0,10,6,96,0,2,2,0,0,0,0,0,0,0,0,0,0,0,0,0,0,0,0,0,0,0,0,0,2.0,2.04,0.47,0.26,1.38,1.49,1.04,0.03,9,10,6,0,3,0,2,4,4,0,0.4449,1.021,1.5091,0.1968,1.5908,0.0,0.6984,1.2638,0.7942,0.0,2.7564
2026020021,2026-10-02,Golden Knights,Ducks,Home,RL,2,1,3.2111,2.4608,2.2419,2.2041,Carter Hart,Lukas Dostal,CG,CG,0,0,0,0,0,0,0,0,0,0,0,0,0,0,0,8,9,13,0,30,7,7,6,0,20,14,21,25,0,60,15,20,18,0,53,49,0,0,0,3,0,3,1,3,0,0,4,6,11,1,0,18,11,6,8,0,25,1,0,3,2,284,195,16,27,0.8,0.9,0,0,0,0,0,2,0,3,0,2408,1192,0,8,1192,0,1200,0,0,1200,0,0,0,0,0.4911,0.9987,0.0849,0.3896,1.0,2881,0,-,2854,138,60,0,0,0,0,0,0,16,0,27,0,2,2,1,0,4,4,0,0,0,0,0,0,0,0,0,0,0,0,0,0,0,0,0,2.35,2.35,1.11,0.0,2.84,2.84,0.26,0.0,19,10,5,5,9,0,3,5,2,0,0.5582,0.2567,0.6864,0.8966,1.6281,0.0,0.4644,1.1526,0.8438,0.0,2.4608
2026020021,2026-10-02,Ducks,Golden Knights,Away,RW,1,2,2.4608,3.2111,2.2041,2.2419,Lukas Dostal,Carter Hart,CG,CG,0,0,0,0,0,0,0,0,1,0,0,0,0,0,0,7,7,6,0,20,8,9,13,0,30,15,20,18,0,53,14,21,25,0,60,46,0,1,3,0,0,4,0,0,3,0,3,11,6,8,0,25,6,11,1,0,18,0,1,2,3,195,284,27,16,0.9,0.8,0,0,0,0,2,0,3,0,2408,0,1192,8,0,1192,1200,0,0,1200,0,0,0,0,0,1.5089,1.0013,1.9151,1.6104,1.0,2881,0,-,2854,60,138,0,0,0,0,0,0,0,16,27,0,4,4,0,0,2,2,1,0,0,0,0,0,0,0,0,0,0,0,0,0,0,0,0,2.84,2.84,0.26,0.0,2.35,2.35,1.11,0.0,10,19,3,5,2,0,5,5,9,0,0.2567,0.5582,0.4644,1.1526,0.8438,0.0,0.6864,0.8966,1.6281,0.0,3.2111
2026020022,2026-10-03,Sabres,Blackhawks,Home,RW,2,3,4.1552,2.3403,3.5751,1.8823,Ukko-Pekka Luukkonen,Spencer Knight,CG,CG,0,0,0,0,0,0,0,0,0,0,0,0,1,1,0,13,8,7,0,28,5,4,6,0,15,25,18,16,0,59,15,12,16,0,43,51,0,1,1,2,0,4,2,1,0,0,3,16,7,6,0,29,5,9,4,0,18,0,0,3,2,247,127,12,24,0.8,0.857,0,0,0,0,1,0,2,1,400,1534,1666,0,721,479,0,443,757,400,370,430,0,0,0,0.912,0.8048,0.9262,1.005,1.0,3138,0,-,3044,3,61,0,0,0,0,0,0,0,0,94,0,3,4,0,0,3,3,0,0,0,0,0,0,0,0,0,0,0,0,0,0,0,0,0,3.55,3.92,0.2,0.0,2.05,2.05,0.02,0.3,17,7,8,4,5,0,1,4,2,0,0.1901,0.0,2.1853,0.8727,1.0972,0.0,0.6741,0.9054,0.7608,0.0,2.3403
2026020022,2026-10-03,Blackhawks,Sabres,Away,RL,3,2,2.3403,4.1552,1.8823,3.5751,Spencer Knight,Ukko-Pekka Luukkonen,CG,CG,0,0,0,0,0,0,0,0,1,1,1,0,0,0,0,5,4,6,0,15,13,8,7,0,28,15,12,16,0,43,25,18,16,0,59,39,0,2,1,0,0,3,1,1,2,0,4,5,9,4,0,18,16,7,6,0,29,0,0,2,3,127,247,24,12,0.857,0.8,0,0,0,0,0,1,1,2,1534,400,1666,721,0,479,443,0,757,370,400,430,0,0,0,1.088,1.1952,1.0738,0.995,1.0,3138,0,-,3044,61,3,0,0,0,0,0,0,0,0,94,0,3,3,0,0,3,4,0,0,0,0,0,0,0,0,0,0,0,0,0,0,0,0,0,2.05,2.05,0.02,0.3,3.55,3.92,0.2,0.0,7,17,1,4,2,0,8,4,5,0,0.0,0.1901,0.6741,0.9054,0.7608,0.0,2.1853,0.8727,1.0972,0.0,4.1552
2026020023,2026-10-03,Maple Leafs,Senators,Home,RL,3,1,3.1705,4.2521,1.9848,2.892,Sergei Bobrovsky,Linus Ullmark,CG,CG,0,0,0,0,0,0,0,0,0,1,0,0,0,0,0,10,14,5,0,29,9,4,16,0,29,18,23,17,0,58,18,13,34,0,65,43,0,0,2,0,0,2,1,1,1,0,3,5,8,5,0,18,14,10,5,0,29,1,0,4,4,386,480,26,27,0.897,0.931,0,0,0,0,0,3,6,3,334,716,2550,0,69,1131,334,33,833,0,614,586,0,0,0,0.9788,0.9885,1.0502,0.8977,1.0,2608,0,-,2483,72,54,0,0,0,0,0,0,0,0,125,0,1,1,1,0,3,3,0,0,0,0,0,0,0,0,0,0,0,0,0,0,0,0,0,2.43,2.46,0.87,0.07,2.48,2.66,1.14,0.02,21,15,9,9,3,0,3,4,8,0,0.9209,1.2596,0.6845,1.434,1.052,0.0,0.5769,1.267,2.4082,0.0,4.2521
2026020023,2026-10-03,Senators,Maple Leafs,Away,RW,1,3,4.2521,3.1705,2.892,1.9848,Linus Ullmark,Sergei Bobrovsky,CG,CG,0,0,0,0,0,0,0,0,1,0,0,0,1,0,0,9,4,16,0,29,10,14,5,0,29,18,13,34,0,65,18,23,17,0,58,40,0,1,1,1,0,3,0,2,0,0,2,14,10,5,0,29,5,8,5,0,18,0,1,4,4,480,386,27,26,0.931,0.897,0,0,0,0,3,0,3,6,716,334,2550,69,0,1131,33,334,833,614,0,586,0,0,0,1.0212,1.0115,0.9498,1.1023,1.0,2608,0,-,2483,54,72,0,0,0,0,0,0,0,0,125,0,3,3,0,0,1,1,1,0,0,0,0,0,0,0,0,0,0,0,0,0,0,0,0,2.48,2.66,1.14,0.02,2.43,2.46,0.87,0.07,15,21,3,4,8,0,9,9,3,0,1.2596,0.9209,0.5769,1.267,2.4082,0.0,0.6845,1.434,1.052,0.0,3.1705
2026020024,2026-10-03,Lightning,Capitals,Home,RW,2,2,4.4595,2.6068,2.4548,1.3261,Andrei Vasilevskiy,Charlie Lindgren,CG,CG,0,0,0,0,1,0,0,0,1,0,0,0,0,0,0,14,7,9,0,30,5,7,9,0,21,23,19,26,0,68,14,22,20,0,56,47,0,2,0,1,0,3,0,1,0,0,1,10,10,10,0,30,11,8,5,0,24,0,0,3,2,360,240,20,27,0.952,0.9,1,0,0,0,9,0,1,3,3454,0,146,1054,0,146,1200,0,0,1200,0,0,0,0,0,1.2551,1.2282,1.306,1.2313,1.0,2780,0,-,2549,11,168,0,0,0,0,0,0,0,0,231,0,2,2,0,0,1,1,0,0,0,0,0,0,0,0,0,0,0,0,0,0,0,0,0,2.7,2.87,0.74,0.0,1.4,1.52,0.88,0.03,14,8,7,5,2,0,1,2,5,0,0.7037,0.2203,1.6884,0.7933,1.9778,0.0,0.4495,0.6427,1.5146,0.0,2.6068
2026020024,2026-10-03,Capitals,Lightning,Away,RL,2,2,2.6068,4.4595,1.3261,2.4548,Charlie Lindgren,Andrei Vasilevskiy,CG,CG,1,0,0,0,0,0,0,0,0,0,0,0,0,0,0,5,7,9,0,21,14,7,9,0,30,14,22,20,0,56,23,19,26,0,68,39,0,0,1,0,0,1,2,0,1,0,3,11,8,5,0,24,10,10,10,0,30,0,0,2,3,240,360,27,20,0.9,0.952,0,1,0,0,0,9,3,1,0,3454,146,0,1054,146,0,1200,0,0,1200,0,0,0,0,0.7449,0.7718,0.694,0.7688,1.0,2780,0,-,2549,168,11,0,0,0,0,0,0,0,0,231,0,1,1,0,0,2,2,0,0,0,0,0,0,0,0,0,0,0,0,0,0,0,0,0,1.4,1.52,0.88,0.03,2.7,2.87,0.74,0.0,8,14,1,2,5,0,7,5,2,0,0.2203,0.7037,0.4495,0.6427,1.5146,0.0,1.6884,0.7933,1.9778,0.0,3.2734
2026020025,2026-10-03,Flyers,Hurricanes,Home,OTL,3,3,2.6376,4.3313,1.7285,3.3232,Joseph Woll,Pyotr Kochetkov,CG,CG,0,1,0,0,1,0,0,0,0,1,0,0,0,0,0,6,6,5,1,18,13,17,9,1,40,14,11,18,3,46,23,31,20,2,76,37,0,1,1,0,0,2,1,0,1,1,3,13,9,7,0,29,5,5,3,0,13,0,2,4,4,430,340,37,16,0.925,0.889,0,0,0,0,0,0,2,4,1059,473,2239,0,473,727,760,0,440,299,0,901,0,0,171,1.0311,0.9212,1.1267,1.0498,1.0,2879,0,-,2832,19,5,93,76,0,0,0,0,0,37,47,0,2,2,0,0,1,1,2,0,0,0,0,0,0,0,0,0,0,0,0,0,0,0,0,1.69,1.69,0.85,0.0,3.61,3.61,0.68,0.19,14,15,5,1,6,2,4,8,3,0,0.5354,0.6476,0.7237,0.5442,0.996,0.3737,0.8496,2.4689,0.7669,0.2459,4.3313
2026020025,2026-10-03,Hurricanes,Flyers,Away,OTW,3,3,4.3313,2.6376,3.3232,1.7285,Pyotr Kochetkov,Joseph Woll,CG,CG,1,0,0,0,0,1,0,0,1,0,0,0,1,0,0,13,17,9,1,40,6,6,5,1,18,23,31,20,2,76,14,11,18,3,46,58,0,1,0,1,1,3,1,1,0,0,2,5,5,3,0,13,13,9,7,0,29,2,0,4,4,340,430,16,37,0.889,0.925,0,0,0,0,0,0,4,2,473,1059,2239,473,0,727,0,760,440,0,299,901,0,0,171,0.9689,1.0788,0.8733,0.9502,1.0,2879,0,-,2832,5,19,76,93,0,0,0,0,37,0,47,0,1,1,2,0,2,2,0,0,0,0,0,0,0,0,0,0,0,0,0,0,0,0,0,3.61,3.61,0.68,0.19,1.69,1.69,0.85,0.0,15,14,4,8,3,0,5,1,6,2,0.6476,0.5354,0.8496,2.4689,0.7669,0.2459,0.7237,0.5442,0.996,0.3737,2.6376
2026020026,2026-10-03,Penguins,Canadiens,Home,OTW,2,2,3.0913,3.1533,1.5716,2.1868,Arturs Silovs,Jakub Dobes,CG,CG,0,0,0,0,0,0,0,0,0,0,0,0,1,0,0,9,15,5,1,30,8,7,10,0,25,21,23,17,1,62,18,17,22,2,59,44,0,1,4,0,1,6,1,1,3,0,5,7,2,0,0,9,9,15,4,0,28,2,0,4,2,307,240,20,24,0.8,0.8,0,0,0,0,4,0,1,3,2324,618,751,0,618,582,1168,0,32,1156,0,44,0,0,93,1.3201,0.897,1.5245,1.5636,1.0,2995,0,-,2657,2,97,0,0,0,0,0,0,0,95,245,93,3,4,2,0,2,5,0,0,0,0,0,0,0,0,0,0,0,0,0,0,0,0,0,1.93,2.02,0.81,0.16,1.99,2.24,0.51,0.0,16,12,4,8,3,1,3,4,4,1,0.7206,0.0857,0.9353,1.1324,0.9196,0.104,0.8836,0.7862,1.2956,0.1879,3.1533
2026020026,2026-10-03,Canadiens,Penguins,Away,OTL,2,2,3.1533,3.0913,2.1868,1.5716,Jakub Dobes,Arturs Silovs,CG,CG,0,0,0,0,0,0,0,0,1,1,0,0,0,0,0,8,7,10,0,25,9,15,5,1,30,18,17,22,2,59,21,23,17,1,62,41,0,1,1,3,0,5,1,4,0,1,6,9,15,4,0,28,7,2,0,0,9,0,2,2,4,240,307,24,20,0.8,0.8,0,0,0,0,0,4,3,1,618,2324,751,618,0,582,0,1168,32,0,1156,44,0,0,93,0.6799,1.103,0.4755,0.4364,1.0,2995,0,-,2657,97,2,0,0,0,0,0,0,95,0,245,93,2,5,0,0,3,4,2,0,0,0,0,0,0,0,0,0,0,0,0,0,0,0,0,1.99,2.24,0.51,0.0,1.93,2.02,0.81,0.16,12,16,3,4,4,1,4,8,3,1,0.0857,0.7206,0.8836,0.7862,1.2956,0.1879,0.9353,1.1324,0.9196,0.104,2.5669
2026020027,2026-10-03,Blue Jackets,Mammoth,Home,RL,2,2,2.6537,3.0951,2.3953,1.7218,Jet Greaves,Sebastian Cossa,CG,CG,0,0,0,0,0,0,0,0,0,0,0,0,0,0,0,4,7,7,0,18,13,7,11,0,31,17,19,21,0,57,26,18,22,0,66,48,0,0,1,0,0,1,2,0,2,0,4,8,9,4,0,21,8,10,8,0,26,0,3,2,4,240,256,27,17,0.871,0.944,0,0,0,0,0,0,1,4,0,2885,715,0,485,715,0,1200,0,0,1200,0,0,0,0,0.6965,0.8669,0.7775,0.4452,1.0,3019,0,-,3019,47,13,0,0,0,0,0,0,0,0,0,0,1,1,0,0,1,1,3,0,0,0,0,0,0,0,0,0,0,0,0,0,0,0,0,2.64,2.64,0.2,0.0,2.48,2.48,1.1,0.13,12,13,2,4,6,0,3,3,7,0,0.2584,1.2049,0.1282,1.1396,1.3859,0.0,0.9092,0.8133,1.3726,0.0,3.0951
2026020027,2026-10-03,Mammoth,Blue Jackets,Away,RW,2,2,3.0951,2.6537,1.7218,2.3953,Sebastian Cossa,Jet Greaves,CG,CG,0,0,0,0,0,0,0,0,1,0,0,0,0,0,0,13,7,11,0,31,4,7,7,0,18,26,18,22,0,66,17,19,21,0,57,54,0,2,0,2,0,4,0,1,0,0,1,8,10,8,0,26,8,9,4,0,21,3,0,4,2,256,240,17,27,0.944,0.871,0,0,0,0,0,0,4,1,2885,0,715,485,0,715,1200,0,0,1200,0,0,0,0,0,1.3035,1.1331,1.2225,1.5548,1.0,3019,0,-,3019,13,47,0,0,0,0,0,0,0,0,0,0,1,1,3,0,1,1,0,0,0,0,0,0,0,0,0,0,0,0,0,0,0,0,0,2.48,2.48,1.1,0.13,2.64,2.64,0.2,0.0,13,12,3,3,7,0,2,4,6,0,1.2049,0.2584,0.9092,0.8133,1.3726,0.0,0.1282,1.1396,1.3859,0.0,2.6537
2026020028,2026-10-03,Oilers,Kraken,Home,RW,3,2,3.5539,1.6501,2.1615,1.3471,Devon Levi,Philipp Grubauer,CG,CG,0,0,0,0,0,0,0,0,1,0,0,0,0,0,0,10,4,11,0,25,5,11,4,0,20,17,16,19,0,52,14,20,13,0,47,37,0,1,0,2,0,3,0,1,0,0,1,8,14,9,0,31,8,6,4,0,18,0,1,3,2,360,224,19,22,0.95,0.88,1,0,0,0,2,0,2,2,1722,0,1878,1029,0,171,546,0,654,147,0,1053,0,0,0,1.1011,1.1715,1.091,1.0408,1.0,2853,0,-,2718,43,58,36,0,0,0,0,0,0,0,135,0,2,2,0,0,0,0,1,0,0,0,0,0,0,0,0,0,0,0,0,0,0,0,0,2.42,2.49,0.86,0.02,1.41,1.41,0.22,0.02,13,7,6,1,6,0,1,5,1,0,0.4749,0.2903,1.4057,0.3298,1.8184,0.0,0.1198,1.2197,0.3106,0.0,1.6501
2026020028,2026-10-03,Kraken,Oilers,Away,RL,2,3,1.6501,3.5539,1.3471,2.1615,Philipp Grubauer,Devon Levi,CG,CG,0,0,0,0,0,0,0,0,0,0,0,0,0,0,0,5,11,4,0,20,10,4,11,0,25,14,20,13,0,47,17,16,19,0,52,38,0,0,1,0,0,1,1,0,2,0,3,8,6,4,0,18,8,14,9,0,31,1,0,2,3,224,360,22,19,0.88,0.95,0,1,0,0,0,2,2,2,0,1722,1878,0,1029,171,0,546,654,0,147,1053,0,0,0,0.8989,0.8285,0.909,0.9592,1.0,2853,0,-,2718,58,43,0,36,0,0,0,0,0,0,135,0,0,0,1,0,2,2,0,0,0,0,0,0,0,0,0,0,0,0,0,0,0,0,0,1.41,1.41,0.22,0.02,2.42,2.49,0.86,0.02,7,13,1,5,1,0,6,1,6,0,0.2903,0.4749,0.1198,1.2197,0.3106,0.0,1.4057,0.3298,1.8184,0.0,3.1526
2026020029,2026-10-03,Islanders,Devils,Home,RW,2,2,3.2754,3.6846,2.1289,3.113,Ilya Sorokin,Nico Daws,CG,CG,0,0,0,0,0,0,0,0,1,0,0,0,0,0,0,9,12,11,0,32,7,19,11,0,37,18,20,19,0,57,11,32,22,0,65,38,0,0,3,3,0,6,0,0,0,0,0,12,10,3,0,25,5,5,5,0,15,1,0,3,5,285,600,37,26,1.0,0.812,0,0,0,0,1,0,3,3,2188,0,1412,0,0,1200,988,0,212,1200,0,0,0,0,0,1.5288,1.0,1.5863,2.0,1.0,2612,0,-,2612,36,17,0,0,0,0,0,0,0,0,0,0,4,4,1,1,0,0,0,0,0,0,0,0,0,0,0,0,0,0,0,0,0,0,0,3.11,3.11,0.67,0.44,2.87,2.87,0.46,0.04,18,19,4,7,7,0,3,8,8,0,0.5996,0.5623,0.8276,1.2912,1.1566,0.0,0.3985,2.0847,1.2014,0.0,3.6846
2026020029,2026-10-03,Devils,Islanders,Away,RL,2,2,3.6846,3.2754,3.113,2.1289,Nico Daws,Ilya Sorokin,CG,CG,0,0,0,0,0,0,0,0,0,0,0,0,0,0,0,7,19,11,0,37,9,12,11,0,32,11,32,22,0,65,18,20,19,0,57,55,0,0,0,0,0,0,0,3,3,0,6,5,5,5,0,15,12,10,3,0,25,0,1,5,3,600,285,26,37,0.812,1.0,0,0,0,0,0,1,3,3,0,2188,1412,0,0,1200,0,988,212,0,1200,0,0,0,0,0.4712,1.0,0.4137,0.0,1.0,2612,0,-,2612,17,36,0,0,0,0,0,0,0,0,0,0,0,0,0,0,4,4,1,1,0,0,0,0,0,0,0,0,0,0,0,0,0,0,0,2.87,2.87,0.46,0.04,3.11,3.11,0.67,0.44,19,18,3,8,8,0,4,7,7,0,0.5623,0.5996,0.3985,2.0847,1.2014,0.0,0.8276,1.2912,1.1566,0.0,3.2754
2026020030,2026-10-03,Predators,Stars,Home,RW,2,2,2.1027,2.0886,1.7857,1.6125,Juuse Saros,Casey DeSmith,CG,CG,0,0,0,0,1,0,0,0,0,0,0,0,1,0,0,15,5,6,0,26,9,9,12,0,30,19,17,21,0,57,20,15,25,0,60,52,0,2,0,0,0,2,1,0,0,0,1,9,7,5,0,21,13,11,5,0,29,2,0,3,1,306,120,29,24,0.967,0.923,0,0,0,0,1,0,0,0,2651,239,710,251,239,710,1200,0,0,1200,0,0,0,0,0,1.134,1.002,1.2,1.2,1.0,2965,0,-,2965,9,183,0,0,0,0,0,0,0,0,0,0,0,0,2,0,1,1,0,0,0,0,0,0,0,0,0,0,0,0,0,0,0,0,0,2.32,2.32,0.26,0.0,1.92,1.92,0.34,0.01,15,14,10,4,1,0,4,5,5,0,0.317,0.4668,1.2929,0.4155,0.3943,0.0,0.5815,0.7644,0.7427,0.0,2.0886
2026020030,2026-10-03,Stars,Predators,Away,RL,2,2,2.0886,2.1027,1.6125,1.7857,Casey DeSmith,Juuse Saros,CG,CG,1,0,0,0,0,0,0,0,1,1,0,0,0,0,0,9,9,12,0,30,15,5,6,0,26,20,15,25,0,60,19,17,21,0,57,51,0,1,0,0,0,1,2,0,0,0,2,13,11,5,0,29,9,7,5,0,21,0,2,1,3,120,306,24,29,0.923,0.967,0,0,0,0,0,1,0,0,239,2651,710,239,251,710,0,1200,0,0,1200,0,0,0,0,0.866,0.998,0.8,0.8,1.0,2965,0,-,2965,183,9,0,0,0,0,0,0,0,0,0,0,1,1,0,0,0,0,2,0,0,0,0,0,0,0,0,0,0,0,0,0,0,0,0,1.92,1.92,0.34,0.01,2.32,2.32,0.26,0.0,14,15,4,5,5,0,10,4,1,0,0.4668,0.317,0.5815,0.7644,0.7427,0.0,1.2929,0.4155,0.3943,0.0,2.1027
2026020031,2026-10-03,Wild,Bruins,Home,RW,2,3,4.0975,2.7814,1.2679,1.9393,Jesper Wallstedt,Michael DiPietro,CG,CG,0,0,0,0,1,0,0,0,0,0,0,0,1,0,0,6,15,9,0,30,8,6,13,0,27,12,19,18,0,49,16,18,20,0,54,36,0,0,2,2,0,4,1,0,0,0,1,9,4,1,0,14,7,4,5,0,16,2,0,3,3,183,359,26,26,0.963,0.867,1,0,0,0,6,0,1,0,1652,1458,490,0,1087,113,452,371,377,1200,0,0,0,0,0,1.1022,0.8188,1.0135,1.4744,1.0,2864,0,-,2864,40,133,0,0,111,0,0,0,17,0,0,0,1,1,2,0,1,1,0,0,0,0,0,0,0,0,0,0,0,0,0,0,0,0,0,1.64,1.64,0.71,0.13,2.12,2.12,0.75,0.0,13,11,3,7,3,0,1,4,6,0,0.4747,0.8378,0.5069,1.1995,2.3911,0.0,0.5075,0.9012,1.3727,0.0,2.7814
2026020031,2026-10-03,Bruins,Wild,Away,RL,3,2,2.7814,4.0975,1.9393,1.2679,Michael DiPietro,Jesper Wallstedt,CG,CG,1,0,0,0,0,0,0,0,1,1,0,0,0,0,0,8,6,13,0,27,6,15,9,0,30,16,18,20,0,54,12,19,18,0,49,40,0,1,0,0,0,1,0,2,2,0,4,7,4,5,0,16,9,4,1,0,14,0,2,3,3,359,183,26,26,0.867,0.963,0,1,0,0,0,6,0,1,1458,1652,490,1087,0,113,371,452,377,0,1200,0,0,0,0,0.8978,1.1812,0.9865,0.5256,1.0,2864,0,-,2864,133,40,0,0,0,111,0,0,0,17,0,0,1,1,0,0,1,1,2,0,0,0,0,0,0,0,0,0,0,0,0,0,0,0,0,2.12,2.12,0.75,0.0,1.64,1.64,0.71,0.13,11,13,1,4,6,0,3,7,3,0,0.8378,0.4747,0.5075,0.9012,1.3727,0.0,0.5069,1.1995,2.3911,0.0,2.2557
2026020032,2026-10-03,Avalanche,Blues,Home,RW,2,2,3.6947,2.076,3.0456,1.9092,Mackenzie Blackwood,Jordan Binnington,CG,CG,0,0,0,0,1,0,0,0,1,0,0,0,0,0,0,15,7,14,0,36,4,11,11,0,26,28,19,19,0,66,15,21,19,0,55,57,0,2,4,0,0,6,0,0,1,0,1,7,4,5,0,16,10,8,10,0,28,0,0,4,2,480,240,25,30,0.962,0.833,0,0,0,0,0,0,2,2,3351,0,249,951,0,249,1200,0,0,1200,0,0,0,0,0,1.7066,1.2605,1.8592,2.0,1.0,2778,0,-,2778,7,95,0,0,0,0,0,0,0,0,0,0,6,6,0,0,1,1,0,0,0,0,0,0,0,0,0,0,0,0,0,0,0,0,0,3.33,3.33,0.49,0.0,1.86,1.86,0.15,0.01,15,9,7,4,4,0,2,2,5,0,0.6491,0.1642,1.4561,1.0856,1.153,0.0,0.5074,0.4695,1.0991,0.0,2.076
2026020032,2026-10-03,Blues,Avalanche,Away,RL,2,2,2.076,3.6947,1.9092,3.0456,Jordan Binnington,Mackenzie Blackwood,CG,CG,1,0,0,0,0,0,0,0,0,0,0,0,0,0,0,4,11,11,0,26,15,7,14,0,36,15,21,19,0,55,28,19,19,0,66,48,0,0,0,1,0,1,2,4,0,0,6,10,8,10,0,28,7,4,5,0,16,0,0,2,4,240,480,30,25,0.833,0.962,0,0,0,0,0,0,2,2,0,3351,249,0,951,249,0,1200,0,0,1200,0,0,0,0,0.2934,0.7395,0.1408,0.0,1.0,2778,0,-,2778,95,7,0,0,0,0,0,0,0,0,0,0,1,1,0,0,6,6,0,0,0,0,0,0,0,0,0,0,0,0,0,0,0,0,0,1.86,1.86,0.15,0.01,3.33,3.33,0.49,0.0,9,15,2,2,5,0,7,4,4,0,0.1642,0.6491,0.5074,0.4695,1.0991,0.0,1.4561,1.0856,1.153,0.0,3.6947
2026020033,2026-10-03,Canucks,Flames,Home,RW,3,2,3.2626,1.6231,1.7996,1.3419,Leevi Meriläinen,Devin Cooley,CG,CG,0,0,0,0,0,0,0,0,0,0,0,0,1,0,0,5,9,12,0,26,11,8,5,0,24,22,17,22,0,61,23,27,15,0,65,49,0,0,0,4,0,4,1,0,0,0,1,10,13,11,0,34,16,5,7,0,28,0,1,5,2,600,154,23,22,0.958,0.846,1,0,0,0,1,0,2,1,656,1597,1347,0,309,891,0,1200,0,656,88,456,0,0,0,0.9877,0.9485,0.8,1.2147,1.0,2747,0,-,2627,18,63,0,0,0,0,0,0,0,0,120,0,2,3,0,0,0,0,1,0,0,0,0,0,0,0,0,0,0,0,0,0,0,0,0,2.0,2.32,0.55,0.07,2.19,2.19,0.14,0.12,12,6,3,4,5,0,1,2,3,0,0.5332,0.1783,0.5214,0.8942,1.847,0.0,0.6509,0.5507,0.4215,0.0,1.6231
2026020033,2026-10-03,Flames,Canucks,Away,RL,2,3,1.6231,3.2626,1.3419,1.7996,Devin Cooley,Leevi Meriläinen,CG,CG,0,0,0,0,0,0,0,0,1,1,0,0,0,0,0,11,8,5,0,24,5,9,12,0,26,23,27,15,0,65,22,17,22,0,61,56,0,1,0,0,0,1,0,0,4,0,4,16,5,7,0,28,10,13,11,0,34,1,0,2,5,154,600,22,23,0.846,0.958,0,1,0,0,0,1,1,2,1597,656,1347,309,0,891,1200,0,0,88,656,456,0,0,0,1.0122,1.0515,1.2,0.7853,1.0,2747,0,-,2627,63,18,0,0,0,0,0,0,0,0,120,0,0,0,1,0,2,3,0,0,0,0,0,0,0,0,0,0,0,0,0,0,0,0,0,2.19,2.19,0.14,0.12,2.0,2.32,0.55,0.07,6,12,1,2,3,0,3,4,5,0,0.1783,0.5332,0.6509,0.5507,0.4215,0.0,0.5214,0.8942,1.847,0.0,2.6042
2026020034,2026-10-03,Sharks,Kings,Home,OTW,2,2,1.6843,3.7811,1.1254,2.8729,Yaroslav Askarov,Anton Forsberg,CG,CG,0,0,0,0,0,0,0,0,0,0,0,0,1,0,0,6,9,8,2,25,10,10,14,1,35,11,19,13,3,46,20,22,26,2,70,39,0,0,3,1,1,5,1,1,2,0,4,8,9,6,0,23,7,8,4,0,19,1,2,2,3,228,211,31,20,0.886,0.8,0,0,0,0,0,0,1,6,1508,358,1932,0,250,950,608,108,484,900,0,300,0,0,198,1.1253,0.9583,1.1948,1.2432,1.0,3304,0,-,3106,23,21,0,0,0,0,0,0,0,0,0,198,3,4,1,0,2,2,2,0,0,0,0,0,0,0,0,0,0,0,0,0,0,0,0,1.67,1.81,0.2,0.0,2.92,3.07,0.75,0.01,7,18,0,3,4,0,3,7,8,0,0.4075,0.4796,0.2465,0.7992,0.4872,0.1514,0.9592,1.3369,1.3294,0.1556,3.7811
2026020034,2026-10-03,Kings,Sharks,Away,OTL,2,2,3.7811,1.6843,2.8729,1.1254,Anton Forsberg,Yaroslav Askarov,CG,CG,0,0,0,0,0,0,0,0,1,1,0,0,0,0,0,10,10,14,1,35,6,9,8,2,25,20,22,26,2,70,11,19,13,3,46,54,0,1,1,2,0,4,0,3,1,1,5,7,8,4,0,19,8,9,6,0,23,2,1,3,2,211,228,20,31,0.8,0.886,0,0,0,0,0,0,6,1,358,1508,1932,250,0,950,108,608,484,0,900,300,0,0,198,0.8747,1.0417,0.8052,0.7567,1.0,3304,0,-,3106,21,23,0,0,0,0,0,0,0,0,0,198,2,2,2,0,3,4,1,0,0,0,0,0,0,0,0,0,0,0,0,0,0,0,0,2.92,3.07,0.75,0.01,1.67,1.81,0.2,0.0,18,7,3,7,8,0,0,3,4,0,0.4796,0.4075,0.9592,1.3369,1.3294,0.1556,0.2465,0.7992,0.4872,0.1514,1.6843
2026020035,2026-10-04,Red Wings,Jets,Home,RL,2,2,3.9339,2.9405,2.281,1.4621,John Gibson,Stuart Skinner,CG,CG,0,0,0,0,0,0,0,0,0,0,0,0,0,0,0,13,13,9,0,35,11,9,7,0,27,24,23,22,0,69,22,18,20,0,60,44,0,0,1,1,0,2,2,1,0,0,3,14,8,3,0,25,9,4,7,0,20,1,3,5,4,544,305,24,33,0.889,0.943,0,0,0,0,0,4,3,0,0,2816,784,0,416,784,0,1200,0,0,1200,0,0,0,0,0.5987,0.8497,0.2204,0.726,1.0,2444,0,-,2444,195,39,0,0,0,0,0,0,0,0,0,0,1,1,1,0,0,0,3,0,0,0,0,0,0,0,0,0,0,0,0,0,0,0,0,2.84,2.84,1.14,0.01,2.07,2.07,0.81,0.16,18,17,8,5,5,0,8,6,3,0,1.3163,0.9172,1.083,1.5795,1.2714,0.0,0.8398,1.1453,0.9554,0.0,2.5149
2026020035,2026-10-04,Jets,Red Wings,Away,RW,2,2,2.9405,3.9339,1.4621,2.281,Stuart Skinner,John Gibson,CG,CG,0,0,0,0,0,0,0,0,1,0,0,0,0,0,0,11,9,7,0,27,13,13,9,0,35,22,18,20,0,60,24,23,22,0,69,41,0,2,1,0,0,3,0,1,1,0,2,9,4,7,0,20,14,8,3,0,25,3,1,4,5,305,544,33,24,0.943,0.889,0,0,0,0,4,0,0,3,2816,0,784,416,0,784,1200,0,0,1200,0,0,0,0,0,1.4013,1.1503,1.7796,1.274,1.0,2444,0,-,2444,39,195,0,0,0,0,0,0,0,0,0,0,0,0,3,0,1,1,1,0,0,0,0,0,0,0,0,0,0,0,0,0,0,0,0,2.07,2.07,0.81,0.16,2.84,2.84,1.14,0.01,17,18,8,6,3,0,8,5,5,0,0.9172,1.3163,0.8398,1.1453,0.9554,0.0,1.083,1.5795,1.2714,0.0,3.9339
2026020036,2026-10-04,Rangers,Mammoth,Home,RW,4,3,3.5656,3.3758,2.4908,2.5389,Igor Shesterkin,Karel Vejmelka,CG,CG,0,1,1,0,1,1,0,0,1,0,0,0,0,0,0,5,8,9,0,22,6,9,15,0,30,16,24,20,0,60,19,19,25,0,63,48,0,1,0,3,0,4,0,1,1,0,2,9,9,5,0,23,6,19,4,0,29,0,1,4,2,372,148,28,18,0.933,0.818,1,0,0,0,4,0,3,2,2036,0,1564,162,0,1038,869,0,331,1005,0,195,0,0,0,1.1302,1.027,1.1448,1.2188,1.0,2940,0,-,2895,28,103,62,0,0,0,0,0,0,0,45,0,3,3,0,0,1,1,1,0,0,0,0,0,0,0,0,0,0,0,0,0,0,0,0,2.93,2.93,0.6,0.02,3.13,3.22,0.68,0.0,14,22,3,5,6,0,4,9,9,0,0.5869,0.6712,0.7557,1.085,1.7249,0.0,0.9334,1.4366,1.0058,0.0,3.3758
2026020036,2026-10-04,Mammoth,Rangers,Away,RL,3,4,3.3758,3.5656,2.5389,2.4908,Karel Vejmelka,Igor Shesterkin,CG,CG,1,1,0,0,0,1,1,0,0,0,0,0,0,0,0,6,9,15,0,30,5,8,9,0,22,19,19,25,0,63,16,24,20,0,60,50,0,0,1,1,0,2,1,0,3,0,4,6,19,4,0,29,9,9,5,0,23,1,0,2,4,148,372,18,28,0.818,0.933,0,1,0,0,0,4,2,3,0,2036,1564,0,162,1038,0,869,331,0,1005,195,0,0,0,0.8698,0.973,0.8552,0.7812,1.0,2940,0,-,2895,103,28,0,62,0,0,0,0,0,0,45,0,1,1,1,0,3,3,0,0,0,0,0,0,0,0,0,0,0,0,0,0,0,0,0,3.13,3.22,0.68,0.0,2.93,2.93,0.6,0.02,22,14,4,9,9,0,3,5,6,0,0.6712,0.5869,0.9334,1.4366,1.0058,0.0,0.7557,1.085,1.7249,0.0,3.0939
2026020037,2026-10-04,Ducks,Panthers,Home,OTW,2,3,2.446,3.4816,0.9876,2.0637,Lukas Dostal,Jacob Markstrom,CG,CG,0,0,0,0,0,0,0,0,1,0,0,0,0,0,0,6,8,3,4,21,9,9,9,4,31,14,17,15,6,52,24,17,17,5,63,37,0,1,1,0,1,3,1,0,1,0,2,12,7,7,0,26,11,10,6,0,27,3,0,4,4,306,480,29,18,0.935,0.857,0,0,0,0,0,0,3,4,2294,0,1560,51,0,1149,1153,0,47,1090,0,110,0,0,254,1.119,1.0085,1.1922,1.1817,1.0,2926,0,-,2792,53,57,120,0,0,0,0,0,0,0,0,134,0,0,3,0,1,2,0,0,0,0,0,0,0,0,0,0,0,0,0,0,0,0,0,1.09,1.09,1.02,0.08,1.99,2.25,1.04,0.08,12,15,4,4,0,4,7,3,3,2,0.3521,0.7896,0.6118,0.6067,0.1246,1.1029,1.4255,0.9076,0.7945,0.354,3.4816
2026020037,2026-10-04,Panthers,Ducks,Away,OTL,3,2,3.4816,2.446,2.0637,0.9876,Jacob Markstrom,Lukas Dostal,CG,CG,0,0,0,0,0,0,0,0,0,0,0,0,0,0,0,9,9,9,4,31,6,8,3,4,21,24,17,17,5,63,14,17,15,6,52,45,0,1,0,1,0,2,1,1,0,1,3,11,10,6,0,27,12,7,7,0,26,0,3,4,4,480,306,18,29,0.857,0.935,0,0,0,0,0,0,4,3,0,2294,1560,0,51,1149,0,1153,47,0,1090,110,0,0,254,0.881,0.9915,0.8078,0.8183,1.0,2926,0,-,2792,57,53,0,120,0,0,0,0,0,0,0,134,1,2,0,0,0,0,3,0,0,0,0,0,0,0,0,0,0,0,0,0,0,0,0,1.99,2.25,1.04,0.08,1.09,1.09,1.02,0.08,15,12,7,3,3,2,4,4,0,4,0.7896,0.3521,1.4255,0.9076,0.7945,0.354,0.6118,0.6067,0.1246,1.1029,2.446
2026020038,2026-10-04,Kraken,Flames,Home,RW,3,3,2.9915,2.4481,2.9915,2.1461,Joey Daccord,Dustin Wolf,CG,CG,1,1,0,0,1,1,0,0,1,0,0,0,0,0,0,8,8,11,0,27,11,10,12,0,33,25,25,22,0,72,19,22,23,0,64,71,0,3,2,1,0,6,0,0,1,0,1,5,11,5,0,21,9,12,8,0,29,0,1,0,2,0,172,32,21,0.97,0.778,0,0,0,0,0,0,2,1,3458,0,142,1058,0,142,1200,0,0,1200,0,0,0,0,0,1.9049,1.7147,2.0,2.0,1.0,3332,0,-,3332,67,0,0,0,0,0,0,0,0,0,0,0,6,6,0,0,0,0,1,0,0,0,0,0,0,0,0,0,0,0,0,0,0,0,0,2.92,2.92,0.0,0.0,2.38,2.38,0.24,0.0,17,14,5,6,6,0,2,5,7,0,0.0,0.302,0.9104,1.1779,0.9032,0.0,0.5997,0.7611,1.0873,0.0,2.4481
2026020038,2026-10-04,Flames,Kraken,Away,RL,3,3,2.4481,2.9915,2.1461,2.9915,Dustin Wolf,Joey Daccord,CG,CG,1,1,0,0,1,1,0,0,0,0,0,0,0,0,0,11,10,12,0,33,8,8,11,0,27,19,22,23,0,64,25,25,22,0,72,59,0,0,0,1,0,1,3,2,1,0,6,9,12,8,0,29,5,11,5,0,21,1,0,2,0,172,0,21,32,0.778,0.97,0,0,0,0,0,0,1,2,0,3458,142,0,1058,142,0,1200,0,0,1200,0,0,0,0,0.0951,0.2853,0.0,0.0,1.0,3332,0,-,3332,0,67,0,0,0,0,0,0,0,0,0,0,0,0,1,0,6,6,0,0,0,0,0,0,0,0,0,0,0,0,0,0,0,0,0,2.38,2.38,0.24,0.0,2.92,2.92,0.0,0.0,14,17,2,5,7,0,5,6,6,0,0.302,0.0,0.5997,0.7611,1.0873,0.0,0.9104,1.1779,0.9032,0.0,2.9915
2026020039,2026-10-04,Canucks,Golden Knights,Home,RL,4,3,1.4681,3.9517,0.8453,2.5268,Kevin Lankinen,Adin Hill,CG,CG,1,1,1,0,0,0,0,0,1,1,0,0,0,0,0,6,5,9,0,20,12,14,2,0,28,16,16,16,0,48,18,21,9,0,48,34,0,1,1,0,0,2,0,3,0,0,3,9,6,10,0,25,7,5,7,0,19,1,1,3,5,238,473,25,18,0.893,0.9,0,0,0,0,0,1,1,1,609,1496,1495,68,0,1132,541,296,363,0,1200,0,0,0,0,0.9507,1.0113,1.0408,0.8,1.0,2616,0,-,2602,196,39,0,0,0,0,0,0,3,0,14,0,1,1,1,0,2,2,1,0,0,0,0,0,0,0,0,0,0,0,0,0,0,0,0,1.0,1.0,0.26,0.31,2.63,2.63,1.38,0.0,6,19,4,2,0,0,6,10,3,0,0.1689,1.4249,0.6693,0.4711,0.3277,0.0,1.5958,1.9073,0.4486,0.0,3.9517
2026020039,2026-10-04,Golden Knights,Canucks,Away,RW,3,4,3.9517,1.4681,2.5268,0.8453,Adin Hill,Kevin Lankinen,CG,CG,0,0,0,0,1,1,1,0,0,0,0,0,1,0,0,12,14,2,0,28,6,5,9,0,20,18,21,9,0,48,16,16,16,0,48,34,0,0,3,0,0,3,1,1,0,0,2,7,5,7,0,19,9,6,10,0,25,1,1,5,3,473,238,18,25,0.9,0.893,0,0,0,0,1,0,1,1,1496,609,1495,0,68,1132,296,541,363,1200,0,0,0,0,0,1.0493,0.9887,0.9592,1.2,1.0,2616,0,-,2602,39,196,0,0,0,0,0,0,0,3,14,0,2,2,1,0,1,1,1,0,0,0,0,0,0,0,0,0,0,0,0,0,0,0,0,2.63,2.63,1.38,0.0,1.0,1.0,0.26,0.31,19,6,6,10,3,0,4,2,0,0,1.4249,0.1689,1.5958,1.9073,0.4486,0.0,0.6693,0.4711,0.3277,0.0,1.4681
2026020040,2026-10-05,Lightning,Flyers,Home,RW,3,4,5.2723,1.9359,2.9539,1.2595,Andrei Vasilevskiy,Dan Vladar,CG,CG,0,0,0,0,0,0,1,0,1,0,0,0,0,0,0,10,11,15,0,36,3,7,4,0,14,22,16,23,0,61,10,18,16,0,44,47,0,1,1,2,0,4,0,1,0,0,1,7,4,4,0,15,9,8,6,0,23,0,0,3,3,360,360,13,32,0.929,0.889,1,0,0,0,4,0,2,2,2635,0,965,235,0,965,1200,0,0,1200,0,0,0,0,0,1.1978,1.0392,1.3063,1.2479,1.0,2663,0,-,2663,14,170,0,0,0,0,0,0,0,0,0,0,3,3,0,0,1,1,0,0,0,0,0,0,0,0,0,0,0,0,0,0,0,0,0,3.38,3.38,0.85,0.0,1.24,1.24,0.45,0.13,19,7,10,3,6,0,1,3,3,0,0.827,0.4612,1.4998,1.0482,2.7243,0.0,0.3418,0.9591,0.635,0.0,1.9359
2026020040,2026-10-05,Flyers,Lightning,Away,RL,4,3,1.9359,5.2723,1.2595,2.9539,Dan Vladar,Andrei Vasilevskiy,CG,CG,0,0,1,0,0,0,0,0,0,0,0,0,0,0,0,3,7,4,0,14,10,11,15,0,36,10,18,16,0,44,22,16,23,0,61,35,0,0,1,0,0,1,1,1,2,0,4,9,8,6,0,23,7,4,4,0,15,0,0,3,3,360,360,32,13,0.889,0.929,0,1,0,0,0,4,2,2,0,2635,965,0,235,965,0,1200,0,0,1200,0,0,0,0,0.8022,0.9608,0.6938,0.7521,1.0,2663,0,-,2663,170,14,0,0,0,0,0,0,0,0,0,0,1,1,0,0,3,3,0,0,0,0,0,0,0,0,0,0,0,0,0,0,0,0,0,1.24,1.24,0.45,0.13,3.38,3.38,0.85,0.0,7,19,1,3,3,0,10,3,6,0,0.4612,0.827,0.3418,0.9591,0.635,0.0,1.4998,1.0482,2.7243,0.0,3.7809
2026020041,2026-10-05,Bruins,Senators,Home,RL,4,2,2.6046,2.5098,2.2487,1.9106,Jeremy Swayman,Linus Ullmark,CG,IG,0,1,0,0,0,0,0,0,0,0,0,0,0,0,0,5,5,9,0,19,7,6,11,0,24,9,15,22,0,46,17,13,17,0,47,38,0,0,0,1,0,1,2,2,0,0,4,13,10,11,0,34,9,13,10,0,32,0,0,4,4,346,128,20,18,0.833,0.947,0,0,0,0,0,0,2,3,0,3141,459,0,741,459,0,1200,0,0,1200,0,0,0,0,0.2482,0.717,0.0275,0.0,1.0,3105,0,-,2985,0,13,0,0,0,39,0,18,0,4,120,0,1,1,0,0,3,3,0,1,0,0,0,0,0,0,0,0,0,0,0,0,0,0,0,1.89,1.97,0.34,0.0,2.45,2.45,0.2,0.3,9,11,2,4,3,0,5,5,1,0,0.2727,0.0,0.6825,0.9431,0.979,0.0,1.0442,1.1074,0.3582,0.0,2.5098
2026020041,2026-10-05,Senators,Bruins,Away,RW,2,4,2.5098,2.6046,1.9106,2.2487,Linus Ullmark,Jeremy Swayman,IG,CG,0,0,0,0,0,1,0,0,1,0,0,0,0,0,0,7,6,11,0,24,5,5,9,0,19,17,13,17,0,47,9,15,22,0,46,40,0,2,2,0,0,4,0,0,1,0,1,9,13,10,0,32,13,10,11,0,34,0,0,4,4,128,346,18,20,0.947,0.833,0,0,0,0,0,0,3,2,3141,0,459,741,0,459,1200,0,0,1200,0,0,0,0,0,1.7518,1.283,1.9725,2.0,1.0,3105,0,-,2985,13,0,0,0,39,0,18,0,4,0,120,0,3,3,0,1,1,1,0,0,0,0,0,0,0,0,0,0,0,0,0,0,0,0,0,2.45,2.45,0.2,0.3,1.89,1.97,0.34,0.0,11,9,5,5,1,0,2,4,3,0,0.0,0.2727,1.0442,1.1074,0.3582,0.0,0.6825,0.9431,0.979,0.0,2.6046
2026020042,2026-10-05,Penguins,Jets,Home,RL,3,3,3.057,3.2821,2.7817,2.4373,Sergei Murashov,Clay Stevenson,CG,CG,0,0,0,0,1,1,0,0,1,1,0,0,0,0,0,12,11,9,0,32,13,8,13,0,34,17,24,18,0,59,21,18,26,0,65,51,0,0,1,1,0,2,0,0,3,0,3,4,3,4,0,11,9,11,3,0,23,0,0,2,1,240,120,31,30,0.912,0.938,0,0,0,0,0,6,1,4,916,763,1921,0,0,1200,633,0,567,283,763,154,0,0,0,1.0085,1.0,1.1055,0.92,1.0,3090,0,-,3090,134,16,0,0,0,0,0,0,0,0,0,0,2,2,0,0,3,3,0,0,0,0,0,0,0,0,0,0,0,0,0,0,0,0,0,2.65,2.65,0.24,0.0,2.62,2.62,0.17,0.07,20,13,5,11,4,0,6,4,3,0,0.1381,0.2084,0.7402,1.5151,0.8017,0.0,0.9338,0.7719,1.5764,0.0,2.6488
2026020042,2026-10-05,Jets,Penguins,Away,RW,3,3,3.2821,3.057,2.4373,2.7817,Clay Stevenson,Sergei Murashov,CG,CG,1,1,0,0,0,0,0,0,0,0,0,0,1,0,0,13,8,13,0,34,12,11,9,0,32,21,18,26,0,65,17,24,18,0,59,59,0,0,0,3,0,3,0,1,1,0,2,9,11,3,0,23,4,3,4,0,11,0,0,1,2,120,240,30,31,0.938,0.912,0,0,0,0,6,0,4,1,763,916,1921,0,0,1200,0,633,567,763,283,154,0,0,0,0.9915,1.0,0.8945,1.08,1.0,3090,0,-,3090,16,134,0,0,0,0,0,0,0,0,0,0,3,3,0,0,2,2,0,0,0,0,0,0,0,0,0,0,0,0,0,0,0,0,0,2.62,2.62,0.17,0.07,2.65,2.65,0.24,0.0,13,20,6,4,3,0,5,11,4,0,0.2084,0.1381,0.9338,0.7719,1.5764,0.0,0.7402,1.5151,0.8017,0.0,3.057
2026020043,2026-10-05,Stars,Sharks,Home,RW,3,3,4.3963,1.5002,3.2285,1.0016,Jake Oettinger,Yaroslav Askarov,CG,CG,0,1,0,0,0,0,0,0,1,0,0,0,0,0,0,11,9,6,0,26,2,6,6,0,14,20,23,14,0,57,19,10,15,0,44,48,0,1,3,1,0,5,0,0,0,0,0,6,2,3,0,11,9,10,11,0,30,0,0,3,2,360,240,14,21,1.0,0.808,0,0,0,0,0,0,6,3,2469,0,1131,69,0,1131,1200,0,0,1200,0,0,0,0,0,1.6014,1.0115,1.7928,2.0,1.0,2942,0,-,2942,32,26,0,0,0,0,0,0,0,0,0,0,5,5,0,0,0,0,0,0,0,0,0,0,0,0,0,0,0,0,0,0,0,0,0,3.5,3.5,0.92,0.05,1.28,1.28,0.5,0.09,22,7,10,7,5,0,1,5,1,0,1.1655,0.2373,1.8582,1.5247,1.0134,0.0,0.1519,0.6861,0.6622,0.0,1.5002
2026020043,2026-10-05,Sharks,Stars,Away,RL,3,3,1.5002,4.3963,1.0016,3.2285,Yaroslav Askarov,Jake Oettinger,CG,CG,0,0,0,0,0,1,0,0,0,0,0,0,0,0,0,2,6,6,0,14,11,9,6,0,26,19,10,15,0,44,20,23,14,0,57,37,0,0,0,0,0,0,1,3,1,0,5,9,10,11,0,30,6,2,3,0,11,0,0,2,3,240,360,21,14,0.808,1.0,0,0,0,0,0,0,3,6,0,2469,1131,0,69,1131,0,1200,0,0,1200,0,0,0,0,0.3986,0.9885,0.2072,0.0,1.0,2942,0,-,2942,26,32,0,0,0,0,0,0,0,0,0,0,0,0,0,0,5,5,0,0,0,0,0,0,0,0,0,0,0,0,0,0,0,0,0,1.28,1.28,0.5,0.09,3.5,3.5,0.92,0.05,7,22,1,5,1,0,10,7,5,0,0.2373,1.1655,0.1519,0.6861,0.6622,0.0,1.8582,1.5247,1.0134,0.0,4.3963
2026020044,2026-10-06,Maple Leafs,Predators,Home,OTW,4,3,4.441,4.2226,2.3369,3.0502,Anthony Stolarz,Juuse Saros,CG,CG,0,0,0,0,0,0,0,0,0,0,0,0,1,1,1,8,13,12,5,38,11,7,6,1,25,18,23,18,9,68,30,12,11,3,56,48,0,0,3,1,1,5,2,2,0,0,4,5,10,5,0,20,6,11,5,0,22,1,1,3,1,327,102,21,33,0.84,0.868,0,0,0,0,0,0,1,1,0,2501,1385,0,767,433,0,1200,0,0,534,666,0,0,286,0.7694,0.7092,0.6332,0.911,1.0,3399,0,-,3113,19,15,0,0,0,0,0,0,0,0,0,286,3,4,1,0,3,3,1,0,0,0,0,0,0,0,0,0,0,0,0,0,0,0,0,2.65,3.36,0.96,0.0,2.68,2.84,0.7,0.0,23,10,6,8,5,4,5,3,1,1,1.2201,0.9392,0.9085,1.6468,1.0017,0.884,2.7396,1.0202,0.2922,0.1706,4.2226
2026020044,2026-10-06,Predators,Maple Leafs,Away,OTL,3,4,4.2226,4.441,3.0502,2.3369,Juuse Saros,Anthony Stolarz,CG,CG,0,0,0,0,0,0,0,0,1,1,1,1,0,0,0,11,7,6,1,25,8,13,12,5,38,30,12,11,3,56,18,23,18,9,68,46,0,2,2,0,0,4,0,3,1,1,5,6,11,5,0,22,5,10,5,0,20,1,1,1,3,102,327,33,21,0.868,0.84,0,0,0,0,0,0,1,1,2501,0,1385,767,0,433,1200,0,0,534,0,666,0,0,286,1.2306,1.2908,1.3668,1.089,1.0,3399,0,-,3113,15,19,0,0,0,0,0,0,0,0,0,286,3,3,1,0,3,4,1,0,0,0,0,0,0,0,0,0,0,0,0,0,0,0,0,2.68,2.84,0.7,0.0,2.65,3.36,0.96,0.0,10,23,5,3,1,1,6,8,5,4,0.9392,1.2201,2.7396,1.0202,0.2922,0.1706,0.9085,1.6468,1.0017,0.884,4.441
2026020045,2026-10-06,Canadiens,Hurricanes,Home,RL,3,4,1.929,4.5104,0.872,2.3339,Jakub Dobes,Brandon Bussi,CG,CG,0,0,0,0,0,0,0,0,0,1,0,0,0,0,0,6,4,10,0,20,12,17,5,0,34,15,12,21,0,48,19,27,12,0,58,33,0,3,0,1,0,4,2,2,2,0,6,13,4,3,0,20,12,8,10,0,30,1,1,6,5,424,371,28,16,0.824,0.8,0,1,0,0,0,4,1,1,957,1654,989,721,58,421,236,396,568,0,1200,0,0,0,0,0.932,1.1105,0.9733,0.7123,1.0,2599,0,-,2380,105,32,0,0,76,0,0,0,10,5,219,0,2,3,1,0,4,4,1,0,0,0,0,0,0,0,0,0,0,0,0,0,0,0,0,0.8,0.82,0.93,0.19,2.8,3.01,0.34,0.24,10,15,2,1,7,0,5,8,2,0,0.2815,0.4325,0.6012,0.2697,1.0581,0.0,1.2376,1.4162,1.8566,0.0,3.175
2026020045,2026-10-06,Hurricanes,Canadiens,Away,RW,4,3,4.5104,1.929,2.3339,0.872,Brandon Bussi,Jakub Dobes,CG,CG,0,0,0,0,0,0,0,0,1,0,0,0,1,0,0,12,17,5,0,34,6,4,10,0,20,19,27,12,0,58,15,12,21,0,48,41,0,2,2,2,0,6,3,0,1,0,4,12,8,10,0,30,13,4,3,0,20,1,1,5,6,371,424,16,28,0.8,0.824,1,0,0,0,4,0,1,1,1654,957,989,58,721,421,396,236,568,1200,0,0,0,0,0,1.068,0.8895,1.0267,1.2878,1.0,2599,0,-,2380,32,105,0,0,0,76,0,0,5,10,219,0,4,4,1,0,2,3,1,0,0,0,0,0,0,0,0,0,0,0,0,0,0,0,0,2.8,3.01,0.34,0.24,0.8,0.82,0.93,0.19,15,10,5,8,2,0,2,1,7,0,0.4325,0.2815,1.2376,1.4162,1.8566,0.0,0.6012,0.2697,1.0581,0.0,1.929
2026020046,2026-10-06,Red Wings,Senators,Home,RW,3,3,4.2365,2.6089,2.1861,1.1209,John Gibson,Samuel Ersson,CG,CG,0,0,0,0,1,1,0,0,0,0,0,0,1,0,0,13,12,11,0,36,2,14,9,0,25,22,22,19,0,63,12,23,18,0,53,45,0,2,2,1,0,5,1,1,1,0,3,11,6,9,0,26,12,8,10,0,30,2,1,5,5,486,493,22,31,0.88,0.861,1,0,1,0,2,1,2,1,2806,32,762,406,32,762,1200,0,0,1200,0,0,0,0,0,1.3143,1.0623,1.5106,1.37,1.0,2446,0,-,2446,33,92,0,0,0,0,0,0,0,0,0,0,3,3,1,0,2,2,1,0,0,0,0,0,0,0,0,0,0,0,0,0,0,0,0,2.56,2.56,1.37,0.09,1.28,1.28,1.04,0.11,17,8,7,6,4,0,0,4,4,0,1.3708,0.773,1.3924,1.6489,1.1952,0.0,0.456,0.9939,1.159,0.0,2.6089
2026020046,2026-10-06,Senators,Red Wings,Away,RL,3,3,2.6089,4.2365,1.1209,2.1861,Samuel Ersson,John Gibson,CG,CG,1,1,0,0,0,0,0,0,1,1,0,0,0,0,0,2,14,9,0,25,13,12,11,0,36,12,23,18,0,53,22,22,19,0,63,36,0,1,1,1,0,3,2,2,1,0,5,12,8,10,0,30,11,6,9,0,26,1,2,5,5,493,486,31,22,0.861,0.88,0,1,0,1,1,2,1,2,32,2806,762,32,406,762,0,1200,0,0,1200,0,0,0,0,0.6857,0.9377,0.4894,0.63,1.0,2446,0,-,2446,92,33,0,0,0,0,0,0,0,0,0,0,2,2,1,0,3,3,1,0,0,0,0,0,0,0,0,0,0,0,0,0,0,0,0,1.28,1.28,1.04,0.11,2.56,2.56,1.37,0.09,8,17,0,4,4,0,7,6,4,0,0.773,1.3708,0.456,0.9939,1.159,0.0,1.3924,1.6489,1.1952,0.0,3.6127
2026020047,2026-10-06,Devils,Mammoth,Home,RL,3,4,2.5966,3.7596,1.5551,1.9356,Jake Allen,Karel Vejmelka,CG,CG,0,0,0,0,0,1,1,0,0,0,0,0,0,0,0,11,10,12,0,33,8,14,10,0,32,19,22,21,0,62,14,25,31,0,70,42,0,1,1,1,0,3,1,3,1,0,5,5,4,1,0,10,6,10,8,0,24,1,2,5,4,462,422,27,30,0.844,0.909,0,0,0,0,0,7,2,2,0,2590,1010,0,626,574,0,764,436,0,1200,0,0,0,0,0.7866,0.8957,0.8584,0.6058,1.0,2506,0,-,2506,114,16,0,0,18,0,0,0,74,0,0,0,2,2,1,0,3,3,2,0,0,0,0,0,0,0,0,0,0,0,0,0,0,0,0,1.93,1.93,1.97,0.0,2.34,2.34,1.63,0.0,16,18,5,5,6,0,4,8,6,0,0.5392,1.5025,0.9079,0.7811,0.9076,0.0,0.9539,1.5173,1.2884,0.0,3.544
2026020047,2026-10-06,Mammoth,Devils,Away,RW,4,3,3.7596,2.5966,1.9356,1.5551,Karel Vejmelka,Jake Allen,CG,CG,0,1,1,0,0,0,0,0,1,0,0,0,0,0,0,8,14,10,0,32,11,10,12,0,33,14,25,31,0,70,19,22,21,0,62,45,0,1,3,1,0,5,1,1,1,0,3,6,10,8,0,24,5,4,1,0,10,2,1,4,5,422,462,30,27,0.909,0.844,0,0,0,0,7,0,2,2,2590,0,1010,626,0,574,764,0,436,1200,0,0,0,0,0,1.2134,1.1043,1.1416,1.3943,1.0,2506,0,-,2506,16,114,0,0,0,18,0,0,0,74,0,0,3,3,2,0,2,2,1,0,0,0,0,0,0,0,0,0,0,0,0,0,0,0,0,2.34,2.34,1.63,0.0,1.93,1.93,1.97,0.0,18,16,4,8,6,0,5,5,6,0,1.5025,0.5392,0.9539,1.5173,1.2884,0.0,0.9079,0.7811,0.9076,0.0,2.5966
2026020048,2026-10-06,Rangers,Islanders,Home,RW,5,3,4.8338,2.387,1.6714,1.6316,Igor Shesterkin,Semyon Varlamov,CG,CG,0,0,1,0,0,0,0,0,1,0,0,0,0,0,0,5,7,12,0,24,9,5,5,0,19,11,25,20,0,56,21,13,13,0,47,37,0,1,2,2,0,5,0,2,0,0,2,9,10,8,0,27,7,6,5,0,18,1,1,3,4,232,414,17,19,0.895,0.792,2,0,0,0,3,0,1,2,2465,0,1135,800,0,400,465,0,735,1200,0,0,0,0,0,1.1669,1.1333,1.1152,1.252,1.0,2797,0,-,2679,77,28,0,0,0,0,0,0,0,0,118,0,2,2,1,0,1,1,1,0,0,0,0,0,0,0,0,0,0,0,0,0,0,0,0,2.03,2.26,1.41,0.0,1.58,1.58,0.79,0.0,17,9,5,6,6,0,5,3,1,0,1.4325,0.7554,1.0197,1.4173,2.3968,0.0,1.2479,0.9051,0.234,0.0,2.387
2026020048,2026-10-06,Islanders,Rangers,Away,RL,3,5,2.387,4.8338,1.6316,1.6714,Semyon Varlamov,Igor Shesterkin,CG,CG,0,0,0,0,0,0,1,0,0,0,0,0,0,0,0,9,5,5,0,19,5,7,12,0,24,21,13,13,0,47,11,25,20,0,56,38,0,0,2,0,0,2,1,2,2,0,5,7,6,5,0,18,9,10,8,0,27,1,1,4,3,414,232,19,17,0.792,0.895,0,2,0,0,0,3,2,1,0,2465,1135,0,800,400,0,465,735,0,1200,0,0,0,0,0.8331,0.8667,0.8848,0.748,1.0,2797,0,-,2679,28,77,0,0,0,0,0,0,0,0,118,0,1,1,1,0,2,2,1,0,0,0,0,0,0,0,0,0,0,0,0,0,0,0,0,1.58,1.58,0.79,0.0,2.03,2.26,1.41,0.0,9,17,5,3,1,0,5,6,6,0,0.7554,1.4325,1.2479,0.9051,0.234,0.0,1.0197,1.4173,2.3968,0.0,3.3417
2026020049,2026-10-06,Sabres,Wild,Home,OTW,3,3,3.9302,1.8687,2.466,1.194,Colten Ellis,Jesper Wallstedt,CG,CG,0,0,0,0,0,0,0,0,0,0,0,0,1,1,0,4,8,11,5,28,4,8,5,3,20,19,17,22,7,65,11,14,18,4,47,46,0,0,0,2,1,3,0,2,0,0,2,3,4,5,0,12,14,8,4,0,26,0,1,2,4,240,396,18,25,0.9,0.893,0,0,0,0,0,0,5,2,0,945,2917,0,0,1200,0,367,833,0,578,622,0,0,262,0.9125,1.0,0.8733,0.8449,1.0,3146,0,-,2884,64,15,0,0,0,0,0,0,0,0,0,262,2,3,0,0,1,1,1,0,0,0,0,0,0,0,0,0,0,0,0,0,0,0,0,2.63,3.34,0.26,0.32,1.64,1.9,0.23,0.0,16,8,2,5,7,2,3,3,1,1,0.2884,0.2564,0.3904,0.985,1.6465,0.9083,0.3884,0.7999,0.2621,0.4183,1.8687
2026020049,2026-10-06,Wild,Sabres,Away,OTL,3,3,1.8687,3.9302,1.194,2.466,Jesper Wallstedt,Colten Ellis,CG,CG,0,0,0,0,0,0,0,0,1,1,1,0,0,0,0,4,8,5,3,20,4,8,11,5,28,11,14,18,4,47,19,17,22,7,65,39,0,0,2,0,0,2,0,0,2,1,3,14,8,4,0,26,3,4,5,0,12,1,0,4,2,396,240,25,18,0.893,0.9,0,0,0,0,0,0,2,5,945,0,2917,0,0,1200,367,0,833,578,0,622,0,0,262,1.0875,1.0,1.1267,1.1551,1.0,3146,0,-,2884,15,64,0,0,0,0,0,0,0,0,0,262,1,1,1,0,2,3,0,0,0,0,0,0,0,0,0,0,0,0,0,0,0,0,0,1.64,1.9,0.23,0.0,2.63,3.34,0.26,0.32,8,16,3,3,1,1,2,5,7,2,0.2564,0.2884,0.3884,0.7999,0.2621,0.4183,0.3904,0.985,1.6465,0.9083,3.9302
2026020050,2026-10-06,Blackhawks,Blues,Home,RW,4,3,3.3848,2.716,1.0049,2.0512,Spencer Knight,Joel Hofer,CG,CG,0,0,0,0,0,0,0,0,0,0,0,0,1,0,0,7,10,4,0,21,6,8,13,0,27,13,23,11,0,47,13,13,27,0,53,39,0,0,2,2,0,4,1,0,1,0,2,8,6,4,0,18,9,10,9,0,28,1,1,2,2,240,224,25,17,0.926,0.81,2,0,0,0,2,0,1,5,1940,602,1058,0,262,938,740,340,120,1200,0,0,0,0,0,1.0772,0.9563,1.0667,1.2087,1.0,3078,0,-,3078,6,42,0,0,0,0,0,0,0,45,0,0,1,1,1,0,1,1,1,0,0,0,0,0,0,0,0,0,0,0,0,0,0,0,0,1.27,1.27,0.37,0.17,2.28,2.28,0.69,0.0,7,13,2,4,1,0,3,2,8,0,0.7225,0.2903,0.3672,1.104,1.9136,0.0,0.4383,0.5729,1.7048,0.0,2.716
2026020050,2026-10-06,Blues,Blackhawks,Away,RL,3,4,2.716,3.3848,2.0512,1.0049,Joel Hofer,Spencer Knight,CG,CG,0,0,0,0,0,0,0,0,1,1,0,0,0,0,0,6,8,13,0,27,7,10,4,0,21,13,13,27,0,53,13,23,11,0,47,42,0,1,0,1,0,2,0,2,2,0,4,9,10,9,0,28,8,6,4,0,18,1,1,2,2,224,240,17,25,0.81,0.926,0,2,0,0,0,2,5,1,602,1940,1058,262,0,938,340,740,120,0,1200,0,0,0,0,0.9228,1.0437,0.9333,0.7912,1.0,3078,0,-,3078,42,6,0,0,0,0,0,0,45,0,0,0,1,1,1,0,1,1,1,0,0,0,0,0,0,0,0,0,0,0,0,0,0,0,0,2.28,2.28,0.69,0.0,1.27,1.27,0.37,0.17,13,7,3,2,8,0,2,4,1,0,0.2903,0.7225,0.4383,0.5729,1.7048,0.0,0.3672,1.104,1.9136,0.0,1.8732
2026020051,2026-10-06,Kraken,Golden Knights,Home,RL,4,4,2.6541,4.0378,1.9144,2.1496,Joey Daccord,Carter Hart,IG,CG,0,1,1,0,0,0,0,0,0,0,0,0,0,0,0,11,8,8,0,27,9,12,7,0,28,20,16,15,0,51,22,22,13,0,57,36,0,0,0,2,0,2,2,3,1,0,6,5,8,4,0,17,9,4,3,0,16,1,2,5,5,477,445,22,25,0.786,0.926,0,0,0,0,0,0,1,1,0,2818,782,0,418,782,0,1200,0,0,1200,0,0,0,0,0.3043,0.8698,0.0429,0.0,1.0,2595,0,-,2595,10,16,0,0,20,78,0,0,40,0,0,0,1,1,1,0,3,3,2,1,0,0,0,0,0,0,0,0,0,0,0,0,0,0,0,1.54,1.54,0.6,0.07,2.33,2.33,0.96,0.11,11,15,5,1,5,0,5,7,3,0,0.4352,1.2779,1.1588,0.4042,1.0911,0.0,0.8553,1.4136,1.7689,0.0,4.0378
2026020051,2026-10-06,Golden Knights,Kraken,Away,RW,4,4,4.0378,2.6541,2.1496,1.9144,Carter Hart,Joey Daccord,CG,IG,0,0,0,0,0,1,1,0,1,0,0,0,0,0,0,9,12,7,0,28,11,8,8,0,27,22,22,13,0,57,20,16,15,0,51,44,0,2,3,1,0,6,0,0,2,0,2,9,4,3,0,16,5,8,4,0,17,2,1,5,5,445,477,25,22,0.926,0.786,0,0,0,0,0,0,1,1,2818,0,782,418,0,782,1200,0,0,1200,0,0,0,0,0,1.6957,1.1302,1.9571,2.0,1.0,2595,0,-,2595,16,10,0,0,78,20,0,0,0,40,0,0,3,3,2,1,1,1,1,0,0,0,0,0,0,0,0,0,0,0,0,0,0,0,0,2.33,2.33,0.96,0.11,1.54,1.54,0.6,0.07,15,11,5,7,3,0,5,1,5,0,1.2779,0.4352,0.8553,1.4136,1.7689,0.0,1.1588,0.4042,1.0911,0.0,2.6541
2026020052,2026-10-06,Kings,Panthers,Home,RL,3,4,2.2169,2.4701,0.9221,1.1988,Darcy Kuemper,Jacob Markstrom,CG,CG,0,0,0,0,0,0,0,0,1,1,0,0,0,0,0,6,10,4,0,20,7,12,9,0,28,15,16,20,0,51,20,25,16,0,61,30,0,1,0,0,0,1,0,1,1,0,2,4,5,4,0,13,14,8,11,0,33,0,0,5,6,403,604,26,19,0.929,0.95,0,0,0,0,0,1,3,0,289,520,2791,60,0,1140,229,0,971,0,520,680,0,0,0,0.9872,1.01,1.0382,0.9133,1.0,2361,0,-,2288,117,6,0,0,89,0,0,0,0,0,73,0,1,1,0,0,2,2,0,0,0,0,0,0,0,0,0,0,0,0,0,0,0,0,0,1.03,1.06,0.51,0.44,1.66,1.66,1.11,0.1,8,15,3,4,1,0,3,8,4,0,0.5434,1.1887,0.5955,1.0572,0.5642,0.0,0.4205,1.3511,0.6985,0.0,2.4701
2026020052,2026-10-06,Panthers,Kings,Away,RW,4,3,2.4701,2.2169,1.1988,0.9221,Jacob Markstrom,Darcy Kuemper,CG,CG,0,0,0,0,0,0,0,0,0,0,0,0,1,0,0,7,12,9,0,28,6,10,4,0,20,20,25,16,0,61,15,16,20,0,51,42,0,0,1,1,0,2,1,0,0,0,1,14,8,11,0,33,4,5,4,0,13,0,0,6,5,604,403,19,26,0.95,0.929,0,0,0,0,1,0,0,3,520,289,2791,0,60,1140,0,229,971,520,0,680,0,0,0,1.0128,0.99,0.9618,1.0867,1.0,2361,0,-,2288,6,117,0,0,0,89,0,0,0,0,73,0,2,2,0,0,1,1,0,0,0,0,0,0,0,0,0,0,0,0,0,0,0,0,0,1.66,1.66,1.11,0.1,1.03,1.06,0.51,0.44,15,8,3,8,4,0,3,4,1,0,1.1887,0.5434,0.4205,1.3511,0.6985,0.0,0.5955,1.0572,0.5642,0.0,2.2169
2026020053,2026-10-07,Capitals,Penguins,Home,RW,3,4,3.7692,3.7298,2.2847,2.2692,Logan Thompson,Arturs Silovs,CG,CG,0,0,0,0,0,0,0,0,1,0,0,0,0,0,0,14,5,8,0,27,4,13,13,0,30,29,18,16,0,63,16,24,22,0,62,45,0,2,2,1,0,5,1,2,0,0,3,7,10,5,0,22,2,3,2,0,7,1,0,4,3,433,360,27,22,0.9,0.815,0,0,0,0,4,0,2,4,2945,0,655,545,0,655,1200,0,0,1200,0,0,0,0,0,1.3177,1.0908,1.421,1.4412,1.0,2544,0,-,2544,4,249,0,0,39,0,0,0,0,0,0,0,4,4,1,0,3,3,0,0,0,0,0,0,0,0,0,0,0,0,0,0,0,0,0,2.88,2.88,1.09,0.21,2.26,2.26,0.72,0.27,19,15,13,5,1,0,1,8,6,0,0.8289,0.8807,2.3245,0.8781,0.5666,0.0,0.2146,1.9882,1.527,0.0,3.7298
2026020053,2026-10-07,Penguins,Capitals,Away,RL,4,3,3.7298,3.7692,2.2692,2.2847,Arturs Silovs,Logan Thompson,CG,CG,0,0,0,0,0,0,0,0,0,0,0,0,0,0,0,4,13,13,0,30,14,5,8,0,27,16,24,22,0,62,29,18,16,0,63,47,0,1,2,0,0,3,2,2,1,0,5,2,3,2,0,7,7,10,5,0,22,0,1,3,4,360,433,22,27,0.815,0.9,0,0,0,0,0,4,4,2,0,2945,655,0,545,655,0,1200,0,0,1200,0,0,0,0,0.6823,0.9092,0.579,0.5587,1.0,2544,0,-,2544,249,4,0,0,0,39,0,0,0,0,0,0,3,3,0,0,4,4,1,0,0,0,0,0,0,0,0,0,0,0,0,0,0,0,0,2.26,2.26,0.72,0.27,2.88,2.88,1.09,0.21,15,19,1,8,6,0,13,5,1,0,0.8807,0.8289,0.2146,1.9882,1.527,0.0,2.3245,0.8781,0.5666,0.0,3.7692
2026020054,2026-10-07,Jets,Avalanche,Home,RW,4,3,1.961,2.7422,1.8943,2.1696,Stuart Skinner,Mackenzie Blackwood,CG,CG,0,1,1,0,0,0,0,0,0,0,0,0,1,0,0,6,11,2,0,19,17,10,7,0,34,14,21,13,0,48,29,21,20,0,70,47,0,0,2,1,0,3,0,1,1,0,2,8,6,6,0,20,5,7,7,0,19,0,0,2,1,240,120,32,16,0.941,0.842,0,0,0,0,0,0,1,2,919,70,2611,0,0,1200,104,70,1026,815,0,385,0,0,0,1.0472,1.0,1.0057,1.1358,1.0,3170,0,-,3170,24,46,0,0,0,0,0,0,0,0,0,0,3,3,0,0,2,2,0,0,0,0,0,0,0,0,0,0,0,0,0,0,0,0,0,1.88,1.88,0.1,0.0,2.63,2.63,0.34,0.02,8,15,1,5,2,0,5,6,4,0,0.0667,0.5697,0.2826,0.8366,0.8418,0.0,0.9249,1.1183,0.699,0.0,2.7422
2026020054,2026-10-07,Avalanche,Jets,Away,RL,3,4,2.7422,1.961,2.1696,1.8943,Mackenzie Blackwood,Stuart Skinner,CG,CG,0,0,0,0,0,1,1,0,1,1,0,0,0,0,0,17,10,7,0,34,6,11,2,0,19,29,21,20,0,70,14,21,13,0,48,61,0,0,1,1,0,2,0,2,1,0,3,5,7,7,0,19,8,6,6,0,20,0,0,1,2,120,240,16,32,0.842,0.941,0,0,0,0,0,0,2,1,70,919,2611,0,0,1200,70,104,1026,0,815,385,0,0,0,0.9528,1.0,0.9943,0.8642,1.0,3170,0,-,3170,46,24,0,0,0,0,0,0,0,0,0,0,2,2,0,0,3,3,0,0,0,0,0,0,0,0,0,0,0,0,0,0,0,0,0,2.63,2.63,0.34,0.02,1.88,1.88,0.1,0.0,15,8,5,6,4,0,1,5,2,0,0.5697,0.0667,0.9249,1.1183,0.699,0.0,0.2826,0.8366,0.8418,0.0,1.961
2026020055,2026-10-07,Ducks,Oilers,Home,RL,3,4,2.9713,2.6132,1.5165,1.6421,Lukas Dostal,Devon Levi,IG,CG,0,0,0,0,0,0,0,0,1,1,1,0,0,0,0,16,5,10,0,31,6,11,2,0,19,28,14,20,0,62,20,20,15,0,55,45,0,2,0,0,0,2,0,5,0,0,5,9,12,8,0,29,10,9,9,0,28,2,1,7,4,588,410,14,29,0.737,0.935,0,0,0,0,0,5,3,0,1339,1548,713,949,0,251,390,348,462,0,1200,0,0,0,0,0.7222,1.2262,0.9403,0.0,1.0,2435,0,-,2272,102,70,0,0,0,0,71,0,49,7,163,0,0,0,2,0,3,4,1,0,0,0,0,0,0,0,0,0,0,0,0,0,0,0,0,2.2,2.2,1.19,0.12,1.65,1.79,0.61,0.02,16,8,9,1,6,0,3,5,0,0,0.9686,0.7217,1.3692,0.4082,1.1939,0.0,0.8836,1.2662,0.4634,0.0,2.6132
2026020055,2026-10-07,Oilers,Ducks,Away,RW,4,3,2.6132,2.9713,1.6421,1.5165,Devon Levi,Lukas Dostal,CG,IG,0,0,0,0,0,0,0,0,0,0,0,0,1,1,0,6,11,2,0,19,16,5,10,0,31,20,20,15,0,55,28,14,20,0,62,36,0,0,5,0,0,5,2,0,0,0,2,10,9,9,0,28,9,12,8,0,29,1,2,4,7,410,588,29,14,0.935,0.737,0,0,0,0,5,0,0,3,1548,1339,713,0,949,251,348,390,462,1200,0,0,0,0,0,1.2778,0.7738,1.0597,2.0,1.0,2435,0,-,2272,70,102,0,0,0,0,0,71,7,49,163,0,3,4,1,0,0,0,2,0,0,0,0,0,0,0,0,0,0,0,0,0,0,0,0,1.65,1.79,0.61,0.02,2.2,2.2,1.19,0.12,8,16,3,5,0,0,9,1,6,0,0.7217,0.9686,0.8836,1.2662,0.4634,0.0,1.3692,0.4082,1.1939,0.0,2.9713
2026020056,2026-10-08,Bruins,Mammoth,Home,RW,5,5,2.1712,4.4319,1.7931,3.1977,Jeremy Swayman,Sebastian Cossa,CG,IG,0,0,0,0,0,0,1,0,1,0,0,0,0,0,0,9,7,6,0,22,17,13,7,0,37,19,16,18,0,53,24,19,19,0,62,45,0,3,3,0,0,6,0,0,1,0,1,8,5,10,0,23,8,2,9,0,19,3,0,4,7,220,827,36,16,0.973,0.727,0,0,0,0,0,0,1,5,2994,0,606,594,0,606,1200,0,0,1200,0,0,0,0,0,1.7624,1.2872,2.0,2.0,1.0,2469,0,-,2469,52,10,0,0,0,0,0,0,70,12,0,0,3,3,3,0,1,1,0,0,0,0,0,0,0,0,0,0,0,0,0,0,0,0,0,2.03,2.03,0.32,0.0,3.49,3.49,1.07,0.0,10,19,4,2,4,0,10,3,6,0,0.3781,1.2342,0.6722,0.7818,0.7172,0.0,1.551,1.6696,1.2113,0.0,4.4319
2026020056,2026-10-08,Mammoth,Bruins,Away,RL,5,5,4.4319,2.1712,3.1977,1.7931,Sebastian Cossa,Jeremy Swayman,IG,CG,0,0,1,0,0,0,0,0,0,0,0,0,0,0,0,17,13,7,0,37,9,7,6,0,22,24,19,19,0,62,19,16,18,0,53,45,0,0,0,1,0,1,3,3,0,0,6,8,2,9,0,19,8,5,10,0,23,0,3,7,4,827,220,16,36,0.727,0.973,0,0,0,0,0,0,5,1,0,2994,606,0,594,606,0,1200,0,0,1200,0,0,0,0,0.2376,0.7128,0.0,0.0,1.0,2469,0,-,2469,10,52,0,0,0,0,0,0,12,70,0,0,1,1,0,0,3,3,3,0,0,0,0,0,0,0,0,0,0,0,0,0,0,0,0,3.49,3.49,1.07,0.0,2.03,2.03,0.32,0.0,19,10,10,3,6,0,4,2,4,0,1.2342,0.3781,1.551,1.6696,1.2113,0.0,0.6722,0.7818,0.7172,0.0,2.1712
2026020057,2026-10-08,Sabres,Stars,Home,RL,4,4,2.3964,1.9386,2.1644,1.2907,Ukko-Pekka Luukkonen,Jake Oettinger,CG,CG,0,0,0,0,0,0,0,0,0,0,0,0,0,0,0,5,10,11,0,26,8,7,3,0,18,12,16,25,0,53,21,15,13,0,49,47,0,0,0,0,0,0,1,3,0,0,4,10,9,4,0,23,13,7,2,0,22,0,1,3,2,360,153,14,26,0.778,1.0,0,0,0,0,0,0,3,2,0,3057,543,0,657,543,0,1200,0,0,1200,0,0,0,0,0.4611,0.8905,0.4928,0.0,1.0,3049,0,-,3049,0,38,0,0,0,0,0,0,0,0,0,0,0,0,0,0,3,3,1,0,0,0,0,0,0,0,0,0,0,0,0,0,0,0,0,2.2,2.2,0.21,0.0,1.67,1.67,0.7,0.06,13,10,1,5,7,0,4,5,1,0,0.232,0.6331,0.4213,0.6592,1.3159,0.0,0.5938,1.0185,0.3263,0.0,1.9386
2026020057,2026-10-08,Stars,Sabres,Away,RW,4,4,1.9386,2.3964,1.2907,2.1644,Jake Oettinger,Ukko-Pekka Luukkonen,CG,CG,0,0,0,0,0,0,0,0,1,0,0,0,0,0,0,8,7,3,0,18,5,10,11,0,26,21,15,13,0,49,12,16,25,0,53,42,0,1,3,0,0,4,0,0,0,0,0,13,7,2,0,22,10,9,4,0,23,1,0,2,3,153,360,26,14,1.0,0.778,0,0,0,0,0,0,2,3,3057,0,543,657,0,543,1200,0,0,1200,0,0,0,0,0,1.5389,1.1095,1.5073,2.0,1.0,3049,0,-,3049,38,0,0,0,0,0,0,0,0,0,0,0,3,3,1,0,0,0,0,0,0,0,0,0,0,0,0,0,0,0,0,0,0,0,0,1.67,1.67,0.7,0.06,2.2,2.2,0.21,0.0,10,13,4,5,1,0,1,5,7,0,0.6331,0.232,0.5938,1.0185,0.3263,0.0,0.4213,0.6592,1.3159,0.0,2.3964
2026020058,2026-10-08,Canadiens,Predators,Home,RL,4,4,3.3345,3.1219,2.9106,0.7688,Jacob Fowler,Juuse Saros,CG,CG,0,0,0,0,0,0,0,0,1,1,1,0,0,0,0,11,14,9,0,34,5,8,7,0,20,23,23,14,0,60,15,14,22,0,51,50,0,0,2,0,0,2,0,2,3,0,5,5,8,2,0,15,5,9,4,0,18,0,2,3,5,266,413,15,32,0.75,0.941,0,2,0,0,0,2,1,0,976,196,2428,0,0,1200,976,0,224,0,196,1004,0,0,0,1.0496,1.0,1.2567,0.8922,1.0,2743,0,-,2662,18,34,0,0,0,0,0,0,0,0,81,0,1,2,0,0,1,1,2,0,0,0,0,0,0,0,0,0,0,0,0,0,0,0,0,3.65,3.73,0.23,0.13,1.0,1.0,1.02,0.0,15,11,6,4,5,0,3,5,3,0,0.1982,0.9187,1.0605,1.203,1.071,0.0,0.3434,0.9005,1.878,0.0,1.6875
2026020058,2026-10-08,Predators,Canadiens,Away,RW,4,4,3.1219,3.3345,0.7688,2.9106,Juuse Saros,Jacob Fowler,CG,CG,0,0,0,0,0,0,0,0,0,0,0,0,1,1,0,5,8,7,0,20,11,14,9,0,34,15,14,22,0,51,23,23,14,0,60,36,0,0,2,3,0,5,0,2,0,0,2,5,9,4,0,18,5,8,2,0,15,2,0,5,3,413,266,32,15,0.941,0.75,2,0,0,0,2,0,0,1,196,976,2428,0,0,1200,0,976,224,196,0,1004,0,0,0,0.9504,1.0,0.7433,1.1078,1.0,2743,0,-,2662,34,18,0,0,0,0,0,0,0,0,81,0,1,1,2,0,1,2,0,0,0,0,0,0,0,0,0,0,0,0,0,0,0,0,0,1.0,1.0,1.02,0.0,3.65,3.73,0.23,0.13,11,15,3,5,3,0,6,4,5,0,0.9187,0.1982,0.3434,0.9005,1.878,0.0,1.0605,1.203,1.071,0.0,3.3345
2026020059,2026-10-08,Senators,Flyers,Home,RW,4,5,2.088,3.4022,1.2925,1.9391,Linus Ullmark,Joseph Woll,CG,CG,0,1,1,0,0,0,0,0,1,0,0,0,0,0,0,8,9,9,0,26,11,11,8,0,30,13,23,23,0,59,20,21,15,0,56,43,0,1,0,1,0,2,0,1,0,0,1,11,7,5,0,23,11,8,3,0,22,1,1,5,4,592,375,29,24,0.967,0.923,0,0,0,0,4,0,2,2,1471,0,2129,586,0,614,466,0,734,419,0,781,0,0,0,1.0817,1.0977,1.0777,1.0698,1.0,2465,0,-,2465,33,162,0,0,0,25,0,0,0,0,0,0,1,1,1,0,0,0,1,0,0,0,0,0,0,0,0,0,0,0,0,0,0,0,0,1.67,1.67,0.7,0.18,2.1,2.1,0.82,0.13,9,14,3,3,3,0,3,6,5,0,0.62,1.1387,0.7648,0.5497,0.7735,0.0,0.7541,1.9323,0.7158,0.0,3.4022
2026020059,2026-10-08,Flyers,Senators,Away,RL,5,4,3.4022,2.088,1.9391,1.2925,Joseph Woll,Linus Ullmark,CG,CG,0,0,0,0,0,1,1,0,0,0,0,0,0,0,0,11,11,8,0,30,8,9,9,0,26,20,21,15,0,56,13,23,23,0,59,38,0,0,1,0,0,1,1,0,1,0,2,11,8,3,0,22,11,7,5,0,23,1,1,4,5,375,592,24,29,0.923,0.967,0,0,0,0,0,4,2,2,0,1471,2129,0,586,614,0,466,734,0,419,781,0,0,0,0.9183,0.9023,0.9223,0.9302,1.0,2465,0,-,2465,162,33,0,0,25,0,0,0,0,0,0,0,0,0,1,0,1,1,1,0,0,0,0,0,0,0,0,0,0,0,0,0,0,0,0,2.1,2.1,0.82,0.13,1.67,1.67,0.7,0.18,14,9,3,6,5,0,3,3,3,0,1.1387,0.62,0.7541,1.9323,0.7158,0.0,0.7648,0.5497,0.7735,0.0,2.088
2026020060,2026-10-08,Lightning,Wild,Home,RW,4,4,3.3501,2.7065,2.548,1.8922,Dennis Hildeby,Jesper Wallstedt,CG,CG,0,0,0,0,0,0,0,0,1,0,0,0,0,0,0,14,10,11,0,35,9,12,15,0,36,26,19,20,0,65,22,23,22,0,67,56,0,2,1,0,0,3,0,2,0,0,2,5,2,5,0,12,5,13,6,0,24,1,1,3,2,293,214,34,32,0.944,0.914,0,0,0,0,1,0,1,0,3274,0,326,874,0,326,1200,0,0,1200,0,0,0,0,0,1.3099,1.3552,1.3745,1.2,1.0,2985,0,-,2985,25,83,0,0,0,0,0,0,0,0,0,0,2,2,1,0,1,1,1,0,0,0,0,0,0,0,0,0,0,0,0,0,0,0,0,3.36,3.36,0.52,0.33,2.17,2.17,0.8,0.0,18,17,8,6,4,0,4,6,7,0,0.5603,0.534,1.2065,1.0372,1.1064,0.0,0.5434,1.136,1.0271,0.0,2.7065
2026020060,2026-10-08,Wild,Lightning,Away,RL,4,4,2.7065,3.3501,1.8922,2.548,Jesper Wallstedt,Dennis Hildeby,CG,CG,0,0,0,0,0,0,0,0,0,0,0,0,0,0,0,9,12,15,0,36,14,10,11,0,35,22,23,22,0,67,26,19,20,0,65,53,0,0,2,0,0,2,2,1,0,0,3,5,13,6,0,24,5,2,5,0,12,1,1,2,3,214,293,32,34,0.914,0.944,0,0,0,0,0,1,0,1,0,3274,326,0,874,326,0,1200,0,0,1200,0,0,0,0,0.6901,0.6448,0.6255,0.8,1.0,2985,0,-,2985,83,25,0,0,0,0,0,0,0,0,0,0,1,1,1,0,2,2,1,0,0,0,0,0,0,0,0,0,0,0,0,0,0,0,0,2.17,2.17,0.8,0.0,3.36,3.36,0.52,0.33,17,18,4,6,7,0,8,6,4,0,0.534,0.5603,0.5434,1.136,1.0271,0.0,1.2065,1.0372,1.1064,0.0,3.3501
2026020061,2026-10-08,Hurricanes,Canucks,Home,RW,5,5,4.953,2.258,3.6816,1.37,Pyotr Kochetkov,Kevin Lankinen,CG,IG,0,0,0,0,0,0,0,0,1,0,0,0,0,0,0,7,11,16,0,34,3,11,6,0,20,17,18,23,0,58,10,14,13,0,37,45,0,3,3,1,0,7,0,1,1,0,2,5,8,5,0,18,6,8,6,0,20,3,0,3,4,190,480,18,27,0.9,0.794,0,0,0,0,0,0,2,1,3522,0,78,1122,0,78,1200,0,0,1200,0,0,0,0,0,1.8813,1.6438,2.0,2.0,1.0,2779,0,-,2779,30,77,0,0,0,0,0,0,0,0,0,0,3,3,3,1,2,2,0,0,0,0,0,0,0,0,0,0,0,0,0,0,0,0,0,3.5,3.5,1.26,0.29,1.16,1.16,0.66,0.0,25,9,7,7,11,0,2,3,4,0,1.0234,0.888,1.515,1.6915,1.7465,0.0,0.4101,1.0777,0.7702,0.0,2.258
2026020061,2026-10-08,Canucks,Hurricanes,Away,RL,5,5,2.258,4.953,1.37,3.6816,Kevin Lankinen,Pyotr Kochetkov,IG,CG,0,0,0,0,0,0,0,0,0,0,0,0,0,0,0,3,11,6,0,20,7,11,16,0,34,10,14,13,0,37,17,18,23,0,58,25,0,0,1,1,0,2,3,3,1,0,7,6,8,6,0,20,5,8,5,0,18,0,3,4,3,480,190,27,18,0.794,0.9,0,0,0,0,0,0,1,2,0,3522,78,0,1122,78,0,1200,0,0,1200,0,0,0,0,0.1187,0.3562,0.0,0.0,1.0,2779,0,-,2779,77,30,0,0,0,0,0,0,0,0,0,0,2,2,0,0,3,3,3,1,0,0,0,0,0,0,0,0,0,0,0,0,0,0,0,1.16,1.16,0.66,0.0,3.5,3.5,1.26,0.29,9,25,2,3,4,0,7,7,11,0,0.888,1.0234,0.4101,1.0777,0.7702,0.0,1.515,1.6915,1.7465,0.0,4.953
2026020062,2026-10-08,Islanders,Blackhawks,Home,RW,4,5,2.6515,2.5221,1.8276,1.6888,Ilya Sorokin,Arvid Soderblom,CG,CG,0,0,0,0,0,0,0,0,1,0,0,0,0,0,0,6,7,6,0,19,5,11,7,0,23,14,14,18,0,46,13,15,17,0,45,35,0,1,2,1,0,4,0,0,1,0,1,7,12,6,0,25,4,5,6,0,15,1,0,3,3,216,360,22,15,0.957,0.789,1,0,0,0,5,0,0,1,2459,0,1141,59,0,1141,1200,0,0,1200,0,0,0,0,0,1.5475,1.0098,1.6582,1.9746,1.0,2863,0,-,2863,58,103,0,0,0,0,0,0,0,0,0,0,2,2,1,0,0,1,0,0,0,0,0,0,0,0,0,0,0,0,0,0,0,0,0,2.05,2.05,0.45,0.15,1.64,1.64,0.51,0.01,10,11,4,3,3,0,2,5,4,0,0.3377,0.6609,0.853,0.9686,0.8299,0.0,0.7197,0.9626,0.8398,0.0,2.5221
2026020062,2026-10-08,Blackhawks,Islanders,Away,RL,5,4,2.5221,2.6515,1.6888,1.8276,Arvid Soderblom,Ilya Sorokin,CG,CG,0,0,0,0,0,0,0,0,0,0,0,0,0,0,0,5,11,7,0,23,6,7,6,0,19,13,15,17,0,45,14,14,18,0,46,37,0,0,0,1,0,1,1,2,1,0,4,4,5,6,0,15,7,12,6,0,25,0,1,3,3,360,216,15,22,0.789,0.957,0,1,0,0,0,5,1,0,0,2459,1141,0,59,1141,0,1200,0,0,1200,0,0,0,0,0.4525,0.9902,0.3418,0.0254,1.0,2863,0,-,2863,103,58,0,0,0,0,0,0,0,0,0,0,0,1,0,0,2,2,1,0,0,0,0,0,0,0,0,0,0,0,0,0,0,0,0,1.64,1.64,0.51,0.01,2.05,2.05,0.45,0.15,11,10,2,5,4,0,4,3,3,0,0.6609,0.3377,0.7197,0.9626,0.8398,0.0,0.853,0.9686,0.8299,0.0,2.3249
2026020063,2026-10-08,Blues,Sharks,Home,OTL,4,4,3.5724,2.6794,2.9516,1.9228,Joel Hofer,Alex Nedeljkovic,CG,CG,0,0,0,0,0,0,0,0,1,1,0,0,0,0,0,11,12,3,0,26,3,12,11,1,27,18,22,12,1,53,12,24,17,1,54,40,0,1,0,1,0,2,0,1,1,1,3,10,6,8,0,24,10,17,10,0,37,0,0,2,4,233,473,24,24,0.889,0.923,0,0,0,0,0,0,3,1,1762,0,1901,968,0,232,528,0,672,266,0,934,0,0,63,1.0962,1.1613,1.088,1.0443,1.0,2914,0,-,2851,13,18,0,0,0,0,0,0,11,0,0,63,1,1,0,1,2,3,0,0,0,0,0,0,0,0,0,0,0,0,0,0,0,0,0,3.11,3.16,0.23,0.38,2.03,2.14,0.41,0.0,21,12,9,9,3,0,2,6,3,1,0.145,0.5765,1.7924,1.3313,0.4025,0.0462,0.3617,1.2296,0.908,0.1801,2.6794
2026020063,2026-10-08,Sharks,Blues,Away,OTW,4,4,2.6794,3.5724,1.9228,2.9516,Alex Nedeljkovic,Joel Hofer,CG,CG,0,0,0,0,0,0,0,0,0,0,0,0,1,0,0,3,12,11,1,27,11,12,3,0,26,12,24,17,1,54,18,22,12,1,53,46,0,0,1,1,1,3,1,0,1,0,2,10,17,10,0,37,10,6,8,0,24,0,0,4,2,473,233,24,24,0.923,0.889,0,0,0,0,0,0,1,3,0,1762,1901,0,968,232,0,528,672,0,266,934,0,0,63,0.9038,0.8387,0.912,0.9557,1.0,2914,0,-,2851,18,13,0,0,0,0,0,0,0,11,0,63,2,3,0,0,1,1,0,1,0,0,0,0,0,0,0,0,0,0,0,0,0,0,0,2.03,2.14,0.41,0.0,3.11,3.16,0.23,0.38,12,21,2,6,3,1,9,9,3,0,0.5765,0.145,0.3617,1.2296,0.908,0.1801,1.7924,1.3313,0.4025,0.0462,3.5724
2026020064,2026-10-08,Flames,Avalanche,Home,RL,4,4,2.5455,2.7032,2.1663,2.3786,Devin Cooley,Scott Wedgewood,CG,CG,0,0,0,0,1,0,0,0,0,0,0,0,0,0,0,8,11,10,0,29,6,13,11,0,30,21,25,16,0,62,16,25,20,0,61,55,0,1,0,2,0,3,1,3,3,0,7,12,6,5,0,23,9,5,4,0,18,0,0,2,3,109,229,23,26,0.767,0.897,0,0,0,0,0,0,2,0,0,2091,1509,0,96,1104,0,795,405,0,1200,0,0,0,0,0.4939,0.984,0.4978,0.0,1.0,3219,0,-,3054,45,0,0,0,0,0,0,0,0,0,165,0,3,3,0,0,7,7,0,0,0,0,0,0,0,0,0,0,0,0,0,0,0,0,0,2.38,2.39,0.08,0.18,2.93,3.02,0.21,0.02,13,14,6,4,3,0,2,8,4,0,0.12,0.1745,0.9454,1.0518,0.5483,0.0,0.5545,0.9415,1.2072,0.0,2.7032
2026020064,2026-10-08,Avalanche,Flames,Away,RW,4,4,2.7032,2.5455,2.3786,2.1663,Scott Wedgewood,Devin Cooley,CG,CG,1,0,0,0,0,0,0,0,1,0,0,0,0,0,0,6,13,11,0,30,8,11,10,0,29,16,25,20,0,61,21,25,16,0,62,58,0,1,3,3,0,7,1,0,2,0,3,9,5,4,0,18,12,6,5,0,23,0,0,3,2,229,109,26,23,0.897,0.767,0,0,0,0,0,0,0,2,2091,0,1509,96,0,1104,795,0,405,1200,0,0,0,0,0,1.5061,1.016,1.5023,2.0,1.0,3219,0,-,3054,0,45,0,0,0,0,0,0,0,0,165,0,7,7,0,0,3,3,0,0,0,0,0,0,0,0,0,0,0,0,0,0,0,0,0,2.93,3.02,0.21,0.02,2.38,2.39,0.08,0.18,14,13,2,8,4,0,6,4,3,0,0.1745,0.12,0.5545,0.9415,1.2072,0.0,0.9454,1.0518,0.5483,0.0,2.5455
2026020065,2026-10-08,Golden Knights,Maple Leafs,Home,SOW,5,5,4.6064,2.5681,2.4168,1.3544,Adin Hill,Sergei Bobrovsky,CG,CG,0,0,0,0,0,0,0,0,0,0,0,0,1,1,1,7,21,11,4,43,9,8,4,3,24,17,30,30,5,82,16,18,15,6,55,63,0,1,2,0,0,3,3,0,0,0,3,11,11,5,0,27,6,2,4,1,13,0,0,4,1,480,120,21,40,0.875,0.93,0,0,0,0,0,0,4,3,0,1404,2496,0,1166,34,0,238,962,0,0,1200,0,0,300,0.7764,0.3311,0.9423,1.0,1.0,3257,0,-,2957,22,14,0,0,0,0,0,0,0,0,0,300,2,3,0,0,3,3,0,0,0,0,0,0,0,0,0,0,0,0,0,0,0,0,0,2.59,3.11,1.25,0.0,1.69,2.34,0.26,0.01,23,9,1,10,9,3,2,4,0,3,1.1531,0.1602,0.6013,2.175,1.0949,0.7352,0.686,0.6203,0.2136,1.0482,2.5681
2026020065,2026-10-08,Maple Leafs,Golden Knights,Away,SOL,5,5,2.5681,4.6064,1.3544,2.4168,Sergei Bobrovsky,Adin Hill,CG,CG,0,0,0,0,0,0,0,0,1,1,1,1,0,0,0,9,8,4,3,24,7,21,11,4,43,16,18,15,6,55,17,30,30,5,82,40,0,3,0,0,0,3,1,2,0,0,3,6,2,4,1,13,11,11,5,0,27,0,0,1,4,120,480,40,21,0.93,0.875,0,0,0,0,0,0,3,4,1404,0,2496,1166,0,34,238,0,962,0,0,1200,0,0,300,1.2236,1.6689,1.0577,1.0,1.0,3257,0,-,2957,14,22,0,0,0,0,0,0,0,0,0,300,3,3,0,0,2,3,0,0,0,0,0,0,0,0,0,0,0,0,0,0,0,0,0,1.69,2.34,0.26,0.01,2.59,3.11,1.25,0.0,9,23,2,4,0,3,1,10,9,3,0.1602,1.1531,0.686,0.6203,0.2136,1.0482,0.6013,2.175,1.0949,0.7352,4.6064
2026020066,2026-10-09,Red Wings,Kraken,Home,RL,4,5,3.6342,3.7243,3.3519,2.7084,John Gibson,Philipp Grubauer,IG,CG,0,0,0,0,0,0,0,0,1,1,0,0,0,0,0,16,13,11,0,40,5,12,7,0,24,28,25,16,0,69,19,22,24,0,65,62,0,1,1,1,0,3,1,4,1,0,6,7,11,5,0,23,10,8,0,0,18,1,1,3,3,185,200,18,37,0.75,0.925,0,0,0,0,0,0,0,0,372,1981,1247,333,0,867,39,781,380,0,1200,0,0,0,0,0.5333,1.0555,0.5444,0.0,1.0,3164,0,-,3073,21,22,0,0,0,28,0,0,0,2,91,0,2,2,1,0,5,5,1,0,0,0,0,0,0,0,0,0,0,0,0,0,0,0,0,3.19,3.26,0.22,0.01,2.76,2.76,0.92,0.0,18,12,10,5,3,0,7,1,4,0,0.2327,0.5911,1.4182,1.3534,0.8626,0.0,1.3902,1.1044,1.2297,0.0,3.7243
2026020066,2026-10-09,Kraken,Red Wings,Away,RW,5,4,3.7243,3.6342,2.7084,3.3519,Philipp Grubauer,John Gibson,CG,IG,0,0,0,0,0,0,0,0,0,0,0,0,1,0,0,5,12,7,0,24,16,13,11,0,40,19,22,24,0,65,28,25,16,0,69,54,0,1,4,1,0,6,1,1,1,0,3,10,8,0,0,18,7,11,5,0,23,1,1,3,3,200,185,37,18,0.925,0.75,0,0,0,0,0,0,0,0,1981,372,1247,0,333,867,781,39,380,1200,0,0,0,0,0,1.4667,0.9445,1.4556,2.0,1.0,3164,0,-,3073,22,21,0,0,28,0,0,0,2,0,91,0,5,5,1,0,2,2,1,0,0,0,0,0,0,0,0,0,0,0,0,0,0,0,0,2.76,2.76,0.92,0.0,3.19,3.26,0.22,0.01,12,18,7,1,4,0,10,5,3,0,0.5911,0.2327,1.3902,1.1044,1.2297,0.0,1.4182,1.3534,0.8626,0.0,3.6342
2026020067,2026-10-09,Capitals,Rangers,Home,RW,4,6,4.0674,2.6536,2.1634,1.5391,Logan Thompson,Igor Shesterkin,CG,IG,0,0,0,0,0,0,0,0,0,0,0,0,1,0,0,10,12,5,0,27,7,8,7,0,22,21,21,15,0,57,17,15,13,0,45,41,0,0,2,1,0,3,1,0,0,0,1,11,3,8,0,22,11,18,6,0,35,0,1,3,3,360,293,21,24,0.955,0.889,1,0,0,0,6,0,0,2,1342,951,1307,0,583,617,142,368,690,1200,0,0,0,0,0,1.0218,0.9028,0.9623,1.2003,1.0,2732,0,-,2732,28,178,0,0,0,0,0,0,0,0,0,0,2,2,0,0,0,0,1,0,0,0,0,0,0,0,0,0,0,0,0,0,0,0,0,2.37,2.37,0.72,0.17,1.69,1.69,0.95,0.01,14,11,4,7,3,0,5,2,4,0,0.7877,0.7638,1.0968,1.4194,1.5512,0.0,0.9099,0.6887,1.055,0.0,2.6536
2026020067,2026-10-09,Rangers,Capitals,Away,RL,6,4,2.6536,4.0674,1.5391,2.1634,Igor Shesterkin,Logan Thompson,IG,CG,0,0,0,0,0,0,0,0,1,1,0,0,0,0,0,7,8,7,0,22,10,12,5,0,27,17,15,13,0,45,21,21,15,0,57,29,0,1,0,0,0,1,0,2,1,0,3,11,18,6,0,35,11,3,8,0,22,1,0,3,3,293,360,24,21,0.889,0.955,0,1,0,0,0,6,2,0,951,1342,1307,583,0,617,368,142,690,0,1200,0,0,0,0,0.9782,1.0972,1.0377,0.7997,1.0,2732,0,-,2732,178,28,0,0,0,0,0,0,0,0,0,0,0,0,1,0,2,2,0,0,0,0,0,0,0,0,0,0,0,0,0,0,0,0,0,1.69,1.69,0.95,0.01,2.37,2.37,0.72,0.17,11,14,5,2,4,0,4,7,3,0,0.7638,0.7877,0.9099,0.6887,1.055,0.0,1.0968,1.4194,1.5512,0.0,3.1775
2026020068,2026-10-09,Blue Jackets,Penguins,Home,SOW,3,5,4.9285,3.0332,3.3093,2.233,Cam Talbot,Sergei Murashov,CG,CG,0,0,0,0,0,0,0,0,1,0,0,0,0,0,0,9,24,9,3,45,3,7,8,4,22,19,37,15,6,77,13,17,20,5,55,57,0,1,1,0,0,2,0,1,1,0,2,8,5,8,0,21,4,3,2,0,9,0,0,4,2,462,222,20,43,0.909,0.956,0,0,0,0,0,0,1,4,1947,0,1953,548,0,652,1200,0,0,199,0,1001,0,0,300,1.1129,1.0913,1.2425,1.0332,1.0,3177,0,-,2872,3,17,0,0,0,0,0,0,28,0,5,300,2,2,0,0,2,2,0,0,0,0,0,0,0,0,0,0,0,0,0,0,0,0,0,3.66,3.96,0.85,0.08,1.97,2.51,0.0,0.0,24,15,4,13,5,2,1,4,7,3,0.8747,0.0,0.8753,2.6916,0.7514,0.6102,0.153,1.1165,0.9635,0.8002,3.0332
2026020068,2026-10-09,Penguins,Blue Jackets,Away,SOL,5,3,3.0332,4.9285,2.233,3.3093,Sergei Murashov,Cam Talbot,CG,CG,0,0,0,0,0,0,0,0,0,0,0,0,0,0,0,3,7,8,4,22,9,24,9,3,45,13,17,20,5,55,19,37,15,6,77,45,0,0,1,1,0,2,1,1,0,0,2,4,3,2,0,9,8,5,8,0,21,0,0,2,4,222,462,43,20,0.956,0.909,0,0,0,0,0,0,4,1,0,1947,1953,0,548,652,0,1200,0,0,199,1001,0,0,300,0.8871,0.9087,0.7575,0.9668,1.0,3177,0,-,2872,17,3,0,0,0,0,0,0,0,28,5,300,2,2,0,0,2,2,0,0,0,0,0,0,0,0,0,0,0,0,0,0,0,0,0,1.97,2.51,0.0,0.0,3.66,3.96,0.85,0.08,15,24,1,4,7,3,4,13,5,2,0.0,0.8747,0.153,1.1165,0.9635,0.8002,0.8753,2.6916,0.7514,0.6102,4.9285
2026020069,2026-10-09,Jets,Ducks,Home,RL,5,4,2.2214,3.6322,1.2356,2.1312,Clay Stevenson,Lukas Dostal,CG,CG,0,0,1,0,0,0,0,0,0,0,0,0,0,0,0,7,6,3,0,16,4,5,8,0,17,13,14,14,0,41,16,15,20,0,51,30,0,0,0,1,0,1,1,1,3,0,5,5,3,6,0,14,14,7,4,0,25,0,0,4,1,480,120,12,15,0.706,0.938,0,1,0,0,0,7,1,0,0,2719,881,0,319,881,0,1200,0,0,1200,0,0,0,0,0.5749,0.9468,0.58,0.1979,1.0,2682,0,-,2682,233,66,0,0,0,0,0,0,0,0,0,0,1,1,0,0,4,4,0,0,0,0,0,0,0,0,0,0,0,0,0,0,0,0,0,1.28,1.28,0.75,0.0,2.53,2.53,0.33,0.0,9,13,1,2,6,0,3,5,5,0,0.6333,0.2635,0.5395,0.8342,0.8477,0.0,0.6804,0.8623,2.0895,0.0,2.3947
2026020069,2026-10-09,Ducks,Jets,Away,RW,4,5,3.6322,2.2214,2.1312,1.2356,Lukas Dostal,Clay Stevenson,CG,CG,0,0,0,0,0,0,1,0,1,0,0,0,0,0,0,4,5,8,0,17,7,6,3,0,16,16,15,20,0,51,13,14,14,0,41,39,0,1,1,3,0,5,0,0,1,0,1,14,7,4,0,25,5,3,6,0,14,0,0,1,4,120,480,15,12,0.938,0.706,1,0,0,0,7,0,0,1,2719,0,881,319,0,881,1200,0,0,1200,0,0,0,0,0,1.4251,1.0532,1.42,1.8021,1.0,2682,0,-,2682,66,233,0,0,0,0,0,0,0,0,0,0,4,4,0,0,1,1,0,0,0,0,0,0,0,0,0,0,0,0,0,0,0,0,0,2.53,2.53,0.33,0.0,1.28,1.28,0.75,0.0,13,9,3,5,5,0,1,2,6,0,0.2635,0.6333,0.6804,0.8623,2.0895,0.0,0.5395,0.8342,0.8477,0.0,2.2214
2026020070,2026-10-10,Bruins,Flyers,Home,RW,6,6,3.4045,1.3214,3.2631,1.0836,Jeremy Swayman,Dan Vladar,CG,CG,0,0,0,0,0,0,0,0,1,0,0,0,0,0,0,12,10,10,0,32,3,5,7,0,15,17,17,21,0,55,12,16,18,0,46,51,0,1,1,3,0,5,0,0,1,0,1,11,7,7,0,25,5,8,8,0,21,0,1,2,3,137,153,14,27,0.933,0.844,0,0,0,0,0,0,2,1,2859,0,741,459,0,741,1200,0,0,1200,0,0,0,0,0,1.4001,1.0765,1.242,1.8817,1.0,3209,0,-,3027,41,19,0,0,0,0,0,0,0,0,182,0,5,5,0,0,0,0,1,0,0,0,0,0,0,0,0,0,0,0,0,0,0,0,0,3.95,4.09,0.0,0.02,1.15,1.36,0.06,0.0,17,8,7,3,7,0,3,1,4,0,0.0,0.0952,1.1768,0.8352,1.3925,0.0,0.4267,0.4007,0.494,0.0,1.3214
2026020070,2026-10-10,Flyers,Bruins,Away,RL,6,6,1.3214,3.4045,1.0836,3.2631,Dan Vladar,Jeremy Swayman,CG,CG,0,0,0,0,0,0,0,0,0,0,0,0,0,0,0,3,5,7,0,15,12,10,10,0,32,12,16,18,0,46,17,17,21,0,55,42,0,0,0,1,0,1,1,1,3,0,5,5,8,8,0,21,11,7,7,0,25,1,0,3,2,153,137,27,14,0.844,0.933,0,0,0,0,0,0,1,2,0,2859,741,0,459,741,0,1200,0,0,1200,0,0,0,0,0.5999,0.9235,0.758,0.1183,1.0,3209,0,-,3027,19,41,0,0,0,0,0,0,0,0,182,0,0,0,1,0,5,5,0,0,0,0,0,0,0,0,0,0,0,0,0,0,0,0,0,1.15,1.36,0.06,0.0,3.95,4.09,0.0,0.02,8,17,3,1,4,0,7,3,7,0,0.0952,0.0,0.4267,0.4007,0.494,0.0,1.1768,0.8352,1.3925,0.0,3.4045
2026020071,2026-10-10,Devils,Canucks,Home,RW,4,6,3.7243,2.1854,2.5674,1.859,Jake Allen,Leevi Meriläinen,CG,IG,0,0,0,0,0,0,0,0,0,0,0,0,1,0,0,10,15,12,0,37,8,9,4,0,21,12,23,22,0,57,17,17,14,0,48,47,0,2,2,0,0,4,1,0,0,0,1,11,9,3,0,23,8,6,9,0,23,3,1,4,3,254,186,20,33,0.952,0.892,0,0,0,0,0,0,1,2,2616,156,828,216,156,828,1200,0,0,1200,0,0,0,0,0,1.4817,1.01,1.4352,2.0,1.0,3081,0,-,2963,9,23,0,0,0,0,0,0,0,0,118,0,1,1,3,0,0,0,1,0,0,0,0,0,0,0,0,0,0,0,0,0,0,0,0,3.26,3.38,1.12,0.0,2.22,2.22,0.26,0.0,19,12,7,6,6,0,3,7,2,0,1.0548,0.3264,1.1975,1.5268,1.0,0.0,0.653,1.1688,0.3636,0.0,2.1854
2026020071,2026-10-10,Canucks,Devils,Away,RL,6,4,2.1854,3.7243,1.859,2.5674,Leevi Meriläinen,Jake Allen,IG,CG,0,0,0,0,0,0,0,0,1,1,0,0,0,0,0,8,9,4,0,21,10,15,12,0,37,17,17,14,0,48,12,23,22,0,57,46,0,1,0,0,0,1,2,2,0,0,4,8,6,9,0,23,11,9,3,0,23,1,3,3,4,186,254,33,20,0.892,0.952,0,0,0,0,0,0,2,1,156,2616,828,156,216,828,0,1200,0,0,1200,0,0,0,0,0.5183,0.99,0.5648,0.0,1.0,3081,0,-,2963,23,9,0,0,0,0,0,0,0,0,118,0,0,0,1,0,1,1,3,0,0,0,0,0,0,0,0,0,0,0,0,0,0,0,0,2.22,2.22,0.26,0.0,3.26,3.38,1.12,0.0,12,19,3,7,2,0,7,6,6,0,0.3264,1.0548,0.653,1.1688,0.3636,0.0,1.1975,1.5268,1.0,0.0,3.7243
2026020072,2026-10-10,Sharks,Oilers,Home,RL,5,5,1.7528,3.1566,1.0943,1.4503,Yaroslav Askarov,Tristan Jarry,CG,CG,0,0,0,0,0,0,0,0,0,0,0,0,0,0,0,5,7,8,0,20,5,3,12,0,20,12,17,17,0,46,14,10,23,0,47,36,0,0,0,1,0,1,1,0,2,0,3,16,11,7,0,34,5,10,9,0,24,0,0,1,2,120,240,17,19,0.85,0.95,0,0,0,0,0,6,3,3,0,2843,757,0,443,757,0,1200,0,0,1200,0,0,0,0,0.7111,0.9262,0.8,0.407,1.0,3127,0,-,3127,94,0,0,0,0,0,0,0,87,0,0,0,1,1,0,0,3,3,0,0,0,0,0,0,0,0,0,0,0,0,0,0,0,0,0,1.01,1.01,0.45,0.0,1.81,1.81,1.15,0.0,3,18,0,0,3,0,4,2,12,0,0.0,0.9832,0.2506,0.4641,1.0381,0.0,0.4113,0.1551,2.5902,0.0,2.4335
2026020072,2026-10-10,Oilers,Sharks,Away,RW,5,5,3.1566,1.7528,1.4503,1.0943,Tristan Jarry,Yaroslav Askarov,CG,CG,0,0,0,0,0,0,0,0,1,0,0,0,0,0,0,5,3,12,0,20,5,7,8,0,20,14,10,23,0,47,12,17,17,0,46,33,0,1,0,2,0,3,0,0,1,0,1,5,10,9,0,24,16,11,7,0,34,0,0,2,1,240,120,19,17,0.95,0.85,0,0,0,0,6,0,3,3,2843,0,757,443,0,757,1200,0,0,1200,0,0,0,0,0,1.2889,1.0738,1.2,1.593,1.0,3127,0,-,3127,0,94,0,0,0,0,0,0,0,87,0,0,3,3,0,0,1,1,0,0,0,0,0,0,0,0,0,0,0,0,0,0,0,0,0,1.81,1.81,1.15,0.0,1.01,1.01,0.45,0.0,18,3,4,2,12,0,0,0,3,0,0.9832,0.0,0.4113,0.1551,2.5902,0.0,0.2506,0.4641,1.0381,0.0,1.7528
2026020073,2026-10-10,Panthers,Wild,Home,RL,5,5,2.8823,4.2476,1.6639,1.8047,Jacob Markstrom,Jesper Wallstedt,CG,CG,0,0,0,0,0,0,0,0,0,0,0,0,0,0,0,8,9,13,0,30,10,6,13,0,29,15,16,20,0,51,24,17,23,0,64,36,0,0,1,0,0,1,2,1,1,0,4,14,11,5,0,30,10,9,5,0,24,0,1,5,3,600,266,25,29,0.862,0.967,0,1,0,0,0,6,4,0,0,3547,53,0,1147,53,0,1200,0,0,1200,0,0,0,0,0.5391,0.6033,0.5405,0.4733,1.0,2550,0,-,2550,55,14,0,0,0,0,0,0,90,15,0,0,1,1,0,0,2,2,1,0,0,0,0,0,0,0,0,0,0,0,0,0,0,0,0,1.92,1.92,1.19,0.0,2.71,2.71,0.87,0.04,17,13,3,4,10,0,4,3,6,0,1.1253,0.8889,0.576,1.0487,1.2576,0.0,0.7678,0.8359,2.6439,0.0,2.7391
2026020073,2026-10-10,Wild,Panthers,Away,RW,5,5,4.2476,2.8823,1.8047,1.6639,Jesper Wallstedt,Jacob Markstrom,CG,CG,0,0,0,0,0,0,0,0,1,0,0,0,0,0,0,10,6,13,0,29,8,9,13,0,30,24,17,23,0,64,15,16,20,0,51,44,0,2,1,1,0,4,0,1,0,0,1,10,9,5,0,24,14,11,5,0,30,1,0,3,5,266,600,29,25,0.967,0.862,1,0,0,0,6,0,0,4,3547,0,53,1147,0,53,1200,0,0,1200,0,0,0,0,0,1.4609,1.3967,1.4595,1.5267,1.0,2550,0,-,2550,14,55,0,0,0,0,0,0,15,90,0,0,2,2,1,0,1,1,0,0,0,0,0,0,0,0,0,0,0,0,0,0,0,0,0,2.71,2.71,0.87,0.04,1.92,1.92,1.19,0.0,13,17,4,3,6,0,3,4,10,0,0.8889,1.1253,0.7678,0.8359,2.6439,0.0,0.576,1.0487,1.2576,0.0,2.8823
2026020074,2026-10-10,Sabres,Mammoth,Home,RL,5,6,2.9805,4.1337,1.8697,3.2156,Colten Ellis,Karel Vejmelka,CG,CG,0,0,0,0,0,0,0,0,1,1,0,0,0,0,0,7,4,13,0,24,12,8,10,0,30,19,14,25,0,58,23,30,26,0,79,40,0,1,0,0,0,1,1,2,1,0,4,7,6,4,0,17,12,13,8,0,33,1,2,4,5,310,422,26,23,0.867,0.958,0,0,0,0,0,2,1,3,132,1477,1991,132,0,1068,0,277,923,0,1200,0,0,0,0,0.6602,1.022,0.9148,0.0437,1.0,2775,0,-,2703,52,31,0,0,0,0,0,0,0,46,72,0,0,0,1,0,2,2,2,0,0,0,0,0,0,0,0,0,0,0,0,0,0,0,0,1.54,1.54,0.98,0.0,3.9,3.98,0.93,0.01,12,19,2,1,9,0,8,6,5,0,0.7688,0.845,0.4469,0.6505,1.8831,0.0,1.4553,1.2985,1.3799,0.0,4.1337
2026020074,2026-10-10,Mammoth,Sabres,Away,RW,6,5,4.1337,2.9805,3.2156,1.8697,Karel Vejmelka,Colten Ellis,CG,CG,0,0,0,0,0,0,0,0,0,0,0,0,1,0,0,12,8,10,0,30,7,4,13,0,24,23,30,26,0,79,19,14,25,0,58,62,0,1,2,1,0,4,1,0,0,0,1,12,13,8,0,33,7,6,4,0,17,2,1,5,4,422,310,23,26,0.958,0.867,0,0,0,0,2,0,3,1,1477,132,1991,0,132,1068,277,0,923,1200,0,0,0,0,0,1.3398,0.978,1.0852,1.9563,1.0,2775,0,-,2703,31,52,0,0,0,0,0,0,46,0,72,0,2,2,2,0,0,0,1,0,0,0,0,0,0,0,0,0,0,0,0,0,0,0,0,3.9,3.98,0.93,0.01,1.54,1.54,0.98,0.0,19,12,8,6,5,0,2,1,9,0,0.845,0.7688,1.4553,1.2985,1.3799,0.0,0.4469,0.6505,1.8831,0.0,2.9805
2026020075,2026-10-10,Canadiens,Red Wings,Home,SOW,5,5,3.19,3.2056,1.7096,1.3008,Jacob Fowler,Daniil Tarasov,CG,CG,0,0,0,0,1,0,0,0,0,0,0,0,0,0,0,9,11,7,3,30,11,7,9,3,30,19,20,16,9,64,21,21,16,7,65,42,0,0,0,0,0,0,0,0,0,0,0,9,5,5,0,19,8,4,10,0,22,0,0,4,4,480,454,30,30,1.0,1.0,0,0,0,0,0,0,2,0,0,0,3900,0,0,1200,0,0,1200,0,0,1200,0,0,300,1.0,1.0,1.0,1.0,1.0,2894,0,-,2594,89,28,0,0,0,14,0,0,0,0,0,300,0,0,0,0,0,0,0,0,0,0,0,0,0,0,0,0,0,0,0,0,0,0,0,2.24,2.82,0.94,0.01,1.69,2.11,1.14,0.0,15,12,4,5,3,3,3,4,4,1,0.8113,1.4357,0.8281,1.0479,0.7107,0.6033,0.79,1.4731,0.4734,0.4691,3.2056
2026020075,2026-10-10,Red Wings,Canadiens,Away,SOL,5,5,3.2056,3.19,1.3008,1.7096,Daniil Tarasov,Jacob Fowler,CG,CG,1,0,0,0,0,0,0,0,0,0,0,0,0,0,0,11,7,9,3,30,9,11,7,3,30,21,21,16,7,65,19,20,16,9,64,40,0,0,0,0,0,0,0,0,0,0,0,8,4,10,0,22,9,5,5,0,19,0,0,4,4,454,480,30,30,1.0,1.0,0,0,0,0,0,0,0,2,0,0,3900,0,0,1200,0,0,1200,0,0,1200,0,0,300,1.0,1.0,1.0,1.0,1.0,2894,0,-,2594,28,89,0,0,14,0,0,0,0,0,0,300,0,0,0,0,0,0,0,0,0,0,0,0,0,0,0,0,0,0,0,0,0,0,0,1.69,2.11,1.14,0.0,2.24,2.82,0.94,0.01,12,15,3,4,4,1,4,5,3,3,1.4357,0.8113,0.79,1.4731,0.4734,0.4691,0.8281,1.0479,0.7107,0.6033,3.19
2026020076,2026-10-10,Senators,Predators,Home,SOW,5,5,2.6804,2.1265,1.1633,0.967,Linus Ullmark,Matt Murray,CG,CG,0,0,1,0,0,0,0,0,0,0,0,0,1,1,0,4,9,5,2,20,7,4,4,3,18,13,21,17,6,57,14,15,20,6,55,36,0,0,1,1,0,2,2,0,0,0,2,7,7,6,0,20,14,10,10,0,34,1,1,6,6,377,438,16,18,0.889,0.9,0,0,0,0,0,2,2,1,0,2987,913,0,670,530,0,1200,0,0,1117,83,0,0,300,0.7715,0.7858,0.6577,0.8138,1.0,2874,0,-,2531,136,41,110,0,51,0,0,0,5,33,219,124,0,1,1,0,1,1,1,0,0,0,0,0,0,0,0,0,0,0,0,0,0,0,0,1.37,1.58,0.97,0.0,1.34,1.79,0.22,0.05,13,9,2,7,4,0,2,0,5,2,0.3703,0.216,0.4732,1.0272,0.8797,0.3003,0.4995,0.1435,1.1494,0.3341,1.6639
2026020076,2026-10-10,Predators,Senators,Away,SOL,5,5,2.1265,2.6804,0.967,1.1633,Matt Murray,Linus Ullmark,CG,CG,0,0,0,0,0,0,1,0,1,1,1,0,0,0,0,7,4,4,3,18,4,9,5,2,20,14,15,20,6,55,13,21,17,6,57,37,0,2,0,0,0,2,0,1,1,0,2,14,10,10,0,34,7,7,6,0,20,1,1,6,6,438,377,18,16,0.9,0.889,0,0,0,0,2,0,1,2,2987,0,913,670,0,530,1200,0,0,1117,0,83,0,0,300,1.2285,1.2142,1.3422,1.1862,1.0,2874,0,-,2531,41,136,0,110,0,51,0,0,33,5,219,124,1,1,1,0,0,1,1,0,0,0,0,0,0,0,0,0,0,0,0,0,0,0,0,1.34,1.79,0.22,0.05,1.37,1.58,0.97,0.0,9,13,2,0,5,2,2,7,4,0,0.216,0.3703,0.4995,0.1435,1.1494,0.3341,0.4732,1.0272,0.8797,0.3003,2.6804
2026020077,2026-10-10,Penguins,Stars,Home,SOW,6,5,2.7547,2.3863,1.5376,1.0517,Arturs Silovs,Jake Oettinger,CG,CG,1,1,1,0,0,0,0,0,1,0,0,0,0,0,0,4,10,4,2,20,5,8,10,2,25,12,26,14,7,59,19,22,19,3,63,39,0,0,0,1,0,1,0,0,1,0,1,5,1,4,0,10,9,9,5,0,23,0,0,5,3,531,291,24,19,0.96,0.95,0,0,0,0,0,0,2,2,1053,0,2847,0,0,1200,0,0,1200,1053,0,147,0,0,300,1.054,1.0,1.0,1.1755,1.0,2997,0,-,2632,16,53,0,0,0,0,0,0,0,10,65,300,1,1,0,0,0,1,0,0,0,0,0,0,0,0,0,0,0,0,0,0,0,0,0,1.66,2.0,0.85,0.0,0.93,1.15,1.01,0.11,14,12,4,6,2,2,2,2,7,1,0.7903,0.8103,0.7424,1.1191,0.4943,0.3989,0.5072,0.5467,1.2171,0.1153,2.3863
2026020077,2026-10-10,Stars,Penguins,Away,SOL,5,6,2.3863,2.7547,1.0517,1.5376,Jake Oettinger,Arturs Silovs,CG,CG,0,0,0,0,1,1,1,0,0,0,0,0,0,0,0,5,8,10,2,25,4,10,4,2,20,19,22,19,3,63,12,26,14,7,59,39,0,0,0,1,0,1,0,0,1,0,1,9,9,5,0,23,5,1,4,0,10,0,0,3,5,291,531,19,24,0.95,0.96,0,0,0,0,0,0,2,2,0,1053,2847,0,0,1200,0,0,1200,0,1053,147,0,0,300,0.946,1.0,1.0,0.8245,1.0,2997,0,-,2632,53,16,0,0,0,0,0,0,10,0,65,300,0,1,0,0,1,1,0,0,0,0,0,0,0,0,0,0,0,0,0,0,0,0,0,0.93,1.15,1.01,0.11,1.66,2.0,0.85,0.0,12,14,2,2,7,1,4,6,2,2,0.8103,0.7903,0.5072,0.5467,1.2171,0.1153,0.7424,1.1191,0.4943,0.3989,2.7547
2026020078,2026-10-10,Blackhawks,Hurricanes,Home,RL,6,6,2.2557,3.7091,1.8554,3.0463,Spencer Knight,Brandon Bussi,CG,CG,0,0,0,0,0,0,0,0,0,0,0,0,0,0,0,7,6,13,0,26,16,14,9,0,39,16,12,25,0,53,27,21,19,0,67,46,0,0,1,1,0,2,1,3,1,0,5,2,5,6,0,13,6,5,1,0,12,0,0,2,2,240,240,34,24,0.872,0.923,0,0,0,0,0,1,1,3,0,2457,1143,0,57,1143,0,1200,0,0,1200,0,0,0,0,0.3816,0.9905,0.1543,0.0,1.0,2976,0,-,2976,132,12,0,0,0,0,0,0,0,0,0,0,2,2,0,0,4,4,0,1,0,0,0,0,0,0,0,0,0,0,0,0,0,0,0,1.98,1.98,0.36,0.0,4.08,4.08,0.31,0.17,13,23,3,2,8,0,8,8,7,0,0.166,0.271,0.5855,0.7829,0.8873,0.0,1.0624,1.4757,1.171,0.0,3.7091
2026020078,2026-10-10,Hurricanes,Blackhawks,Away,RW,6,6,3.7091,2.2557,3.0463,1.8554,Brandon Bussi,Spencer Knight,CG,CG,0,0,0,0,0,0,0,0,1,0,0,0,0,0,0,16,14,9,0,39,7,6,13,0,26,27,21,19,0,67,16,12,25,0,53,58,0,1,3,1,0,5,0,1,1,0,2,6,5,1,0,12,2,5,6,0,13,0,0,2,2,240,240,24,34,0.923,0.872,0,0,0,0,1,0,3,1,2457,0,1143,57,0,1143,1200,0,0,1200,0,0,0,0,0,1.6184,1.0095,1.8457,2.0,1.0,2976,0,-,2976,12,132,0,0,0,0,0,0,0,0,0,0,4,4,0,1,2,2,0,0,0,0,0,0,0,0,0,0,0,0,0,0,0,0,0,4.08,4.08,0.31,0.17,1.98,1.98,0.36,0.0,23,13,8,8,7,0,3,2,8,0,0.271,0.166,1.0624,1.4757,1.171,0.0,0.5855,0.7829,0.8873,0.0,2.2557
2026020079,2026-10-10,Blues,Blue Jackets,Home,RW,5,4,3.721,1.7851,2.1487,1.7284,Jordan Binnington,Jet Greaves,CG,CG,0,0,0,0,1,0,0,0,0,0,0,0,1,1,0,4,12,11,0,27,10,3,10,0,23,12,16,18,0,46,18,21,21,0,60,38,0,0,3,2,0,5,2,0,1,0,3,8,2,2,0,12,6,8,3,0,17,0,0,1,1,120,120,20,22,0.87,0.815,1,0,0,0,3,0,1,2,1486,772,1342,0,230,970,448,542,210,1038,0,162,0,0,0,1.0114,0.9587,0.8918,1.1837,1.0,3226,0,-,3118,19,80,0,0,0,0,0,0,0,0,108,0,3,4,0,0,3,3,0,0,0,0,0,0,0,0,0,0,0,0,0,0,0,0,0,2.1,2.1,0.92,0.0,1.75,1.75,0.04,0.0,11,7,3,3,5,0,5,1,1,0,0.4011,0.0,0.5988,1.3646,1.7576,0.0,0.8431,0.3381,0.6039,0.0,1.7851
2026020079,2026-10-10,Blue Jackets,Blues,Away,RL,4,5,1.7851,3.721,1.7284,2.1487,Jet Greaves,Jordan Binnington,CG,CG,1,0,0,0,0,0,0,0,1,1,1,0,0,0,0,10,3,10,0,23,4,12,11,0,27,18,21,21,0,60,12,16,18,0,46,54,0,2,0,1,0,3,0,3,2,0,5,6,8,3,0,17,8,2,2,0,12,0,0,1,1,120,120,22,20,0.815,0.87,0,1,0,0,0,3,2,1,772,1486,1342,230,0,970,542,448,210,0,1038,162,0,0,0,0.9886,1.0413,1.1082,0.8162,1.0,3226,0,-,3118,80,19,0,0,0,0,0,0,0,0,108,0,3,3,0,0,3,4,0,0,0,0,0,0,0,0,0,0,0,0,0,0,0,0,0,1.75,1.75,0.04,0.0,2.1,2.1,0.92,0.0,7,11,5,1,1,0,3,3,5,0,0.0,0.4011,0.8431,0.3381,0.6039,0.0,0.5988,1.3646,1.7576,0.0,3.1791
2026020080,2026-10-10,Avalanche,Maple Leafs,Home,RL,5,6,4.3662,2.9867,2.8501,1.9346,Mackenzie Blackwood,Sergei Bobrovsky,CG,CG,0,1,0,0,0,0,0,0,0,1,0,0,0,0,0,11,13,9,0,33,8,4,11,0,23,23,19,19,0,61,18,24,17,0,59,45,0,2,1,0,0,3,1,3,2,0,6,5,8,3,0,16,8,8,6,0,22,0,2,5,4,592,301,17,30,0.739,0.909,0,1,0,0,0,4,3,1,961,1810,829,286,463,451,675,147,378,0,1200,0,0,0,0,0.9076,0.9705,1.088,0.6643,1.0,2557,0,-,2557,82,26,0,0,9,0,0,0,92,0,0,0,3,3,0,0,3,3,2,0,0,0,0,0,0,0,0,0,0,0,0,0,0,0,0,2.78,2.78,1.5,0.0,1.89,1.89,0.42,0.0,18,11,3,8,7,0,4,2,5,0,0.9844,0.4305,1.0139,2.0685,1.2838,0.0,0.9742,0.7643,1.2482,0.0,2.3651
2026020080,2026-10-10,Maple Leafs,Avalanche,Away,RW,6,5,2.9867,4.3662,1.9346,2.8501,Sergei Bobrovsky,Mackenzie Blackwood,CG,CG,0,0,0,0,0,1,0,0,1,0,0,0,1,0,0,8,4,11,0,23,11,13,9,0,33,18,24,17,0,59,23,19,19,0,61,48,0,1,3,2,0,6,2,1,0,0,3,8,8,6,0,22,5,8,3,0,16,2,0,4,5,301,592,30,17,0.909,0.739,1,0,0,0,4,0,1,3,1810,961,829,463,286,451,147,675,378,1200,0,0,0,0,0,1.0924,1.0295,0.912,1.3357,1.0,2557,0,-,2557,26,82,0,0,0,9,0,0,0,92,0,0,3,3,2,0,3,3,0,0,0,0,0,0,0,0,0,0,0,0,0,0,0,0,0,1.89,1.89,0.42,0.0,2.78,2.78,1.5,0.0,11,18,4,2,5,0,3,8,7,0,0.4305,0.9844,0.9742,0.7643,1.2482,0.0,1.0139,2.0685,1.2838,0.0,4.3662
2026020081,2026-10-10,Islanders,Lightning,Home,RL,5,5,2.0715,3.0024,1.1802,1.172,Ilya Sorokin,Andrei Vasilevskiy,CG,CG,0,0,0,0,0,0,0,0,0,0,0,0,0,0,0,4,10,9,0,23,10,8,8,0,26,13,15,21,0,49,16,12,20,0,48,42,0,0,3,0,0,3,2,1,2,0,5,16,4,10,0,30,9,3,6,0,18,1,1,2,4,221,429,21,20,0.808,0.87,0,1,0,0,0,1,1,0,0,2152,1448,0,855,345,0,1193,7,0,104,1096,0,0,0,0.8009,0.793,0.6477,0.9619,1.0,2866,0,-,2866,14,6,0,0,0,0,0,0,39,0,0,0,2,2,1,0,3,3,1,0,0,0,0,0,0,0,0,0,0,0,0,0,0,0,0,1.31,1.31,0.34,0.0,1.75,1.75,0.75,0.24,9,6,3,3,3,0,1,4,1,0,0.8913,0.963,0.2633,1.335,0.4732,0.0,0.5942,1.3798,1.0284,0.0,2.4345
2026020081,2026-10-10,Lightning,Islanders,Away,RW,5,5,3.0024,2.0715,1.172,1.1802,Andrei Vasilevskiy,Ilya Sorokin,CG,CG,0,0,0,0,0,0,0,0,1,0,0,0,0,0,0,10,8,8,0,26,4,10,9,0,23,16,12,20,0,48,13,15,21,0,49,38,0,2,1,2,0,5,0,3,0,0,3,9,3,6,0,18,16,4,10,0,30,1,1,4,2,429,221,20,21,0.87,0.808,1,0,0,0,1,0,0,1,2152,0,1448,855,0,345,1193,0,7,104,0,1096,0,0,0,1.1991,1.207,1.3523,1.0381,1.0,2866,0,-,2866,6,14,0,0,0,0,0,0,0,39,0,0,3,3,1,0,2,2,1,0,0,0,0,0,0,0,0,0,0,0,0,0,0,0,0,1.75,1.75,0.75,0.24,1.31,1.31,0.34,0.0,6,9,1,4,1,0,3,3,3,0,0.963,0.8913,0.5942,1.3798,1.0284,0.0,0.2633,1.335,0.4732,0.0,2.0715
