game_id,event_id,time_seconds,period,team_id,player_id,shot_type,x,y,distance,angle,is_rebound,strength_state,score_differential,is_goal,event_type,time_since_last_event,speed_from_last_event,last_event_type,rebound_angle,is_rush,xG,xg_raw,xG_flurry_adj
2026020001,113,263,1,13,8477933,wrist,12,-15,78.4,11.0,0,5v5,0,0,506,7,15.01,hit,0.0,0,0.0133,0.0133,0.0133
2026020001,116,269,1,13,8482113,snap,72,7,18.4,22.4,0,5v5,0,0,506,6,10.65,shot-on-goal,0.0,0,0.1903,0.1907,0.1903
2026020001,126,286,1,12,8482809,backhand,-73,-6,17.1,20.6,0,5v5,0,0,506,13,11.13,faceoff,0.0,0,0.07,0.0702,0.07
2026020001,159,438,1,13,8477933,wrist,16,-35,81.0,25.6,0,5v5,0,0,506,31,1.76,faceoff,0.0,0,0.007,0.007,0.007
2026020001,190,536,1,13,8479314,tip-in,81,6,10.0,36.9,0,5v4,0,0,507,8,1.9,giveaway,0.0,0,0.0812,0.0814,0.0812
2026020001,225,674,1,12,8484428,snap,-36,0,53.0,0.0,0,5v5,0,0,507,5,7.93,faceoff,0.0,0,0.0679,0.0681,0.0679
2026020001,230,708,1,13,8474189,wrist,80,35,36.1,75.6,0,5v5,0,0,506,9,20.36,hit,0.0,0,0.0069,0.0069,0.0069
2026020001,251,551,1,13,8479314,wrist,98,-4,9.8,156.0,0,5v4,0,0,506,15,1.31,missed-shot,0.0,0,0.0528,0.0529,0.0528
2026020001,254,122,4,13,8477932,wrist,-55,-6,34.5,10.0,0,3v3,0,0,507,20,6.16,hit,0.0,0,0.0919,0.0921,0.0919
2026020001,310,814,1,13,8477935,wrist,69,-2,20.1,5.7,0,5v5,0,0,506,9,15.49,faceoff,0.0,0,0.1276,0.1279,0.1276
2026020001,346,972,1,13,8478859,backhand,45,-8,44.7,10.3,0,5v5,0,0,507,16,7.86,hit,0.0,0,0.0132,0.0132,0.0132
2026020001,353,212,2,12,8476873,wrist,78,-24,26.4,65.4,0,3v4,0,0,507,3,3.07,faceoff,0.0,0,0.0648,0.065,0.0648
2026020001,354,343,2,12,8476906,slap,59,-23,37.8,37.5,0,5v4,0,0,507,3,15.37,faceoff,0.0,0,0.0673,0.0675,0.0673
2026020001,355,577,2,12,8480830,slap,76,-24,27.3,61.6,0,5v3,0,0,507,10,3.22,missed-shot,0.0,0,0.107,0.1072,0.107
2026020001,475,1083,1,12,8480762,tip-in,-63,9,27.5,19.1,0,5v5,0,0,507,2,7.16,faceoff,0.0,0,0.0173,0.0173,0.0173
2026020001,477,1110,1,12,8478427,backhand,-68,-4,21.4,10.8,0,5v5,0,0,506,2,14.51,hit,0.0,0,0.0365,0.0366,0.0365
2026020001,499,1198,1,12,8484428,snap,-49,30,50.0,36.9,0,5v5,0,0,506,56,0.88,hit,0.0,0,0.0196,0.0196,0.0196
2026020001,555,157,2,13,8478859,wrist,-50,-39,55.2,45.0,0,4v4,0,0,506,12,2.12,faceoff,0.0,0,0.0093,0.0093,0.0093
2026020001,566,195,2,13,8477495,snap,-55,-16,37.6,25.2,0,4v3,0,0,506,15,1.95,blocked-shot,0.0,0,0.0859,0.0861,0.0859
2026020001,576,242,2,13,8477933,tip-in,-86,-5,5.8,59.0,0,4v3,0,0,507,30,5.5,missed-shot,0.0,0,0.0828,0.083,0.0828
2026020001,599,332,2,13,8482113,wrist,-74,-14,20.5,43.0,0,5v5,0,0,506,52,0.4,hit,0.0,0,0.085,0.0852,0.085
2026020001,610,345,2,13,8478859,wrist,91,-24,24.1,94.8,0,4v5,0,0,506,2,16.01,missed-shot,0.0,0,0.0074,0.0074,0.0074
2026020001,614,388,2,13,8482113,snap,-84,-26,26.5,79.1,0,4v5,0,0,506,6,22.44,hit,0.0,0,0.0469,0.047,0.0469
2026020001,630,486,2,13,8480801,backhand,-83,3,6.7,26.6,0,5v5,0,0,506,10,3.72,hit,0.0,0,0.1843,0.1847,0.1843
2026020001,649,547,2,12,8476906,snap,50,-16,42.2,22.3,0,5v3,0,0,506,10,0.82,blocked-shot,0.0,0,0.0343,0.0344,0.0343
2026020001,650,556,2,12,8477940,snap,68,-12,24.2,29.7,0,5v3,0,0,506,9,2.05,shot-on-goal,0.0,0,0.1266,0.1269,0.1266
2026020001,654,567,2,12,8480830,wrist,80,8,12.0,41.6,0,5v3,0,0,507,9,3.55,faceoff,0.0,0,0.1236,0.1239,0.1236
2026020001,675,635,2,12,8480336,snap,60,-37,47.0,51.9,0,4v4,0,0,506,7,18.55,faceoff,0.0,0,0.0193,0.0193,0.0193
2026020001,678,662,2,13,8477493,tip-in,-78,2,11.2,10.3,0,5v4,0,0,506,8,5.26,hit,0.0,0,0.0959,0.0961,0.0959
2026020001,679,669,2,13,8480801,snap,-40,-16,51.5,18.1,0,5v4,0,0,507,7,6.01,shot-on-goal,0.0,0,0.034,0.0341,0.034
2026020001,685,689,2,12,8478427,snap,62,5,27.5,10.5,0,4v5,0,0,506,20,5.21,missed-shot,0.0,0,0.1214,0.1217,0.1214
2026020001,705,780,2,13,8480185,wrist,-70,5,19.6,14.7,0,5v5,0,0,507,6,8.42,hit,0.0,0,0.1235,0.1238,0.1235
2026020001,743,966,2,13,8480185,snap,-70,0,19.0,0.0,0,5v5,0,0,506,19,7.06,blocked-shot,0.0,0,0.1871,0.1875,0.1871
2026020001,760,1026,2,12,8478427,snap,43,22,51.0,25.6,0,5v4,0,0,506,4,6.5,faceoff,0.0,0,0.0329,0.033,0.0329
2026020001,773,1080,2,12,8480830,wrist,79,1,10.0,5.7,0,5v4,0,0,506,2,4.61,blocked-shot,0.0,0,0.1843,0.1847,0.1843
2026020001,774,1105,2,12,8482809,backhand,82,9,11.4,52.1,0,5v4,0,0,507,25,0.34,shot-on-goal,0.0,0,0.077,0.0772,0.077
2026020001,776,1117,2,12,8480830,snap,67,-20,29.7,42.3,0,5v4,0,0,506,12,2.72,missed-shot,0.0,0,0.0859,0.0861,0.0859
2026020001,833,153,3,13,8478859,wrist,42,32,56.9,34.2,0,5v5,0,0,507,3,9.6,faceoff,0.0,0,0.0149,0.0149,0.0149
2026020001,836,165,3,13,8478859,snap,30,25,64.1,23.0,0,5v5,0,0,506,0,0.0,giveaway,0.0,0,0.0073,0.0073,0.0073
2026020001,846,214,3,12,8476958,snap,-82,-30,30.8,76.9,0,5v5,0,0,506,3,5.09,faceoff,0.0,0,0.0124,0.0124,0.0124
2026020001,848,229,3,12,8478427,snap,-60,-5,29.4,9.8,0,5v5,0,0,506,7,2.75,blocked-shot,0.0,0,0.1371,0.1374,0.1371
2026020001,888,385,3,12,8476906,slap,-39,29,57.8,30.1,0,5v5,0,0,507,6,9.86,faceoff,0.0,0,0.0347,0.0348,0.0347
2026020001,960,483,3,12,8482809,backhand,-84,5,7.1,45.0,0,5v4,0,0,506,58,0.53,faceoff,0.0,0,0.0911,0.0913,0.0911
2026020001,963,524,3,12,8475791,snap,-86,7,7.6,66.8,0,5v4,0,0,506,29,1.52,blocked-shot,0.0,0,0.1694,0.1698,0.1694
2026020001,965,530,3,12,8482809,snap,-83,-5,7.8,39.8,0,5v4,0,0,507,5,1.97,blocked-shot,0.0,0,0.1811,0.1815,0.1811
2026020001,974,569,3,13,8478859,wrist,-81,40,40.8,78.7,0,5v5,0,0,506,39,1.15,missed-shot,0.0,0,0.0103,0.0103,0.0103
2026020001,1063,759,3,13,8477409,wrist,72,-19,25.5,48.2,0,5v5,0,0,507,17,1.71,blocked-shot,0.0,0,0.0686,0.0688,0.0686
2026020001,1069,776,3,13,8477409,snap,84,30,30.4,80.5,0,5v5,0,0,506,17,2.97,missed-shot,0.0,0,0.0385,0.0386,0.0385
2026020001,1100,938,3,13,8479314,snap,44,-35,57.0,37.9,0,5v4,0,0,506,5,6.6,blocked-shot,0.0,0,0.0154,0.0154,0.0154
2026020001,1118,1017,3,13,8483771,slap,58,36,47.5,49.3,0,5v5,0,0,507,37,3.51,hit,0.0,0,0.0185,0.0185,0.0185
2026020001,1137,1094,3,13,8478859,snap,72,12,20.8,35.2,0,5v5,0,0,507,30,3.08,faceoff,0.0,0,0.1903,0.1907,0.1903
2026020001,1151,1148,3,13,8478055,slap,32,36,67.4,32.3,0,5v5,0,0,506,0,0.0,giveaway,0.0,0,0.0021,0.0021,0.0021
2026020001,1157,1151,3,13,8479314,wrist,62,36,45.0,53.1,0,5v5,0,0,507,1,15.65,faceoff,0.0,0,0.0103,0.0103,0.0103
2026020001,1200,207,4,12,8477940,snap,73,-22,27.2,54.0,0,3v3,0,0,506,85,1.52,missed-shot,0.0,0,0.0308,0.0309,0.0308
2026020001,1211,295,4,13,8478055,slap,-35,-12,55.3,12.5,0,3v3,0,1,505,35,0.65,blocked-shot,0.0,0,0.0599,0.06,0.0599
2026020002,55,13,1,10,8478458,wrist,-68,34,40.0,58.3,0,5v5,0,0,506,10,10.54,hit,0.0,0,0.0211,0.0211,0.0211
2026020002,62,48,1,10,8477939,wrist,-66,24,33.2,46.2,0,5v5,0,1,505,17,2.38,giveaway,0.0,0,0.058,0.0581,0.058
2026020002,100,174,1,8,8475184,snap,47,-26,49.4,31.8,0,5v5,-1,0,506,18,1.52,blocked-shot,0.0,0,0.0115,0.0115,0.0115
2026020002,101,183,1,10,8479318,tip-in,-70,-11,22.0,30.1,0,5v5,1,0,506,9,13.11,shot-on-goal,0.0,0,0.0615,0.0616,0.0615
2026020002,110,237,1,10,8475171,wrist,-59,-36,46.9,50.2,0,5v5,1,0,506,10,14.33,blocked-shot,0.0,0,0.014,0.014,0.014
2026020002,137,372,1,10,8479318,slap,-65,-13,27.3,28.4,0,5v5,1,0,506,45,2.42,hit,0.0,0,0.1175,0.1178,0.1175
2026020002,151,415,1,10,8478178,slap,-41,-4,48.2,4.8,0,5v5,1,0,506,10,3.33,faceoff,0.0,0,0.0626,0.0627,0.0626
2026020002,166,484,1,8,8480074,snap,62,31,41.1,48.9,0,5v5,-1,0,507,17,3.89,hit,0.0,0,0.0228,0.0229,0.0228
2026020002,183,583,1,8,8483515,tip-in,84,-1,5.1,11.3,0,5v4,-1,0,506,1,17.72,blocked-shot,0.0,0,0.0722,0.0724,0.0722
2026020002,202,650,1,8,8476981,tip-in,81,-2,8.2,14.0,0,5v5,-1,0,506,27,2.09,giveaway,0.0,0,0.1244,0.1247,0.1244
2026020002,203,653,1,8,8476981,bat,84,-5,7.1,45.0,0,5v5,-1,1,505,3,1.41,shot-on-goal,0.0,0,0.5748,0.5761,0.5748
2026020002,224,759,1,10,8477939,slap,-52,-23,43.6,31.9,0,5v4,0,0,506,14,4.36,takeaway,0.0,0,0.041,0.0411,0.041
2026020002,225,766,1,10,8475166,tip-in,-80,-2,9.2,12.5,0,5v4,0,0,506,7,5.0,shot-on-goal,0.0,0,0.121,0.1213,0.121
2026020002,253,39,3,10,8480893,snap,-67,-28,35.6,51.8,0,5v5,-1,0,507,2,24.6,giveaway,0.0,0,0.0212,0.0212,0.0212
2026020002,257,1149,3,10,8479318,wrist,-82,24,25.0,73.7,0,6v5,-1,0,506,10,4.78,faceoff,0.0,0,0.0444,0.0445,0.0444
2026020002,258,1151,3,10,8475166,bat,-88,5,5.1,78.7,0,6v5,-1,0,507,2,9.96,shot-on-goal,0.0,0,0.2614,0.262,0.2614
2026020002,302,890,1,8,8476875,wrist,27,37,72.2,30.8,0,5v5,0,0,506,25,3.88,hit,0.0,0,0.0073,0.0073,0.0073
2026020002,303,915,1,8,8476981,wrist,76,-20,23.9,57.0,0,5v5,0,0,507,5,8.52,giveaway,0.0,0,0.0514,0.0515,0.0514
2026020002,315,972,1,8,8483515,wrist,81,28,29.1,74.1,0,5v5,0,0,506,18,5.91,hit,0.0,0,0.0166,0.0166,0.0166
2026020002,335,1053,1,8,8480018,backhand,58,36,47.5,49.3,0,5v5,0,0,506,12,11.05,giveaway,0.0,0,0.0082,0.0082,0.0082
2026020002,346,1087,1,8,8481540,wrist,82,-22,23.1,72.3,0,5v5,0,0,507,12,2.07,hit,0.0,0,0.0388,0.0389,0.0388
2026020002,348,1094,1,8,8481540,slap,43,21,50.6,24.5,0,5v5,0,0,506,7,8.29,missed-shot,0.0,0,0.0402,0.0403,0.0402
2026020002,354,1109,1,10,8478178,snap,-70,13,23.0,34.4,0,5v5,0,0,506,1,22.02,shot-on-goal,0.0,0,0.0623,0.0624,0.0623
2026020002,361,1139,1,8,8484984,tip-in,74,1,15.0,3.8,0,5v5,0,0,507,14,1.07,blocked-shot,0.0,0,0.107,0.1072,0.107
2026020002,372,1162,1,8,8478133,wrist,70,-22,29.1,49.2,0,5v5,0,0,507,23,1.02,missed-shot,0.0,0,0.0677,0.0679,0.0677
2026020002,373,1178,1,8,8476981,wrist,73,11,19.4,34.5,0,5v5,0,0,506,3,9.02,takeaway,0.0,0,0.168,0.1684,0.168
2026020002,376,1194,1,8,8481523,wrist,58,29,42.4,43.1,0,5v5,0,0,506,1,37.48,giveaway,0.0,0,0.0101,0.0101,0.0101
2026020002,391,17,2,10,8480893,snap,50,14,41.4,19.7,0,5v5,0,0,506,10,14.94,hit,0.0,0,0.0444,0.0445,0.0444
2026020002,397,21,2,10,8477939,backhand,85,19,19.4,78.1,0,5v5,0,0,507,2,8.14,faceoff,0.0,0,0.0174,0.0174,0.0174
2026020002,400,37,2,8,8482737,wrist,-69,8,21.5,21.8,0,5v5,0,0,506,14,9.91,faceoff,0.0,0,0.0939,0.0941,0.0939
2026020002,401,1108,1,10,8480893,wrist,-84,-4,6.4,38.7,0,5v5,0,0,506,14,9.25,shot-on-goal,0.0,0,0.1797,0.1801,0.1797
2026020002,402,1110,1,10,8478178,wrist,-77,6,13.4,26.6,0,5v5,0,0,506,1,9.9,shot-on-goal,0.0,0,0.0629,0.063,0.0629
2026020002,403,63,2,10,8486067,wrist,82,1,7.1,8.1,0,5v5,0,0,506,1,6.32,missed-shot,0.0,0,0.0843,0.0845,0.0843
2026020002,454,62,2,10,8475166,wrap-around,84,-5,7.1,45.0,0,5v5,0,0,507,25,6.14,shot-on-goal,0.0,0,0.0455,0.0456,0.0455
2026020002,459,94,2,10,8476925,tip-in,54,-19,39.8,28.5,0,5v5,0,0,507,22,2.18,hit,0.0,0,0.0283,0.0284,0.0283
2026020002,461,108,2,10,8476931,wrist,88,16,16.0,86.4,0,5v5,0,0,506,8,2.58,hit,0.0,0,0.0444,0.0445,0.0444
2026020002,484,203,2,10,8475690,wrist,37,4,52.2,4.4,0,5v5,0,0,506,38,1.99,hit,0.0,0,0.0399,0.04,0.0399
2026020002,495,264,2,8,8480865,snap,-42,41,62.4,41.1,0,5v5,0,0,506,1,62.65,hit,0.0,0,0.0056,0.0056,0.0056
2026020002,500,270,2,10,8476853,wrist,-75,38,40.5,69.8,0,5v5,0,0,506,4,4.27,faceoff,0.0,0,0.0156,0.0156,0.0156
2026020002,602,292,2,8,8482737,wrist,-70,0,19.0,0.0,0,5v5,0,1,505,22,1.74,shot-on-goal,0.0,0,0.1498,0.1501,0.1498
2026020002,636,427,2,8,8481540,tip-in,-78,-7,13.0,32.5,0,5v5,1,0,507,4,12.83,giveaway,0.0,0,0.0725,0.0727,0.0725
2026020002,648,503,2,8,8483457,wrist,-40,-28,56.4,29.7,0,5v5,1,0,507,33,2.35,hit,0.0,0,0.0217,0.0218,0.0217
2026020002,674,624,2,10,8480893,backhand,85,-4,5.7,45.0,0,5v5,-1,0,507,11,4.84,giveaway,0.0,0,0.1841,0.1845,0.1841
2026020002,688,673,2,10,8475166,wrist,78,-10,14.9,42.3,0,5v5,-1,0,506,8,4.16,faceoff,0.0,0,0.1215,0.1218,0.1215
2026020002,691,677,2,10,8478178,wrist,31,-31,65.8,28.1,0,5v5,-1,0,507,2,19.53,faceoff,0.0,0,0.0086,0.0086,0.0086
2026020002,694,713,2,8,8476875,slap,-46,-34,54.8,38.3,0,5v5,1,0,506,19,1.45,hit,0.0,0,0.0302,0.0303,0.0302
2026020002,701,730,2,8,8481540,wrist,-53,-27,45.0,36.9,0,5v5,1,0,506,17,0.58,shot-on-goal,0.0,0,0.0254,0.0255,0.0254
2026020002,706,741,2,8,8481618,backhand,-83,-8,10.0,53.1,0,5v5,1,0,507,9,2.2,faceoff,0.0,0,0.1037,0.1039,0.1037
2026020002,713,774,2,8,8481618,tip-in,-79,6,11.7,31.0,0,5v5,1,0,506,33,0.44,missed-shot,0.0,0,0.0699,0.0701,0.0699
2026020002,724,788,2,8,8476875,wrist,-44,2,45.0,2.5,0,4v4,1,0,506,12,2.6,faceoff,0.0,0,0.0547,0.0548,0.0547
2026020002,733,828,2,8,8478851,wrist,-67,-21,30.4,43.7,0,4v4,1,0,506,13,5.4,faceoff,0.0,0,0.0742,0.0744,0.0742
2026020002,736,857,2,8,8483515,slap,-47,18,45.7,23.2,0,4v4,1,0,507,29,1.51,shot-on-goal,0.0,0,0.0395,0.0396,0.0395
2026020002,817,21,3,10,8480893,wrist,-62,5,27.5,10.5,0,5v5,-1,0,506,21,2.96,faceoff,0.0,0,0.0953,0.0955,0.0953
2026020002,829,84,3,10,8477939,wrist,-66,-28,36.2,50.6,0,5v5,-1,0,506,15,4.88,giveaway,0.0,0,0.0157,0.0157,0.0157
2026020002,842,130,3,10,8476931,wrist,-40,-38,62.0,37.8,0,5v5,-1,0,507,10,0.32,hit,0.0,0,0.0074,0.0074,0.0074
2026020002,848,165,3,10,8476927,wrist,-61,-34,44.0,50.5,0,5v5,-1,0,506,33,0.44,faceoff,0.0,0,0.018,0.018,0.018
2026020002,859,219,3,10,8478458,tip-in,-82,1,7.1,8.1,0,5v5,-1,0,506,47,0.62,blocked-shot,0.0,0,0.1265,0.1268,0.1265
2026020002,864,245,3,10,8477939,slap,-60,18,34.1,31.8,0,5v5,-1,0,506,15,6.14,giveaway,0.0,0,0.0846,0.0848,0.0846
2026020002,872,262,3,8,8478851,wrist,24,-35,73.8,28.3,0,5v5,1,0,506,16,6.82,faceoff,0.0,0,0.0389,0.039,0.0389
2026020002,888,334,3,10,8484158,wrist,-71,-19,26.2,46.5,0,5v5,-1,0,506,35,2.14,takeaway,0.0,0,0.0654,0.0656,0.0654
2026020002,915,447,3,8,8481540,wrist,87,16,16.1,82.9,0,5v4,1,0,506,26,1.62,faceoff,0.0,0,0.0539,0.054,0.0539
2026020002,917,466,3,8,8484984,wrist,75,-17,22.0,50.5,0,5v4,1,0,506,9,3.64,blocked-shot,0.0,0,0.0852,0.0854,0.0852
2026020002,921,484,3,8,8483515,wrist,72,23,28.6,53.5,0,5v4,1,0,507,18,2.23,shot-on-goal,0.0,0,0.0553,0.0554,0.0553
2026020002,930,537,3,8,8475184,tip-in,80,4,9.8,24.0,0,5v4,1,0,507,53,0.39,missed-shot,0.0,0,0.112,0.1123,0.112
2026020002,933,552,3,10,8477939,wrist,-70,23,29.8,50.4,0,5v5,-1,0,507,9,14.87,blocked-shot,0.0,0,0.0717,0.0719,0.0717
2026020002,945,569,3,10,8475166,wrist,-82,2,7.3,15.9,0,5v4,-1,0,506,13,2.1,faceoff,0.0,0,0.1797,0.1801,0.1797
2026020002,946,573,3,10,8475166,wrist,-82,1,7.1,8.1,0,5v4,-1,0,506,2,4.3,blocked-shot,0.0,0,0.2787,0.2793,0.2787
2026020002,951,390,3,8,8478133,wrist,84,-4,6.4,38.7,0,5v5,1,0,506,13,5.11,faceoff,0.0,0,0.1931,0.1935,0.1931
2026020002,1024,695,3,8,8480018,wrist,-14,-26,79.4,19.1,0,5v5,1,0,506,6,14.65,hit,0.0,0,0.056,0.0561,0.056
2026020002,1047,792,3,8,8478851,wrist,31,-27,64.0,25.0,0,5v5,1,1,505,83,0.29,hit,0.0,0,0.1189,0.1192,0.1189
2026020002,1076,899,3,8,8481523,wrist,64,-39,46.3,57.3,0,5v5,2,0,507,7,11.39,giveaway,0.0,0,0.0567,0.0568,0.0567
2026020002,1077,912,3,10,8480893,slap,-50,-20,43.8,27.1,0,5v5,-2,0,506,13,8.89,missed-shot,0.0,0,0.0417,0.0418,0.0417
2026020002,1088,946,3,10,8477939,wrist,-81,-2,8.2,14.0,0,5v5,-2,1,505,7,1.35,blocked-shot,0.0,0,0.1762,0.1766,0.1762
2026020002,1131,1134,3,8,8480865,wrist,-68,0,21.0,0.0,0,EmptyNet,1,0,507,11,1.34,blocked-shot,0.0,0,0.5188,0.52,0.5188
2026020002,1136,1159,3,10,8478178,snap,-34,12,56.3,12.3,0,6v5,-1,0,507,8,6.81,missed-shot,0.0,0,0.0365,0.0366,0.0365
2026020002,1140,1179,3,8,8483515,wrist,12,32,83.4,22.6,0,EmptyNet,1,0,507,7,9.21,blocked-shot,0.0,0,0.5188,0.52,0.5188
2026020002,1145,1192,3,8,8478851,wrist,2,-34,93.4,21.3,0,EmptyNet,1,0,507,2,10.82,faceoff,0.0,0,0.5188,0.52,0.5188
2026020003,55,24,1,6,8478401,slap,47,7,42.6,9.5,0,5v5,0,0,506,1,34.93,giveaway,0.0,0,0.0118,0.0118,0.0118
2026020003,94,202,1,3,8477416,snap,-62,13,30.0,25.7,0,5v5,0,0,506,8,20.13,hit,0.0,0,0.1283,0.1286,0.1283
2026020003,104,224,1,6,8477956,wrist,45,14,46.2,17.7,0,5v5,0,0,506,7,6.18,faceoff,0.0,0,0.0384,0.0385,0.0384
2026020003,105,227,1,6,8478840,wrist,79,-28,29.7,70.3,0,5v5,0,0,506,3,18.01,shot-on-goal,0.0,0,0.0281,0.0282,0.0281
2026020003,112,241,1,3,8477416,tip-in,-76,0,13.0,0.0,0,5v5,0,0,506,12,12.22,faceoff,0.0,0,0.0922,0.0924,0.0922
2026020003,131,330,1,6,8476374,snap,72,7,18.4,22.4,0,5v5,0,0,506,18,3.01,faceoff,0.0,0,0.1544,0.1548,0.1544
2026020003,141,381,1,6,8478401,wrist,55,-5,34.4,8.4,0,5v5,0,0,507,2,14.6,giveaway,0.0,0,0.0783,0.0785,0.0783
2026020003,148,411,1,6,8477507,slap,38,16,53.5,17.4,0,5v5,0,0,507,4,13.33,takeaway,0.0,0,0.0517,0.0518,0.0517
2026020003,186,587,1,3,8476459,tip-in,-80,-12,15.0,53.1,0,5v5,0,0,506,4,4.25,hit,0.0,0,0.0774,0.0776,0.0774
2026020003,205,684,1,3,8481604,wrist,-68,21,29.7,45.0,0,5v4,0,0,506,57,0.75,faceoff,0.0,0,0.0568,0.0569,0.0568
2026020003,245,857,1,3,8480009,snap,-72,-32,36.2,62.0,0,5v5,0,0,507,26,5.81,blocked-shot,0.0,0,0.04,0.0401,0.04
2026020003,252,181,2,3,8482157,wrist,88,-4,4.1,76.0,0,5v5,0,0,507,3,6.87,hit,0.0,0,0.3934,0.3943,0.3934
2026020003,255,631,2,3,8482157,backhand,62,13,30.0,25.7,0,5v5,0,0,506,7,17.32,missed-shot,0.0,0,0.0613,0.0614,0.0613
2026020003,256,24,3,3,8481604,wrap-around,-87,3,3.6,56.3,0,5v5,0,0,506,24,3.63,faceoff,0.0,0,0.0796,0.0798,0.0796
2026020003,258,545,3,3,8481604,wrist,-86,2,3.6,33.7,0,5v5,0,0,506,1,7.62,shot-on-goal,0.0,0,0.0843,0.0845,0.0843
2026020003,260,593,3,3,8482460,backhand,-84,1,5.1,11.3,0,5v5,0,0,506,1,28.6,shot-on-goal,0.0,0,0.0725,0.0727,0.0725
2026020003,376,992,1,6,8479999,snap,60,9,30.4,17.2,0,5v5,0,0,506,9,14.41,faceoff,0.0,0,0.1266,0.1269,0.1266
2026020003,378,997,1,6,8479999,tip-in,80,2,9.2,12.5,0,5v5,0,0,506,2,18.83,hit,0.0,0,0.1274,0.1277,0.1274
2026020003,391,1021,1,6,8477956,wrist,58,22,38.0,35.4,0,5v4,0,0,506,5,2.2,faceoff,0.0,0,0.0623,0.0624,0.0623
2026020003,402,1083,1,3,8482073,wrist,55,40,52.5,49.6,0,4v5,0,0,506,3,4.22,hit,0.0,0,0.0125,0.0125,0.0125
2026020003,422,1167,1,3,8481604,snap,-73,28,32.2,60.3,0,5v5,0,0,507,1,10.77,hit,0.0,0,0.0216,0.0217,0.0216
2026020003,449,117,2,6,8483489,snap,-68,-27,34.2,52.1,0,5v5,0,0,506,6,9.87,blocked-shot,0.0,0,0.0283,0.0284,0.0283
2026020003,473,256,2,6,8479987,wrist,-60,17,33.6,30.4,0,5v5,0,0,507,13,12.01,hit,0.0,0,0.0613,0.0614,0.0613
2026020003,481,285,2,3,8477969,wrist,47,37,56.0,41.4,0,5v5,0,0,507,29,3.75,missed-shot,0.0,0,0.0128,0.0128,0.0128
2026020003,482,293,2,6,8478401,backhand,-80,3,9.5,18.4,0,5v5,0,0,506,6,25.71,hit,0.0,0,0.1638,0.1642,0.1638
2026020003,485,299,2,6,8479987,wrist,-68,-4,21.4,10.8,0,5v5,0,0,506,3,13.6,hit,0.0,0,0.1454,0.1457,0.1454
2026020003,498,363,2,6,8477956,tip-in,-84,-8,9.4,58.0,0,5v5,0,0,507,48,3.8,hit,0.0,0,0.071,0.0712,0.071
2026020003,526,481,2,6,8479661,wrist,-69,19,27.6,43.5,0,5v5,0,0,507,14,12.03,takeaway,0.0,0,0.0598,0.0599,0.0598
2026020003,534,523,2,3,8481604,snap,72,25,30.2,55.8,0,5v5,0,0,506,19,1.6,blocked-shot,0.0,0,0.0373,0.0374,0.0373
2026020003,536,532,2,3,8477416,slap,50,1,39.0,1.5,0,5v5,0,0,506,2,8.6,blocked-shot,0.0,0,0.0415,0.0416,0.0415
2026020003,546,541,2,3,8482073,wrist,75,9,16.6,32.7,0,5v5,0,0,506,7,2.05,faceoff,0.0,0,0.1235,0.1238,0.1235
2026020003,552,580,2,6,8482175,wrist,-86,15,15.3,78.7,0,5v5,0,0,507,8,17.02,giveaway,0.0,0,0.0444,0.0445,0.0444
2026020003,554,605,2,6,8477956,slap,-46,15,45.5,19.2,0,5v5,0,0,506,25,1.6,missed-shot,0.0,0,0.0407,0.0408,0.0407
2026020003,563,611,2,6,8478401,wrist,-52,0,37.0,0.0,0,5v5,0,0,506,4,6.95,faceoff,0.0,0,0.0367,0.0368,0.0367
2026020003,564,624,2,6,8481219,slap,-51,-31,49.0,39.2,0,5v5,0,0,507,13,2.39,shot-on-goal,0.0,0,0.0256,0.0257,0.0256
2026020003,577,691,2,6,8477507,wrist,-37,-21,56.1,22.0,0,5v5,0,0,506,7,7.48,blocked-shot,0.0,0,0.0274,0.0275,0.0274
2026020003,588,756,2,3,8482157,snap,50,33,51.1,40.2,0,5v5,0,0,506,6,21.85,faceoff,0.0,0,0.016,0.016,0.016
2026020003,590,768,2,6,8483489,wrist,-82,-8,10.6,48.8,0,5v5,0,0,506,12,11.52,shot-on-goal,0.0,0,0.1088,0.1091,0.1088
2026020003,592,785,2,3,8480009,wrist,64,2,25.1,4.6,0,5v5,0,0,506,4,9.95,giveaway,0.0,0,0.1277,0.128,0.1277
2026020003,615,904,2,3,8480813,snap,35,6,54.3,6.3,0,5v5,0,0,507,8,8.72,giveaway,0.0,0,0.0453,0.0454,0.0453
2026020003,630,952,2,6,8476374,wrist,-43,21,50.6,24.5,0,5v5,0,0,507,23,4.62,hit,0.0,0,0.0274,0.0275,0.0274
2026020003,635,965,2,3,8477416,snap,52,-13,39.2,19.4,0,5v5,0,0,506,10,10.72,giveaway,0.0,0,0.0444,0.0445,0.0444
2026020003,636,974,2,6,8477956,wrist,-71,17,24.8,43.4,0,5v5,0,0,506,9,14.07,shot-on-goal,0.0,0,0.0717,0.0719,0.0717
2026020003,658,1105,2,3,8480009,snap,69,-30,36.1,56.3,0,5v5,0,0,506,5,8.2,blocked-shot,0.0,0,0.0283,0.0284,0.0283
2026020003,665,1121,2,3,8477416,wrist,84,-9,10.3,60.9,0,5v5,0,0,507,14,1.42,faceoff,0.0,0,0.113,0.1133,0.113
2026020003,666,1140,2,3,8478882,snap,56,26,42.0,38.2,0,5v5,0,0,506,19,2.36,missed-shot,0.0,0,0.0244,0.0245,0.0244
2026020003,691,28,3,3,8476459,slap,-54,15,38.1,23.2,0,5v5,0,0,506,2,8.28,faceoff,0.0,0,0.0132,0.0132,0.0132
2026020003,693,43,3,3,8477969,slap,-32,-6,57.3,6.0,0,5v5,0,0,506,6,8.68,blocked-shot,0.0,0,0.0425,0.0426,0.0425
2026020003,702,90,3,3,8476468,tip-in,-81,2,8.2,14.0,0,5v5,0,0,506,40,0.89,hit,0.0,0,0.134,0.1343,0.134
2026020003,705,107,3,6,8482175,snap,64,-17,30.2,34.2,0,5v5,0,0,507,17,8.6,shot-on-goal,0.0,0,0.0843,0.0845,0.0843
2026020003,713,123,3,3,8482157,tip-in,-80,9,12.7,45.0,0,5v5,0,0,506,2,8.51,faceoff,0.0,0,0.0612,0.0613,0.0612
2026020003,720,159,3,6,8477365,slap,41,-36,60.0,36.9,0,5v5,0,0,506,12,7.25,hit,0.0,0,0.0118,0.0118,0.0118
2026020003,721,169,3,6,8482511,wrist,48,-6,41.4,8.3,0,5v5,0,0,507,10,3.08,shot-on-goal,0.0,0,0.0384,0.0385,0.0384
2026020003,770,405,3,6,8479661,tip-in,78,6,12.5,28.6,0,5v5,0,0,507,15,0.73,missed-shot,0.0,0,0.0644,0.0645,0.0644
2026020003,796,504,3,6,8477956,wrist,84,11,12.1,65.6,0,5v5,0,0,507,23,4.74,faceoff,0.0,0,0.0593,0.0594,0.0593
2026020003,807,544,3,3,8481604,wrist,-79,5,11.2,26.6,0,5v5,0,0,506,6,25.73,blocked-shot,0.0,0,0.1235,0.1238,0.1235
2026020003,809,546,3,3,8476468,wrist,-79,2,10.2,11.3,0,5v5,0,0,506,1,7.0,shot-on-goal,0.0,0,0.0692,0.0694,0.0692
2026020003,816,592,3,3,8480434,wrist,-61,18,33.3,32.7,0,5v5,0,0,506,26,1.04,blocked-shot,0.0,0,0.0555,0.0556,0.0555
2026020003,822,612,3,6,8478401,snap,57,-12,34.2,20.6,0,5v5,0,0,507,12,6.72,hit,0.0,0,0.1256,0.1259,0.1256
2026020003,833,653,3,6,8479999,wrist,66,-15,27.5,33.1,0,5v5,0,0,506,8,17.28,blocked-shot,0.0,0,0.0615,0.0616,0.0615
2026020003,852,390,3,6,8479661,wrist,78,17,20.2,57.1,0,5v5,0,0,507,11,4.87,hit,0.0,0,0.047,0.0471,0.047
2026020003,854,1123,3,6,8485395,backhand,89,-8,8.0,90.0,0,5v5,3,0,507,2,17.33,missed-shot,0.0,0,0.0485,0.0486,0.0485
2026020003,921,792,3,6,8477496,slap,65,14,27.8,30.3,0,5v5,0,0,507,2,18.11,faceoff,0.0,0,0.0766,0.0768,0.0766
2026020003,923,805,3,3,8482157,tip-in,-74,-2,15.1,7.6,0,5v5,0,0,507,2,13.46,hit,0.0,0,0.0751,0.0753,0.0751
2026020003,928,833,3,6,8477365,wrist,76,-21,24.7,58.2,0,5v5,0,0,506,21,7.33,blocked-shot,0.0,0,0.0418,0.0419,0.0418
2026020003,948,912,3,6,8485395,slap,73,-31,34.9,62.7,0,5v5,0,0,506,20,5.38,giveaway,0.0,0,0.042,0.0421,0.042
2026020003,971,974,3,6,8483489,snap,52,6,37.5,9.2,0,5v5,0,1,505,5,7.6,giveaway,0.0,0,0.0453,0.0454,0.0453
2026020003,982,1026,3,6,8482175,snap,72,9,19.2,27.9,0,5v5,1,1,505,30,1.63,hit,0.0,0,0.184,0.1844,0.184
2026020003,993,1049,3,6,8480355,snap,69,0,20.0,0.0,0,EmptyNet,2,1,505,23,3.0,faceoff,0.0,0,0.5188,0.52,0.5188
2026020003,999,1097,3,6,8476374,wrist,95,-6,8.5,135.0,0,5v5,3,0,506,7,24.29,hit,0.0,0,0.0769,0.0771,0.0769
2026020003,1008,1121,3,6,8483489,snap,60,-27,39.6,43.0,0,5v5,3,0,507,24,1.7,shot-on-goal,0.0,0,0.0349,0.035,0.0349
2026020004,111,42,1,22,8481617,slap,51,0,38.0,0.0,0,5v5,0,0,506,15,3.26,hit,0.0,0,0.0636,0.0637,0.0636
2026020004,113,52,1,22,8481617,backhand,40,6,49.4,7.0,0,5v5,0,0,506,3,15.0,hit,0.0,0,0.0305,0.0306,0.0305
2026020004,128,114,1,23,8479425,wrist,-30,40,71.3,34.1,0,5v5,0,0,506,1,67.05,giveaway,0.0,0,0.0034,0.0034,0.0034
2026020004,131,137,1,23,8474568,wrist,-26,22,66.7,19.2,0,5v5,0,0,507,23,0.8,shot-on-goal,0.0,0,0.0133,0.0133,0.0133
2026020004,139,169,1,22,8479365,tip-in,83,-7,9.2,49.4,0,5v5,0,0,506,23,4.06,hit,0.0,0,0.0688,0.069,0.0688
2026020004,141,179,1,23,8483395,wrist,-61,17,32.8,31.3,0,5v5,0,0,507,10,14.6,shot-on-goal,0.0,0,0.0598,0.0599,0.0598
2026020004,162,284,1,22,8481617,snap,80,14,16.6,57.3,0,5v5,0,0,507,16,2.92,hit,0.0,0,0.082,0.0822,0.082
2026020004,165,293,1,22,8477953,snap,64,-6,25.7,13.5,0,5v5,0,0,506,9,2.85,missed-shot,0.0,0,0.1266,0.1269,0.1266
2026020004,217,483,1,23,8483499,wrist,-66,-19,29.8,39.6,0,5v5,0,0,506,9,12.9,giveaway,0.0,0,0.0598,0.0599,0.0598
2026020004,237,526,1,22,8477934,snap,79,-12,15.6,50.2,0,5v4,0,0,506,11,3.22,faceoff,0.0,0,0.1746,0.175,0.1746
2026020004,240,553,1,22,8475786,tip-in,81,1,8.1,7.1,0,5v4,0,0,506,27,0.49,shot-on-goal,0.0,0,0.1262,0.1265,0.1262
2026020004,245,583,1,22,8477934,snap,68,-11,23.7,27.6,0,5v4,0,0,506,22,0.5,faceoff,0.0,0,0.1235,0.1238,0.1235
2026020004,246,591,1,23,8481032,snap,-59,11,32.0,20.1,0,4v5,0,1,505,8,16.11,shot-on-goal,0.0,0,0.1283,0.1286,0.1283
2026020004,283,720,1,23,8481024,wrist,-58,20,36.9,32.8,0,5v5,1,0,506,14,9.07,faceoff,0.0,0,0.0725,0.0727,0.0725
2026020004,300,793,1,23,8478444,tip-in,-83,5,7.8,39.8,0,5v5,1,0,506,3,15.73,blocked-shot,0.0,0,0.0793,0.0795,0.0793
2026020004,301,555,1,22,8481617,wrist,83,-2,6.3,18.4,0,5v4,0,0,506,2,1.8,shot-on-goal,0.0,0,0.2787,0.2793,0.2787
2026020004,304,858,1,22,8479368,wrist,67,-17,27.8,37.7,0,5v5,-1,0,507,1,25.94,hit,0.0,0,0.0155,0.0155,0.0155
2026020004,305,270,2,22,8477953,bat,-91,7,7.3,105.9,0,5v5,-1,0,507,1,32.2,shot-on-goal,0.0,0,0.0133,0.0133,0.0133
2026020004,307,140,3,22,8475786,wrist,98,17,19.2,117.9,0,5v5,-1,0,506,1,1.41,giveaway,0.0,0,0.0045,0.0045,0.0045
2026020004,308,220,3,22,8477953,wrist,2,-18,88.8,11.7,0,5v5,-2,0,506,8,8.88,hit,0.0,0,0.0126,0.0126,0.0126
2026020004,309,787,3,22,8482703,bat,91,8,8.2,104.0,0,5v5,-1,0,507,2,15.4,missed-shot,0.0,0,0.0269,0.027,0.0269
2026020004,310,640,3,22,8480029,wrist,81,1,8.1,7.1,0,5v5,-1,0,506,2,29.3,shot-on-goal,0.0,0,0.2787,0.2793,0.2787
2026020004,363,835,1,22,8478472,tip-in,58,6,31.6,11.0,0,5v5,-1,0,507,42,3.36,shot-on-goal,0.0,0,0.054,0.0541,0.054
2026020004,364,859,1,22,8482703,snap,79,-17,19.7,59.5,0,5v5,-1,0,506,1,12.0,missed-shot,0.0,0,0.0362,0.0363,0.0362
2026020004,383,949,1,22,8477934,snap,63,22,34.1,40.2,0,5v5,-1,0,506,90,0.47,shot-on-goal,0.0,0,0.047,0.0471,0.047
2026020004,394,986,1,22,8480803,snap,36,-9,53.8,9.6,0,5v5,-1,1,505,5,9.06,faceoff,0.0,0,0.0458,0.0459,0.0458
2026020004,399,1006,1,22,8479368,snap,82,-8,10.6,48.8,0,5v5,0,0,506,20,4.12,faceoff,0.0,0,0.154,0.1544,0.154
2026020004,448,1187,1,22,8477934,snap,70,23,29.8,50.4,0,5v5,0,0,506,4,0.35,faceoff,0.0,0,0.1194,0.1197,0.1194
2026020004,470,83,2,22,8482166,wrist,-29,3,60.1,2.9,0,5v5,0,0,507,7,8.02,blocked-shot,0.0,0,0.0162,0.0162,0.0162
2026020004,480,127,2,23,8482079,snap,72,3,17.3,10.0,0,5v5,0,1,505,34,3.09,takeaway,0.0,0,0.2253,0.2258,0.2253
2026020004,559,269,2,22,8481617,snap,-62,-7,27.9,14.5,0,5v5,-1,0,506,6,13.86,giveaway,0.0,0,0.1308,0.1311,0.1308
2026020004,591,394,2,22,8483455,wrist,-82,-27,27.9,75.5,0,5v5,-1,0,506,9,14.22,missed-shot,0.0,0,0.0245,0.0246,0.0245
2026020004,599,416,2,23,8481032,tip-in,15,-23,77.5,17.3,0,5v5,1,0,506,17,6.59,giveaway,0.0,0,0.0302,0.0303,0.0302
2026020004,605,439,2,22,8475218,snap,-53,-11,37.6,17.0,0,5v5,-1,0,506,20,6.32,faceoff,0.0,0,0.046,0.0461,0.046
2026020004,610,446,2,22,8476473,wrist,-53,40,53.8,48.0,0,5v5,-1,0,507,5,12.81,faceoff,0.0,0,0.0093,0.0093,0.0093
2026020004,635,576,2,22,8486161,snap,-60,27,39.6,43.0,0,5v5,-1,0,507,34,4.3,blocked-shot,0.0,0,0.0246,0.0247,0.0246
2026020004,645,615,2,23,8483678,wrist,28,13,62.4,12.0,0,5v5,1,0,506,6,8.23,blocked-shot,0.0,0,0.0627,0.0628,0.0627
2026020004,646,632,2,23,8474568,snap,39,-25,55.9,26.6,0,5v5,1,0,506,17,2.33,shot-on-goal,0.0,0,0.0231,0.0232,0.0231
2026020004,651,385,2,23,8481024,wrist,45,-11,45.4,14.0,0,5v5,1,0,507,1,14.21,giveaway,0.0,0,0.0178,0.0178,0.0178
2026020004,653,1041,2,23,8482055,backhand,82,0,7.0,0.0,0,5v5,0,0,506,27,6.09,hit,0.0,0,0.176,0.1764,0.176
2026020004,654,400,3,23,8481024,wrist,-48,24,47.5,30.3,0,5v5,3,0,507,18,6.5,faceoff,0.0,0,0.0415,0.0416,0.0415
2026020004,655,104,4,23,8481032,wrist,83,-7,9.2,49.4,0,3v3,0,0,507,43,0.75,faceoff,0.0,0,0.1178,0.1181,0.1178
2026020004,704,657,2,22,8480803,snap,-36,30,60.9,29.5,0,5v5,-1,0,506,17,6.19,faceoff,0.0,0,0.0115,0.0115,0.0115
2026020004,717,707,2,22,8480029,snap,-98,-21,22.8,113.2,0,5v5,-1,0,506,50,1.61,shot-on-goal,0.0,0,0.0414,0.0415,0.0414
2026020004,718,716,2,23,8484136,wrist,53,28,45.6,37.9,0,5v5,1,0,507,9,17.64,shot-on-goal,0.0,0,0.03,0.0301,0.03
2026020004,738,827,2,23,8475848,wrist,39,-13,51.7,14.6,0,5v5,1,0,506,13,9.44,hit,0.0,0,0.0448,0.0449,0.0448
2026020004,749,859,2,22,8475218,snap,-60,-29,41.0,45.0,0,5v5,-1,0,506,21,0.6,blocked-shot,0.0,0,0.0229,0.023,0.0229
2026020004,752,874,2,22,8480803,snap,-72,0,17.0,0.0,0,5v5,-1,1,505,15,2.09,shot-on-goal,0.0,0,0.1913,0.1917,0.1913
2026020004,760,890,2,22,8476473,snap,-38,37,63.0,36.0,0,5v5,0,0,506,10,6.66,faceoff,0.0,0,0.0096,0.0096,0.0096
2026020004,775,937,2,22,8479368,tip-in,-10,15,80.4,10.8,0,5v5,0,0,506,26,2.23,takeaway,0.0,0,0.0108,0.0108,0.0108
2026020004,824,1178,2,23,8483678,wrist,62,24,36.1,41.6,0,5v5,0,0,506,106,0.07,faceoff,0.0,0,0.0345,0.0346,0.0345
2026020004,832,29,3,23,8482055,wrist,4,37,92.7,23.5,0,5v5,0,0,506,10,8.63,blocked-shot,0.0,0,0.009,0.009,0.009
2026020004,841,40,3,23,8484240,wrist,-34,24,60.0,23.6,0,5v5,0,0,507,2,17.53,faceoff,0.0,0,0.0092,0.0092,0.0092
2026020004,845,70,3,23,8483476,snap,-62,24,36.1,41.6,0,5v5,0,1,505,13,11.08,blocked-shot,0.0,0,0.086,0.0862,0.086
2026020004,850,78,3,22,8482703,backhand,46,-30,52.4,34.9,0,5v5,-1,0,506,8,6.86,faceoff,0.0,0,0.0109,0.0109,0.0109
2026020004,873,175,3,23,8484136,backhand,-81,1,8.1,7.1,0,5v5,1,1,505,16,1.58,hit,0.0,0,0.1967,0.1972,0.1967
2026020004,913,315,3,23,8480012,tip-in,-71,-5,18.7,15.5,0,5v4,2,1,505,12,1.43,faceoff,0.0,0,0.061,0.0611,0.061
2026020004,926,351,3,23,8474568,snap,-29,9,60.7,8.5,0,5v5,3,0,506,8,4.55,hit,0.0,0,0.0445,0.0446,0.0445
2026020004,931,372,3,22,8481617,snap,74,-18,23.4,50.2,0,5v5,-3,0,506,19,7.82,faceoff,0.0,0,0.1204,0.1207,0.1204
2026020004,933,381,3,22,8476473,wrist,48,29,50.2,35.3,0,5v5,-3,0,506,9,5.97,shot-on-goal,0.0,0,0.0134,0.0134,0.0134
2026020004,940,410,3,23,8482055,tip-in,-82,5,8.6,35.5,0,5v5,3,0,506,5,4.0,giveaway,0.0,0,0.114,0.1143,0.114
2026020004,969,522,3,22,8480803,snap,32,-41,70.2,35.7,0,5v5,-3,0,506,16,4.57,faceoff,0.0,0,0.0101,0.0101,0.0101
2026020004,971,536,3,22,8481617,snap,84,2,5.4,21.8,0,5v5,-3,1,505,14,4.82,shot-on-goal,0.0,0,0.214,0.2145,0.214
2026020004,980,560,3,22,8480803,wrist,37,29,59.5,29.1,0,5v5,-2,1,505,4,8.19,faceoff,0.0,0,0.0118,0.0118,0.0118
2026020004,1008,638,3,22,8478013,slap,29,28,66.2,25.0,0,5v5,-1,0,506,2,26.68,delayed-penalty,0.0,0,0.0091,0.0091,0.0091
2026020004,1032,759,3,22,8477953,snap,73,-9,18.4,29.4,0,5v4,-1,0,506,14,3.9,faceoff,0.0,0,0.1621,0.1625,0.1621
2026020004,1036,767,3,23,8484136,wrist,-58,-27,41.1,41.1,0,5v5,1,0,506,8,16.53,shot-on-goal,0.0,0,0.0305,0.0306,0.0305
2026020004,1042,785,3,22,8482703,backhand,84,-22,22.6,77.2,0,5v5,-1,0,507,18,7.89,shot-on-goal,0.0,0,0.0113,0.0113,0.0113
2026020004,1068,890,3,22,8475218,snap,50,40,55.9,45.7,0,5v5,-1,0,507,32,1.81,giveaway,0.0,0,0.0187,0.0187,0.0187
2026020004,1069,893,3,22,8480803,snap,49,-38,55.2,43.5,0,5v5,-1,0,506,3,26.0,missed-shot,0.0,0,0.0095,0.0095,0.0095
2026020004,1070,897,3,22,8475786,tip-in,85,6,7.2,56.3,0,5v5,-1,0,506,4,14.21,shot-on-goal,0.0,0,0.0774,0.0776,0.0774
2026020004,1079,928,3,22,8477934,snap,84,-11,12.1,65.6,0,5v5,-1,0,506,3,8.86,blocked-shot,0.0,0,0.1947,0.1952,0.1947
2026020004,1090,979,3,23,8481024,wrist,-62,-9,28.5,18.4,0,6v5,1,0,506,42,3.43,delayed-penalty,0.0,0,0.1242,0.1245,0.1242
2026020004,1101,1009,3,23,8479425,slap,-60,-29,41.0,45.0,0,5v4,1,0,506,28,0.41,faceoff,0.0,0,0.0489,0.049,0.0489
2026020004,1129,1145,3,22,8477934,snap,75,-15,20.5,47.0,0,6v4,-1,0,507,8,1.86,blocked-shot,0.0,0,0.1173,0.1176,0.1173
2026020004,1130,1157,3,22,8481617,snap,66,17,28.6,36.5,0,6v4,-1,1,505,12,2.77,missed-shot,0.0,0,0.0859,0.0861,0.0859
2026020004,1154,58,4,23,8484798,wrist,66,13,26.4,29.5,0,3v3,0,0,506,48,1.2,faceoff,0.0,0,0.0946,0.0948,0.0946
2026020004,1164,119,4,23,8481032,backhand,84,-2,5.4,21.8,0,3v3,0,1,505,5,10.78,takeaway,0.0,0,0.1672,0.1676,0.1672
2026020005,61,41,1,16,8478233,deflected,69,2,20.1,5.7,0,5v5,0,0,507,33,4.73,hit,0.0,0,0.0986,0.0988,0.0986
2026020005,73,71,1,54,8478483,backhand,-76,6,14.3,24.8,0,5v4,0,0,507,9,3.21,faceoff,0.0,0,0.0734,0.0736,0.0734
2026020005,79,131,1,54,8476881,wrist,-76,-7,14.8,28.3,0,5v4,0,0,506,34,0.3,missed-shot,0.0,0,0.1192,0.1195,0.1192
2026020005,99,232,1,54,8483553,wrist,-76,9,15.8,34.7,0,5v5,0,0,506,8,17.34,hit,0.0,0,0.1236,0.1239,0.1236
2026020005,103,233,1,54,8483553,wrist,-97,12,14.4,123.7,0,5v5,0,0,506,1,21.21,shot-on-goal,0.0,0,0.016,0.016,0.016
2026020005,124,314,1,54,8478403,wrist,-65,17,29.4,35.3,0,5v5,0,0,507,35,1.09,giveaway,0.0,0,0.0555,0.0556,0.0555
2026020005,126,332,1,54,8477964,slap,-54,-24,42.4,34.4,0,5v5,0,0,506,14,1.31,hit,0.0,0,0.041,0.0411,0.041
2026020005,143,424,1,54,8484803,snap,-71,-21,27.7,49.4,0,5v5,0,0,506,18,0.6,missed-shot,0.0,0,0.1215,0.1218,0.1215
2026020005,154,529,1,54,8477447,wrist,-29,27,65.8,24.2,0,5v5,0,0,506,91,1.19,giveaway,0.0,0,0.0232,0.0233,0.0232
2026020005,167,597,1,54,8478483,slap,-52,21,42.5,29.6,0,5v4,0,0,506,28,1.65,faceoff,0.0,0,0.0432,0.0433,0.0432
2026020005,173,630,1,54,8478109,snap,-64,-26,36.1,46.1,0,5v4,0,1,505,18,0.9,takeaway,0.0,0,0.0243,0.0244,0.0243
2026020005,190,738,1,16,8484185,wrist,72,34,38.0,63.4,0,5v5,-1,0,506,20,2.67,blocked-shot,0.0,0,0.0163,0.0163,0.0163
2026020005,201,97,1,54,8476881,snap,-66,-5,23.5,12.3,0,5v4,0,0,507,26,0.57,missed-shot,0.0,0,0.1252,0.1255,0.1252
2026020005,202,406,1,54,8478483,wrist,-61,-17,32.8,31.3,0,5v5,0,0,507,39,2.08,faceoff,0.0,0,0.0676,0.0678,0.0676
2026020005,203,555,1,16,8478413,wrist,62,-33,42.6,50.7,0,5v5,0,0,507,3,6.74,hit,0.0,0,0.0197,0.0197,0.0197
2026020005,205,940,1,16,8478413,tip-in,78,3,11.4,15.3,0,5v5,-2,0,506,18,4.34,faceoff,0.0,0,0.0906,0.0908,0.0906
2026020005,206,185,2,16,8484390,wrist,-27,-39,73.2,32.2,0,5v5,-2,0,506,17,2.1,giveaway,0.0,0,0.0129,0.0129,0.0129
2026020005,207,944,2,54,8476881,wrist,83,3,6.7,26.6,0,5v5,2,0,506,1,4.24,shot-on-goal,0.0,0,0.1093,0.1096,0.1093
2026020005,208,945,2,54,8476881,wrist,87,3,3.6,56.3,0,5v5,2,0,506,1,4.0,shot-on-goal,0.0,0,0.1093,0.1096,0.1093
2026020005,209,555,3,16,8483493,wrist,84,1,5.1,11.3,0,5v5,-2,0,506,1,19.42,missed-shot,0.0,0,0.0896,0.0898,0.0896
2026020005,210,556,3,16,8483493,wrist,85,4,5.7,45.0,0,5v5,-2,0,506,1,3.16,shot-on-goal,0.0,0,0.0896,0.0898,0.0896
2026020005,211,670,3,16,8477987,wrap-around,88,-4,4.1,76.0,0,5v5,-2,0,507,21,6.91,missed-shot,0.0,0,0.1041,0.1043,0.1041
2026020005,251,178,1,54,8483890,snap,-87,5,5.4,68.2,0,5v4,0,0,507,47,0.35,shot-on-goal,0.0,0,0.1878,0.1882,0.1878
2026020005,254,1033,1,54,8478396,wrist,-67,-31,38.0,54.6,0,5v5,2,0,506,16,6.99,takeaway,0.0,0,0.0406,0.0407,0.0406
2026020005,255,1050,1,54,8478396,wrist,-37,30,60.0,30.0,0,5v5,2,0,507,7,5.73,shot-on-goal,0.0,0,0.0533,0.0534,0.0533
2026020005,256,222,2,54,8479353,backhand,83,-12,13.4,63.4,0,5v5,2,0,506,12,10.08,giveaway,0.0,0,0.0474,0.0475,0.0474
2026020005,352,670,1,16,8484390,tip-in,71,7,19.3,21.3,0,5v5,-1,0,507,17,1.95,hit,0.0,0,0.0603,0.0604,0.0603
2026020005,360,832,3,16,8483506,wrist,58,-20,36.9,32.8,0,5v5,-2,0,507,30,0.37,faceoff,0.0,0,0.0583,0.0584,0.0583
2026020005,361,1165,3,16,8482062,wrist,-28,18,63.6,16.4,0,5v5,-3,0,506,15,3.57,shot-on-goal,0.0,0,0.0137,0.0137,0.0137
2026020005,411,870,1,54,8478397,slap,-41,15,50.3,17.4,0,5v5,1,0,506,17,3.11,hit,0.0,0,0.039,0.0391,0.039
2026020005,416,885,1,54,8477964,snap,-64,-20,32.0,38.7,0,5v5,1,0,507,13,3.25,faceoff,0.0,0,0.0851,0.0853,0.0851
2026020005,417,903,1,54,8478403,wrist,-40,-6,49.4,7.0,0,5v5,1,0,506,6,13.68,hit,0.0,0,0.0471,0.0472,0.0471
2026020005,422,911,1,54,8477447,wrist,-29,-31,67.5,27.3,0,5v5,1,0,507,5,8.2,faceoff,0.0,0,0.0523,0.0524,0.0523
2026020005,424,920,1,54,8484803,tip-in,-78,0,11.0,0.0,0,5v5,1,0,506,6,1.86,blocked-shot,0.0,0,0.0994,0.0996,0.0994
2026020005,426,922,1,54,8484803,tip-in,-85,-5,6.4,51.3,0,5v5,1,1,505,2,4.3,shot-on-goal,0.0,0,0.0643,0.0644,0.0643
2026020005,430,942,1,16,8478413,backhand,82,-3,7.6,23.2,0,5v5,-2,0,506,2,3.61,shot-on-goal,0.0,0,0.2289,0.2294,0.2289
2026020005,449,1037,1,54,8478468,slap,-36,-26,59.0,26.1,0,5v5,2,0,506,2,16.62,faceoff,0.0,0,0.0228,0.0229,0.0228
2026020005,450,1043,1,54,8478468,slap,-34,-10,55.9,10.3,0,5v5,2,0,506,6,2.69,shot-on-goal,0.0,0,0.0701,0.0703,0.0701
2026020005,504,1078,1,16,8478233,backhand,77,-11,16.3,42.5,0,5v5,-2,0,506,3,17.05,hit,0.0,0,0.1325,0.1328,0.1325
2026020005,511,1126,1,16,8483450,wrist,62,-9,28.5,18.4,0,5v5,-2,0,506,11,1.66,blocked-shot,0.0,0,0.1045,0.1047,0.1045
2026020005,521,1197,1,16,8474141,wrist,0,-32,94.6,19.8,0,5v5,-2,0,506,21,3.82,hit,0.0,0,0.014,0.014,0.014
2026020005,530,28,2,16,8477987,wrist,-57,-32,45.3,45.0,0,5v5,-2,0,506,28,2.33,faceoff,0.0,0,0.0197,0.0197,0.0197
2026020005,544,127,2,16,8483506,slap,-38,33,60.7,32.9,0,5v5,-2,0,507,36,3.06,giveaway,0.0,0,0.0193,0.0193,0.0193
2026020005,565,232,2,54,8476448,wrist,52,36,51.6,44.2,0,5v5,2,0,506,8,7.56,faceoff,0.0,0,0.0741,0.0743,0.0741
2026020005,576,326,2,54,8478483,wrist,67,-13,25.6,30.6,0,5v5,2,0,506,19,7.67,blocked-shot,0.0,0,0.1252,0.1255,0.1252
2026020005,582,375,2,54,8478403,snap,74,25,29.2,59.0,0,5v5,2,0,507,10,7.47,takeaway,0.0,0,0.073,0.0732,0.073
2026020005,589,436,2,54,8478397,wrist,41,-36,60.0,36.9,0,5v5,2,0,506,8,10.51,hit,0.0,0,0.0741,0.0743,0.0741
2026020005,596,447,2,16,8478413,wrist,-44,-34,56.4,37.1,0,5v5,-2,0,506,9,14.01,faceoff,0.0,0,0.0119,0.0119,0.0119
2026020005,597,474,2,16,8484783,snap,-62,21,34.2,37.9,0,5v5,-2,0,507,27,2.14,shot-on-goal,0.0,0,0.0846,0.0848,0.0846
2026020005,705,554,2,16,8477987,backhand,-79,18,20.6,60.9,0,5v5,-2,0,506,11,2.03,hit,0.0,0,0.0244,0.0245,0.0244
2026020005,713,561,2,16,8477987,backhand,-88,6,6.1,80.5,0,5v5,-2,0,507,5,4.97,faceoff,0.0,0,0.0365,0.0366,0.0365
2026020005,722,655,2,54,8479353,tip-in,81,4,8.9,26.6,0,4v5,2,0,506,27,1.15,blocked-shot,0.0,0,0.1355,0.1358,0.1355
2026020005,728,684,2,16,8474141,wrist,-68,-23,31.1,47.6,0,5v4,-2,0,507,29,5.22,shot-on-goal,0.0,0,0.0583,0.0584,0.0583
2026020005,735,743,2,16,8478413,wrist,-62,15,30.9,29.1,0,5v5,-2,1,505,59,0.65,missed-shot,0.0,0,0.0541,0.0542,0.0541
2026020005,853,870,2,54,8475188,slap,30,8,59.5,7.7,0,5v5,1,0,506,11,1.84,blocked-shot,0.0,0,0.0326,0.0327,0.0326
2026020005,855,907,2,54,8475188,wrist,31,20,61.4,19.0,0,5v5,1,0,507,6,6.38,blocked-shot,0.0,0,0.0638,0.0639,0.0638
2026020005,856,912,2,54,8478403,snap,85,5,6.4,51.3,0,5v5,1,1,505,2,4.92,blocked-shot,0.0,0,0.2626,0.2632,0.2626
2026020005,860,937,2,54,8478468,slap,34,13,56.5,13.3,0,5v5,2,0,506,13,4.93,hit,0.0,0,0.0598,0.0599,0.0598
2026020005,865,943,2,54,8476881,wrist,80,6,10.8,33.7,0,5v5,2,0,506,3,6.47,faceoff,0.0,0,0.2932,0.2939,0.2932
2026020005,873,993,2,54,8479353,snap,77,15,19.2,51.3,0,5v5,2,0,506,24,1.04,hit,0.0,0,0.119,0.1193,0.119
2026020005,877,1041,2,54,8478483,snap,83,-16,17.1,69.4,0,5v5,2,0,506,15,0.61,blocked-shot,0.0,0,0.0781,0.0783,0.0781
2026020005,879,1053,2,54,8479353,snap,62,21,34.2,37.9,0,5v5,2,0,507,12,3.55,shot-on-goal,0.0,0,0.0908,0.091,0.0908
2026020005,881,1066,2,54,8478403,slap,67,27,34.8,50.8,0,5v5,2,0,507,13,0.6,missed-shot,0.0,0,0.0496,0.0497,0.0496
2026020005,887,1091,2,16,8474141,tip-in,-83,-3,6.7,26.6,0,5v5,-2,0,507,9,3.18,faceoff,0.0,0,0.1316,0.1319,0.1316
2026020005,892,1116,2,16,8484197,wrist,-71,8,19.7,24.0,0,5v5,-2,0,507,8,7.4,faceoff,0.0,0,0.1157,0.116,0.1157
2026020005,893,1130,2,16,8484783,wrist,-34,29,62.2,27.8,0,5v5,-2,0,506,10,7.02,hit,0.0,0,0.0123,0.0123,0.0123
2026020005,912,55,3,16,8484197,wrist,45,29,52.7,33.4,0,5v5,-2,0,506,4,18.95,giveaway,0.0,0,0.0118,0.0118,0.0118
2026020005,925,102,3,54,8478396,wrist,-27,13,63.3,11.8,0,5v5,2,0,506,15,0.76,faceoff,0.0,0,0.0865,0.0867,0.0865
2026020005,936,140,3,16,8483493,wrist,65,13,27.3,28.4,0,4v5,-2,0,506,32,4.33,faceoff,0.0,0,0.1047,0.1049,0.1047
2026020005,946,189,3,16,8478413,wrist,-60,41,50.2,54.7,0,4v5,-2,0,506,47,2.77,faceoff,0.0,0,0.008,0.008,0.008
2026020005,952,217,3,54,8483890,tip-in,-78,0,11.0,0.0,0,5v4,2,0,506,28,1.6,shot-on-goal,0.0,0,0.0991,0.0993,0.0991
2026020005,958,244,3,16,8474141,wrist,86,8,8.5,69.4,0,5v5,-2,1,505,27,6.08,shot-on-goal,0.0,0,0.06,0.0601,0.06
2026020005,964,283,3,54,8478396,wrist,-68,6,21.8,15.9,0,5v5,1,1,505,9,18.16,hit,0.0,0,0.1236,0.1239,0.1236
2026020005,980,351,3,16,8474141,backhand,51,-39,54.5,45.7,0,5v5,-2,0,506,16,5.25,hit,0.0,0,0.0057,0.0057,0.0057
2026020005,986,390,3,54,8478483,snap,-75,21,25.2,56.3,0,5v5,2,0,506,36,4.17,faceoff,0.0,0,0.0766,0.0768,0.0766
2026020005,1018,544,3,16,8483506,snap,27,-12,63.2,11.0,0,5v5,-2,0,506,4,12.01,blocked-shot,0.0,0,0.0176,0.0176,0.0176
2026020005,1023,554,3,16,8481524,wrist,68,12,24.2,29.7,0,5v5,-2,0,507,8,4.25,faceoff,0.0,0,0.1059,0.1061,0.1059
2026020005,1039,632,3,54,8484803,tip-in,-76,-9,15.8,34.7,0,5v5,2,0,507,1,24.02,giveaway,0.0,0,0.0321,0.0322,0.0321
2026020005,1041,649,3,54,8475188,wrist,-53,-38,52.3,46.5,0,5v5,2,0,507,3,15.54,blocked-shot,0.0,0,0.0372,0.0373,0.0372
2026020005,1043,671,3,16,8484197,backhand,69,-5,20.6,14.0,0,5v5,-2,0,506,1,19.03,missed-shot,0.0,0,0.0256,0.0257,0.0256
2026020005,1051,706,3,16,8474141,wrist,63,17,31.1,33.2,0,5v5,-2,0,506,2,42.71,delayed-penalty,0.0,0,0.0623,0.0624,0.0623
2026020005,1062,724,3,16,8485391,slap,60,-25,38.3,40.8,0,5v4,-2,0,506,15,3.19,faceoff,0.0,0,0.0432,0.0433,0.0432
2026020005,1065,764,3,16,8477479,tip-in,81,1,8.1,7.1,0,5v4,-2,0,507,40,0.84,shot-on-goal,0.0,0,0.12,0.1203,0.12
2026020005,1073,799,3,16,8484185,slap,56,-31,45.3,43.2,0,5v4,-2,0,506,4,13.64,faceoff,0.0,0,0.0471,0.0472,0.0471
2026020005,1106,948,3,16,8483506,slap,37,-18,55.0,19.1,0,5v5,-2,0,506,2,30.7,hit,0.0,0,0.0136,0.0136,0.0136
2026020005,1116,986,3,54,8478109,snap,-60,22,36.4,37.2,0,5v5,2,0,506,1,9.0,faceoff,0.0,0,0.0337,0.0338,0.0337
2026020005,1130,1047,3,54,8475913,slap,-54,-16,38.5,24.6,0,EmptyNet,2,1,505,4,15.77,takeaway,0.0,0,0.5188,0.52,0.5188
2026020005,1146,1105,3,54,8484803,backhand,-76,9,15.8,34.7,0,5v5,3,0,506,5,7.34,giveaway,0.0,0,0.1284,0.1287,0.1284
2026020005,1154,1150,3,54,8478450,slap,-57,-27,41.9,40.2,0,5v5,3,0,506,24,2.53,blocked-shot,0.0,0,0.0511,0.0512,0.0511
2026020005,1164,1194,3,54,8483553,backhand,-89,-30,30.0,90.0,0,5v5,3,0,506,29,2.68,shot-on-goal,0.0,0,0.0271,0.0272,0.0271
