Team Name,Common Name,NHL Team ID,Team Tricode,Team Logo URL,Arena Name,Arena Location,Arena Capacity,City,State/Province,Country,Hex Color 1,Hex Color 2,Hex Color 3
Colorado Avalanche,Avalanche,21,COL,https://assets.nhle.com/logos/nhl/svg/COL_light.svg,Ball Arena,"1000 Chopper Cir, Denver, CO 80204",18007,Denver,Colorado,USA,#6F263D,#236192,#A2AAAD
Dallas Stars,Stars,25,DAL,https://assets.nhle.com/logos/nhl/svg/DAL_light.svg,American Airlines Center,"2500 Victory Ave, Dallas, TX 75219",18532,Dallas,Texas,USA,#006847,#8F8F8C,#000000
Tampa Bay Lightning,Lightning,14,TBL,https://assets.nhle.com/logos/nhl/svg/TBL_light.svg,Amalie Arena,"401 Channelside Dr, Tampa, FL 33602",19092,Tampa,Florida,USA,#002868,#FFFFFF,#000000
Carolina Hurricanes,Hurricanes,12,CAR,https://assets.nhle.com/logos/nhl/svg/CAR_light.svg,Lenovo Center,"1400 Edwards Mill Rd, Raleigh, NC 27607",18680,Raleigh,North Carolina,USA,#CC0000,#000000,#A2AAAD
Anaheim Ducks,Ducks,24,ANA,https://assets.nhle.com/logos/nhl/svg/ANA_light.svg,Honda Center,"2695 E Katella Ave, Anaheim, CA 92806",17174,Anaheim,California,USA,#F47A38,#B9975B,#000000
New Jersey Devils,Devils,1,NJD,https://assets.nhle.com/logos/nhl/svg/NJD_light.svg,Prudential Center,"25 Lafayette St, Newark, NJ 07102",16514,Newark,New Jersey,USA,#CE1126,#000000,#FFFFFF
Minnesota Wild,Wild,30,MIN,https://assets.nhle.com/logos/nhl/svg/MIN_light.svg,Xcel Energy Center,"199 W Kellogg Blvd, St Paul, MN 55102",17954,St. Paul,Minnesota,USA,#154734,#A6192E,#EAAA00
Washington Capitals,Capitals,15,WSH,https://assets.nhle.com/logos/nhl/svg/WSH_secondary_light.svg,Capital One Arena,"601 F St NW, Washington, DC 20004",18506,Washington,District of Columbia,USA,#041E42,#C8102E,#FFFFFF
Pittsburgh Penguins,Penguins,5,PIT,https://assets.nhle.com/logos/nhl/svg/PIT_light.svg,PPG Paints Arena,"1001 Fifth Ave, Pittsburgh, PA 15219",18187,Pittsburgh,Pennsylvania,USA,#000000,#FCB514,#FFFFFF
Los Angeles Kings,Kings,26,LAK,https://assets.nhle.com/logos/nhl/svg/LAK_light.svg,Crypto.com Arena,"1111 S Figueroa St, Los Angeles, CA 90015",18230,Los Angeles,California,USA,#111111,#A2AAAD,#FFFFFF
Philadelphia Flyers,Flyers,4,PHI,https://assets.nhle.com/logos/nhl/svg/PHI_light.svg,Wells Fargo Center,"3601 S Broad St, Philadelphia, PA 19148",19500,Philadelphia,Pennsylvania,USA,#F74902,#000000,#FFFFFF
Vegas Golden Knights,Golden Knights,54,VGK,https://assets.nhle.com/logos/nhl/svg/VGK_light.svg,T-Mobile Arena,"3780 S Las Vegas Blvd, Las Vegas, NV 89158",17500,Las Vegas,Nevada,USA,#B4975A,#333F42,#000000
Boston Bruins,Bruins,6,BOS,https://assets.nhle.com/logos/nhl/svg/BOS_light.svg?season=20252026,TD Garden,"100 Legends Way, Boston, MA 02114",17850,Boston,Massachusetts,USA,#FFB81C,#000000,#FFFFFF
Montréal Canadiens,Canadiens,8,MTL,https://assets.nhle.com/logos/nhl/svg/MTL_light.svg,Bell Centre,"1909 Av. des Canadiens-de-Montréal, Montréal, QC H3B 5E8",21302,Montreal,Quebec,Canada,#AF1E2D,#192168,#FFFFFF
New York Islanders,Islanders,2,NYI,https://assets.nhle.com/logos/nhl/svg/NYI_light.svg,UBS Arena,"2400 Hempstead Turnpike, Elmont, NY 11003",17255,Elmont,New York,USA,#00539B,#F47D30,#FFFFFF
Columbus Blue Jackets,Blue Jackets,29,CBJ,https://assets.nhle.com/logos/nhl/svg/CBJ_light.svg,Nationwide Arena,"200 W Nationwide Blvd, Columbus, OH 43215",18144,Columbus,Ohio,USA,#002654,#CE1126,#A4A9AD
San Jose Sharks,Sharks,28,SJS,https://assets.nhle.com/logos/nhl/svg/SJS_light.svg,SAP Center at San Jose,"525 W Santa Clara St, San Jose, CA 95113",17562,San Jose,California,USA,#006D75,#000000,#EA7200
Seattle Kraken,Kraken,55,SEA,https://assets.nhle.com/logos/nhl/svg/SEA_light.svg,Climate Pledge Arena,"334 1st Ave N, Seattle, WA 98109",17151,Seattle,Washington,USA,#001628,#99D9D9,#68A2B9
Ottawa Senators,Senators,9,OTT,https://assets.nhle.com/logos/nhl/svg/OTT_light.svg,Canadian Tire Centre,"1000 Palladium Dr, Ottawa, ON K2V 1A5",18652,Ottawa,Ontario,Canada,#C52032,#000000,#D19F2A
Detroit Red Wings,Red Wings,17,DET,https://assets.nhle.com/logos/nhl/svg/DET_light.svg?season=20252026,Little Caesars Arena,"2645 Woodward Ave, Detroit, MI 48201",19515,Detroit,Michigan,USA,#CE1126,#FFFFFF,#000000
New York Rangers,Rangers,3,NYR,https://assets.nhle.com/logos/nhl/svg/NYR_light.svg,Madison Square Garden,"4 Pennsylvania Plaza, New York, NY 10001",18006,New York,New York,USA,#0038A8,#CE1126,#FFFFFF
Chicago Blackhawks,Blackhawks,16,CHI,https://assets.nhle.com/logos/nhl/svg/CHI_light.svg?season=20252026,United Center,"1901 W Madison St, Chicago, IL 60612",19717,Chicago,Illinois,USA,#CF0A2C,#000000,#FFFFFF
Edmonton Oilers,Oilers,22,EDM,https://assets.nhle.com/logos/nhl/svg/EDM_light.svg,Rogers Place,"10220 104 Ave NW, Edmonton, AB T5J 0H6",18347,Edmonton,Alberta,Canada,#041E42,#FF4C00,#FFFFFF
Utah Mammoth,Mammoth,68,UTA,https://assets.nhle.com/logos/nhl/svg/UTA_light.svg?season=20252026,Delta Center,"301 S Temple, Salt Lake City, UT 84101",11131,Salt Lake City,Utah,USA,#000000,#B5B5B5,#71AFE5
Winnipeg Jets,Jets,52,WPG,https://assets.nhle.com/logos/nhl/svg/WPG_light.svg,Canada Life Centre,"300 Portage Ave, Winnipeg, MB R3C 5S4",15321,Winnipeg,Manitoba,Canada,#041E42,#004C97,#AC162C
Buffalo Sabres,Sabres,7,BUF,https://assets.nhle.com/logos/nhl/svg/BUF_light.svg,KeyBank Center,"1 Seymour H Knox III Plaza, Buffalo, NY 14203",19070,Buffalo,New York,USA,#002654,#FCB514,#FFFFFF
Florida Panthers,Panthers,13,FLA,https://assets.nhle.com/logos/nhl/svg/FLA_light.svg,Amerant Bank Arena,"1 Panther Pkwy, Sunrise, FL 33323",19250,Sunrise,Florida,USA,#C8102E,#041E42,#B9975B
Toronto Maple Leafs,Maple Leafs,10,TOR,https://assets.nhle.com/logos/nhl/svg/TOR_light.svg,Scotiabank Arena,"40 Bay St, Toronto, ON M5J 2X2",18819,Toronto,Ontario,Canada,#00205B,#FFFFFF,#000000
St. Louis Blues,Blues,19,STL,https://assets.nhle.com/logos/nhl/svg/STL_light.svg?season=20252026,Enterprise Center,"1401 Clark Ave, St. Louis, MO 63103",18096,St. Louis,Missouri,USA,#002F87,#FCB514,#041E42
Vancouver Canucks,Canucks,23,VAN,https://assets.nhle.com/logos/nhl/svg/VAN_light.svg,Rogers Arena,"800 Griffiths Way, Vancouver, BC V6B 6G1",18910,Vancouver,British Columbia,Canada,#00205B,#00843D,#FFFFFF
Calgary Flames,Flames,20,CGY,https://assets.nhle.com/logos/nhl/svg/CGY_light.svg,Scotiabank Saddledome,"555 Saddledome Rise SE, Calgary, AB T2G 2W1",19289,Calgary,Alberta,Canada,#C8102E,#F1BE48,#000000
Nashville Predators,Predators,18,NSH,https://assets.nhle.com/logos/nhl/svg/NSH_light.svg,Bridgestone Arena,"501 Broadway, Nashville, TN 37203",17159,Nashville,Tennessee,USA,#FFB81C,#041E42,#FFFFFF
