game_id,date,team,team_id,player_id,name,number,position,goals,assists,points,plus_minus,toi,shots,hits,blocked_shots,pim,pp_goals,sh_goals,is_goalie,shots_against,saves,goals_against,save_pct,decision
2026020001,2026-09-29,CAR,12,8473533,J. Staal,11,C,0,0,0,0,17:17,0,7,1,0,0,0,0,,,,,
2026020001,2026-09-29,CAR,12,8478427,S. Aho,20,C,0,0,0,0,20:56,4,0,1,4,0,0,0,,,,,
2026020001,2026-09-29,CAR,12,8482702,L. Stankoven,22,C,0,0,0,0,19:54,0,1,0,0,0,0,0,,,,,
2026020001,2026-09-29,CAR,12,8477940,N. Ehlers,27,L,0,0,0,0,19:24,2,1,1,0,0,0,0,,,,,
2026020001,2026-09-29,CAR,12,8477478,W. Carrier,28,L,0,0,0,0,06:46,0,2,0,0,0,0,0,,,,,
2026020001,2026-09-29,CAR,12,8480830,A. Svechnikov,37,R,0,0,0,0,16:21,2,8,1,2,0,0,0,,,,,
2026020001,2026-09-29,CAR,12,8475235,N. Deslauriers,44,L,0,0,0,0,05:01,0,3,0,5,0,0,0,,,,,
2026020001,2026-09-29,CAR,12,8476921,J. Martinook,48,L,0,0,0,0,13:50,0,2,0,0,0,0,0,,,,,
2026020001,2026-09-29,CAR,12,8480762,E. Robinson,50,L,0,0,0,0,13:00,0,5,0,0,0,0,0,,,,,
2026020001,2026-09-29,CAR,12,8482809,J. Blake,53,R,0,0,0,-1,21:38,2,0,2,0,0,0,0,,,,,
2026020001,2026-09-29,CAR,12,8475791,T. Hall,71,L,0,0,0,-1,15:27,1,3,0,2,0,0,0,,,,,
2026020001,2026-09-29,CAR,12,8476873,M. Jankowski,77,L,0,0,0,0,13:13,0,0,1,0,0,0,0,,,,,
2026020001,2026-09-29,CAR,12,8476906,S. Gostisbehere,4,D,0,0,0,0,19:09,1,1,1,0,0,0,0,,,,,
2026020001,2026-09-29,CAR,12,8478970,J. Chatfield,5,D,0,0,0,0,19:12,0,2,1,0,0,0,0,,,,,
2026020001,2026-09-29,CAR,12,8480817,K. Miller,19,D,0,0,0,-1,25:15,0,0,3,2,0,0,0,,,,,
2026020001,2026-09-29,CAR,12,8480336,S. Walker,26,D,0,0,0,0,19:10,1,4,3,2,0,0,0,,,,,
2026020001,2026-09-29,CAR,12,8484428,C. Legault,62,D,0,0,0,0,12:40,1,1,1,0,0,0,0,,,,,
2026020001,2026-09-29,CAR,12,8476958,J. Slavin,74,D,0,0,0,0,22:32,1,1,3,0,0,0,0,,,,,
2026020001,2026-09-29,CAR,12,8483548,B. Bussi,32,G,0,0,0,0,64:55,0,0,0,0,0,0,1,20.0,19.0,1.0,0.95,O
2026020001,2026-09-29,CAR,12,8481611,P. Kochetkov,52,G,0,0,0,0,00:00,0,0,0,0,0,0,1,0.0,0.0,0.0,0.0,ND
2026020001,2026-09-29,FLA,13,8480801,B. Tkachuk,8,L,0,0,0,1,16:33,1,5,0,2,0,0,0,,,,,
2026020001,2026-09-29,FLA,13,8477935,S. Bennett,9,C,0,0,0,0,19:08,1,7,0,0,0,0,0,,,,,
2026020001,2026-09-29,FLA,13,8477933,S. Reinhart,13,C,0,0,0,0,20:57,2,4,0,0,0,0,0,,,,,
2026020001,2026-09-29,FLA,13,8478147,B. Imama,14,L,0,0,0,0,06:03,0,3,0,7,0,0,0,,,,,
2026020001,2026-09-29,FLA,13,8482113,A. Lundell,15,C,0,0,0,0,19:02,3,2,1,0,0,0,0,,,,,
2026020001,2026-09-29,FLA,13,8477493,A. Barkov,16,C,0,0,0,0,20:32,1,0,1,0,0,0,0,,,,,
2026020001,2026-09-29,FLA,13,8479314,M. Tkachuk,19,L,0,0,0,0,19:01,2,1,0,0,0,0,0,,,,,
2026020001,2026-09-29,FLA,13,8474189,L. Eller,20,C,0,0,0,0,11:34,1,1,1,0,0,0,0,,,,,
2026020001,2026-09-29,FLA,13,8477903,G. Hathaway,21,R,0,0,0,0,09:37,0,4,0,4,0,0,0,,,,,
2026020001,2026-09-29,FLA,13,8477409,C. Verhaeghe,23,C,0,1,1,1,18:58,1,0,1,0,0,0,0,,,,,
2026020001,2026-09-29,FLA,13,8480185,E. Luostarinen,27,C,0,0,0,0,13:58,1,4,0,0,0,0,0,,,,,
2026020001,2026-09-29,FLA,13,8483771,S. Vilmanis,95,L,0,0,0,0,11:23,0,3,3,0,0,0,0,,,,,
2026020001,2026-09-29,FLA,13,8477495,S. Jones,3,D,0,0,0,0,28:59,1,1,0,0,0,0,0,,,,,
2026020001,2026-09-29,FLA,13,8477932,A. Ekblad,5,D,0,0,0,0,20:17,0,2,0,0,0,0,0,,,,,
2026020001,2026-09-29,FLA,13,8475462,R. Gudas,6,D,0,0,0,0,10:45,0,2,0,0,0,0,0,,,,,
2026020001,2026-09-29,FLA,13,8475179,D. Kulikov,7,D,0,0,0,0,11:46,0,1,2,2,0,0,0,,,,,
2026020001,2026-09-29,FLA,13,8478055,G. Forsling,42,D,1,0,1,1,22:40,2,3,2,2,0,0,0,,,,,
2026020001,2026-09-29,FLA,13,8478859,N. Mikkola,77,D,0,0,0,0,21:32,4,0,2,0,0,0,0,,,,,
2026020001,2026-09-29,FLA,13,8474593,J. Markstrom,25,G,0,0,0,0,64:55,0,0,0,0,0,0,1,15.0,15.0,0.0,1.0,W
2026020001,2026-09-29,FLA,13,8481033,A. Schmid,40,G,0,0,0,0,00:00,0,0,0,0,0,0,1,0.0,0.0,0.0,0.0,ND
2026020002,2026-09-29,TOR,10,8476925,C. Sissons,15,C,0,0,0,0,14:58,0,4,1,0,0,0,0,,,,,
2026020002,2026-09-29,TOR,10,8479772,Z. MacEwen,19,R,0,0,0,0,05:25,0,0,0,0,0,0,0,,,,,
2026020002,2026-09-29,TOR,10,8477426,N. Paul,20,L,0,0,0,-1,15:32,0,2,2,2,0,0,0,,,,,
2026020002,2026-09-29,TOR,10,8479520,B. Duhaime,24,L,0,0,0,0,09:04,0,4,1,0,0,0,0,,,,,
2026020002,2026-09-29,TOR,10,8479318,A. Matthews,34,C,0,0,0,-1,22:34,3,0,0,0,0,0,0,,,,,
2026020002,2026-09-29,TOR,10,8484158,E. Cowan,53,R,0,1,1,1,15:58,1,1,0,0,0,0,0,,,,,
2026020002,2026-09-29,TOR,10,8476927,T. Blueger,73,C,0,0,0,0,09:46,1,1,0,0,0,0,0,,,,,
2026020002,2026-09-29,TOR,10,8480893,K. Marchenko,86,R,0,1,1,1,20:08,4,2,0,0,0,0,0,,,,,
2026020002,2026-09-29,TOR,10,8477939,W. Nylander,88,R,2,0,2,-1,18:55,5,0,1,0,0,0,0,,,,,
2026020002,2026-09-29,TOR,10,8475166,J. Tavares,91,C,0,1,1,0,16:36,4,1,2,2,0,0,0,,,,,
2026020002,2026-09-29,TOR,10,8486067,G. McKenna,92,L,0,0,0,-2,15:19,1,0,0,0,0,0,0,,,,,
2026020002,2026-09-29,TOR,10,8478458,J. Roslovic,96,C,0,0,0,0,18:14,2,1,0,0,0,0,0,,,,,
2026020002,2026-09-29,TOR,10,8475690,C. Tanev,8,D,0,0,0,0,18:39,1,0,3,0,0,0,0,,,,,
2026020002,2026-09-29,TOR,10,8476931,J. McCabe,22,D,0,0,0,0,11:38,1,3,0,2,0,0,0,,,,,
2026020002,2026-09-29,TOR,10,8479442,T. Stecher,28,D,0,0,0,1,19:05,0,1,0,0,0,0,0,,,,,
2026020002,2026-09-29,TOR,10,8478178,D. Raddysh,43,D,0,0,0,-2,23:47,3,0,2,0,0,0,0,,,,,
2026020002,2026-09-29,TOR,10,8476853,M. Rielly,44,D,0,1,1,-1,21:30,1,2,0,0,0,0,0,,,,,
2026020002,2026-09-29,TOR,10,8475171,O. Ekman-Larsson,95,D,0,0,0,0,18:07,1,1,2,2,0,0,0,,,,,
2026020002,2026-09-29,TOR,10,8476932,A. Stolarz,41,G,0,0,0,0,00:00,0,0,0,0,0,0,1,0.0,0.0,0.0,0.0,ND
2026020002,2026-09-29,TOR,10,8475683,S. Bobrovsky,72,G,0,0,0,0,58:45,0,0,0,0,0,0,1,24.0,21.0,3.0,0.875,L
2026020002,2026-09-29,MTL,8,8481540,C. Caufield,13,R,0,0,0,-1,15:55,3,3,0,2,0,0,0,,,,,
2026020002,2026-09-29,MTL,8,8480018,N. Suzuki,14,C,0,0,0,-1,18:43,2,2,1,0,0,0,0,,,,,
2026020002,2026-09-29,MTL,8,8481618,A. Newhook,15,C,0,0,0,0,16:11,1,3,1,2,0,0,0,,,,,
2026020002,2026-09-29,MTL,8,8476981,J. Anderson,17,R,1,1,2,2,12:53,3,4,0,0,0,0,0,,,,,
2026020002,2026-09-29,MTL,8,8483515,J. Slafkovský,20,L,0,0,0,0,17:53,2,0,0,0,0,0,0,,,,,
2026020002,2026-09-29,MTL,8,8475184,C. Kreider,22,L,0,0,0,0,14:21,1,3,0,0,0,0,0,,,,,
2026020002,2026-09-29,MTL,8,8476479,P. Danault,24,C,0,0,0,1,15:37,0,1,0,0,0,0,0,,,,,
2026020002,2026-09-29,MTL,8,8478133,J. Evans,71,C,0,0,0,1,14:50,1,3,1,0,0,0,0,,,,,
2026020002,2026-09-29,MTL,8,8482737,Z. Bolduc,76,R,1,0,1,1,11:04,2,0,0,0,0,0,0,,,,,
2026020002,2026-09-29,MTL,8,8481523,K. Dach,77,C,0,1,1,1,11:07,1,2,0,0,0,0,0,,,,,
2026020002,2026-09-29,MTL,8,8480074,A. Texier,85,L,0,0,0,0,12:13,0,2,1,2,0,0,0,,,,,
2026020002,2026-09-29,MTL,8,8484984,I. Demidov,93,R,0,0,0,-1,15:11,1,2,0,2,0,0,0,,,,,
2026020002,2026-09-29,MTL,8,8476875,M. Matheson,8,D,0,1,1,1,25:07,3,0,2,0,0,0,0,,,,,
2026020002,2026-09-29,MTL,8,8478851,A. Carrier,45,D,1,1,2,1,21:54,3,1,1,0,0,0,0,,,,,
2026020002,2026-09-29,MTL,8,8481593,J. Struble,47,D,0,0,0,0,11:02,0,2,0,0,0,0,0,,,,,
2026020002,2026-09-29,MTL,8,8483457,L. Hutson,48,D,0,0,0,0,24:07,0,0,1,0,0,0,0,,,,,
2026020002,2026-09-29,MTL,8,8480865,N. Dobson,53,D,0,0,0,0,21:56,1,0,2,0,0,0,0,,,,,
2026020002,2026-09-29,MTL,8,8482964,A. Xhekaj,72,D,0,0,0,0,12:20,0,0,1,0,0,0,0,,,,,
2026020002,2026-09-29,MTL,8,8478470,S. Montembeault,35,G,0,0,0,0,00:00,0,0,0,0,0,0,1,0.0,0.0,0.0,0.0,ND
2026020002,2026-09-29,MTL,8,8482487,J. Dobes,75,G,0,0,0,0,59:36,0,0,0,0,0,0,1,28.0,26.0,2.0,0.928571,W
2026020003,2026-09-29,BOS,6,8482175,J. Peterka,10,R,1,0,1,1,17:09,1,0,0,0,0,0,0,,,,,
2026020003,2026-09-29,BOS,6,8479999,C. Mittelstadt,11,C,0,0,0,0,14:28,3,1,0,0,0,0,0,,,,,
2026020003,2026-09-29,BOS,6,8478401,P. Zacha,18,C,0,0,0,0,15:24,3,1,0,0,0,0,0,,,,,
2026020003,2026-09-29,BOS,6,8477496,E. Lindholm,28,C,0,1,1,1,15:59,0,1,1,0,0,0,0,,,,,
2026020003,2026-09-29,BOS,6,8479987,M. Geekie,39,C,0,0,0,0,16:18,1,5,0,0,0,0,0,,,,,
2026020003,2026-09-29,BOS,6,8485395,J. Hagens,44,C,0,0,0,0,13:27,1,0,2,0,0,0,0,,,,,
2026020003,2026-09-29,BOS,6,8480355,M. Kastelic,47,C,1,0,1,2,13:07,1,3,3,0,0,0,0,,,,,
2026020003,2026-09-29,BOS,6,8476374,S. Kuraly,52,C,0,0,0,0,15:01,2,1,2,0,0,0,0,,,,,
2026020003,2026-09-29,BOS,6,8479661,T. Jeannot,84,L,0,0,0,0,13:13,0,4,1,2,0,0,0,,,,,
2026020003,2026-09-29,BOS,6,8477956,D. Pastrnak,88,R,0,0,0,1,17:32,4,1,0,0,0,0,0,,,,,
2026020003,2026-09-29,BOS,6,8482177,M. Khusnutdinov,92,C,0,1,1,2,13:23,0,1,1,0,0,0,0,,,,,
2026020003,2026-09-29,BOS,6,8483489,F. Minten,93,C,1,1,2,2,14:48,3,1,0,0,0,0,0,,,,,
2026020003,2026-09-29,BOS,6,8482511,M. Lohrei,6,D,0,1,1,1,19:21,0,0,0,0,0,0,0,,,,,
2026020003,2026-09-29,BOS,6,8478840,W. Borgen,17,D,0,0,0,2,17:43,1,4,1,0,0,0,0,,,,,
2026020003,2026-09-29,BOS,6,8476854,H. Lindholm,27,D,0,1,1,2,18:37,0,0,1,0,0,0,0,,,,,
2026020003,2026-09-29,BOS,6,8481219,J. Aspirot,45,D,0,0,0,1,17:13,0,2,1,0,0,0,0,,,,,
2026020003,2026-09-29,BOS,6,8477365,C. Clifton,75,D,0,0,0,0,23:23,2,3,2,0,0,0,0,,,,,
2026020003,2026-09-29,BOS,6,8477507,N. Zadorov,91,D,0,0,0,0,21:54,1,8,1,0,0,0,0,,,,,
2026020003,2026-09-29,BOS,6,8480280,J. Swayman,1,G,0,0,0,0,60:00,0,0,0,0,0,0,1,24.0,24.0,0.0,1.0,W
2026020003,2026-09-29,BOS,6,8480022,M. DiPietro,30,G,0,0,0,0,00:00,0,0,0,0,0,0,1,0.0,0.0,0.0,0.0,ND
2026020003,2026-09-29,NYR,3,8476468,J. Miller,10,C,0,0,0,-1,16:12,2,2,0,0,0,0,0,,,,,
2026020003,2026-09-29,NYR,3,8482109,A. Lafrenière,13,L,0,0,0,-1,18:17,0,4,0,0,0,0,0,,,,,
2026020003,2026-09-29,NYR,3,8481604,P. Dorofeyev,16,R,0,0,0,-1,15:49,5,1,0,0,0,0,0,,,,,
2026020003,2026-09-29,NYR,3,8480009,E. Tolvanen,17,R,0,0,0,-1,13:56,2,4,0,0,0,0,0,,,,,
2026020003,2026-09-29,NYR,3,8481789,T. Kartye,24,L,0,0,0,-1,13:20,0,3,0,0,0,0,0,,,,,
2026020003,2026-09-29,NYR,3,8477416,O. Bjorkstrand,28,R,0,0,0,0,14:33,4,0,0,0,0,0,0,,,,,
2026020003,2026-09-29,NYR,3,8483690,N. Laba,42,C,0,0,0,-2,12:56,0,2,0,2,0,0,0,,,,,
2026020003,2026-09-29,NYR,3,8482157,W. Cuylle,50,L,0,0,0,-2,15:03,3,2,0,0,0,0,0,,,,,
2026020003,2026-09-29,NYR,3,8482460,M. Rempe,73,C,0,0,0,0,09:49,1,6,0,0,0,0,0,,,,,
2026020003,2026-09-29,NYR,3,8480813,J. Veleno,90,C,0,0,0,0,15:57,0,3,3,0,0,0,0,,,,,
2026020003,2026-09-29,NYR,3,8476459,M. Zibanejad,93,C,0,0,0,-1,18:31,2,2,0,0,0,0,0,,,,,
2026020003,2026-09-29,NYR,3,8484210,G. Perreault,94,R,0,0,0,-1,16:20,0,0,1,0,0,0,0,,,,,
2026020003,2026-09-29,NYR,3,8482073,B. Schneider,4,D,0,0,0,-1,16:14,2,4,1,0,0,0,0,,,,,
2026020003,2026-09-29,NYR,3,8480434,S. Durzi,5,D,0,0,0,0,23:15,1,1,1,0,0,0,0,,,,,
2026020003,2026-09-29,NYR,3,8485957,A. Smits,12,D,0,0,0,-1,16:54,0,2,1,0,0,0,0,,,,,
2026020003,2026-09-29,NYR,3,8479323,A. Fox,23,D,0,0,0,-2,18:25,0,0,1,0,0,0,0,,,,,
2026020003,2026-09-29,NYR,3,8477969,M. Pettersson,26,D,0,0,0,0,23:08,1,1,2,0,0,0,0,,,,,
2026020003,2026-09-29,NYR,3,8478882,V. Gavrikov,44,D,0,0,0,-1,19:58,1,0,2,0,0,0,0,,,,,
2026020003,2026-09-29,NYR,3,8478048,I. Shesterkin,31,G,0,0,0,0,59:23,0,0,0,0,0,0,1,22.0,20.0,2.0,0.909091,L
2026020003,2026-09-29,NYR,3,8476914,J. Korpisalo,70,G,0,0,0,0,00:00,0,0,0,0,0,0,1,0.0,0.0,0.0,0.0,ND
2026020004,2026-09-29,EDM,22,8479365,T. Frederic,10,C,0,0,0,0,09:21,1,4,0,0,0,0,0,,,,,
2026020004,2026-09-29,EDM,22,8475786,Z. Hyman,18,L,0,0,0,1,20:33,3,2,0,0,0,0,0,,,,,
2026020004,2026-09-29,EDM,22,8478472,M. Joseph,21,R,0,0,0,-1,14:57,0,5,1,2,0,0,0,,,,,
2026020004,2026-09-29,EDM,22,8480029,A. Formenton,26,L,0,1,1,3,15:09,2,5,0,0,0,0,0,,,,,
2026020004,2026-09-29,EDM,22,8477934,L. Draisaitl,29,C,0,1,1,-1,21:15,5,0,0,0,0,0,0,,,,,
2026020004,2026-09-29,EDM,22,8482703,C. Dach,34,C,0,0,0,-1,14:49,2,4,0,0,0,0,0,,,,,
2026020004,2026-09-29,EDM,22,8477953,K. Kapanen,42,R,0,0,0,-2,17:55,3,4,0,2,0,0,0,,,,,
2026020004,2026-09-29,EDM,22,8486161,O. Michaels,43,R,0,0,0,0,08:22,0,0,1,0,0,0,0,,,,,
2026020004,2026-09-29,EDM,22,8479368,M. Jones,46,L,0,0,0,-1,12:18,2,5,0,0,0,0,0,,,,,
2026020004,2026-09-29,EDM,22,8483455,I. Howard,53,L,0,0,0,0,11:06,1,0,0,0,0,0,0,,,,,
2026020004,2026-09-29,EDM,22,8481617,V. Podkolzin,92,R,2,0,2,-2,18:20,7,5,0,0,1,0,0,,,,,
2026020004,2026-09-29,EDM,22,8478402,C. McDavid,97,C,0,2,2,1,22:51,0,1,0,0,0,0,0,,,,,
2026020004,2026-09-29,EDM,22,8480803,E. Bouchard,2,D,3,2,5,2,25:41,6,1,3,0,0,0,0,,,,,
2026020004,2026-09-29,EDM,22,8476473,C. Murphy,5,D,0,0,0,-1,18:29,2,0,4,0,0,0,0,,,,,
2026020004,2026-09-29,EDM,22,8478854,R. Shea,6,D,0,1,1,-1,22:41,0,1,0,0,0,0,0,,,,,
2026020004,2026-09-29,EDM,22,8475218,M. Ekholm,14,D,0,0,0,2,20:56,2,1,0,0,0,0,0,,,,,
2026020004,2026-09-29,EDM,22,8482166,S. Mukhamadullin,85,D,0,0,0,-2,13:03,0,0,0,0,0,0,0,,,,,
2026020004,2026-09-29,EDM,22,8478013,J. Walman,96,D,0,0,0,0,16:25,1,0,3,0,0,0,0,,,,,
2026020004,2026-09-29,EDM,22,8482221,D. Levi,27,G,0,0,0,0,00:00,0,0,0,0,0,0,1,0.0,0.0,0.0,0.0,ND
2026020004,2026-09-29,EDM,22,8477465,T. Jarry,35,G,0,0,0,0,61:33,0,0,0,0,0,0,1,23.0,17.0,6.0,0.73913,O
2026020004,2026-09-29,VAN,23,8478444,B. Boeser,6,R,0,1,1,-1,14:51,1,0,0,0,0,0,0,,,,,
2026020004,2026-09-29,VAN,23,8475848,B. Gallagher,7,R,0,0,0,0,10:54,1,1,0,0,0,0,0,,,,,
2026020004,2026-09-29,VAN,23,8483395,A. Bains,13,L,0,0,0,1,10:52,0,0,2,0,0,0,0,,,,,
2026020004,2026-09-29,VAN,23,8482055,D. O'Connor,18,L,0,1,1,-1,17:40,3,2,2,0,0,0,0,,,,,
2026020004,2026-09-29,VAN,23,8482079,M. Rossi,23,C,1,0,1,-1,15:01,1,0,0,0,0,0,0,,,,,
2026020004,2026-09-29,VAN,23,8480012,E. Pettersson,40,C,1,0,1,0,19:23,1,0,2,0,1,0,0,,,,,
2026020004,2026-09-29,VAN,23,8481032,P. Cotter,47,L,2,0,2,2,11:51,3,2,0,0,0,0,0,,,,,
2026020004,2026-09-29,VAN,23,8484136,M. Sasson,63,C,1,1,2,1,16:37,2,0,2,2,0,0,0,,,,,
2026020004,2026-09-29,VAN,23,8478498,J. DeBrusk,74,L,0,1,1,1,15:35,0,0,0,0,0,0,0,,,,,
2026020004,2026-09-29,VAN,23,8483476,J. Lekkerimäki,88,R,1,0,1,1,12:36,1,0,0,0,0,0,0,,,,,
2026020004,2026-09-29,VAN,23,8483499,L. Ohgren,92,L,0,1,1,-1,17:29,1,1,1,0,0,0,0,,,,,
2026020004,2026-09-29,VAN,23,8481024,L. Karlsson,94,C,0,1,1,-1,13:37,2,0,0,2,0,0,0,,,,,
2026020004,2026-09-29,VAN,23,8474568,L. Schenn,2,D,0,0,0,1,14:25,2,1,0,0,0,0,0,,,,,
2026020004,2026-09-29,VAN,23,8476467,J. Oleksiak,4,D,0,1,1,-3,23:38,0,3,2,0,0,0,0,,,,,
2026020004,2026-09-29,VAN,23,8484240,T. Willander,5,D,0,0,0,-1,20:40,0,0,1,2,0,0,0,,,,,
2026020004,2026-09-29,VAN,23,8484798,Z. Buium,8,D,0,0,0,2,22:46,1,0,1,0,0,0,0,,,,,
2026020004,2026-09-29,VAN,23,8479425,F. Hronek,17,D,0,2,2,2,25:08,2,0,3,0,0,0,0,,,,,
2026020004,2026-09-29,VAN,23,8483678,E. Pettersson,25,D,0,0,0,0,16:01,2,3,5,2,0,0,0,,,,,
2026020004,2026-09-29,VAN,23,8482447,L. Meriläinen,31,G,0,0,0,0,00:00,0,0,0,0,0,0,1,0.0,0.0,0.0,0.0,ND
2026020004,2026-09-29,VAN,23,8480947,K. Lankinen,32,G,0,0,0,0,61:43,0,0,0,0,0,0,1,37.0,32.0,5.0,0.864865,W
2026020005,2026-09-29,VGK,54,8478403,J. Eichel,9,C,1,2,3,1,18:00,2,1,0,0,0,0,0,,,,,
2026020005,2026-09-29,VGK,54,8483553,M. Gatcomb,17,C,0,1,1,1,10:31,3,8,0,2,0,0,0,,,,,
2026020005,2026-09-29,VGK,54,8479353,B. Howden,21,C,0,0,0,1,17:16,3,2,0,0,0,0,0,,,,,
2026020005,2026-09-29,VGK,54,8484803,T. Connelly,24,L,1,0,1,-1,11:22,4,1,0,0,0,0,0,,,,,
2026020005,2026-09-29,VGK,54,8475343,N. Dowd,26,C,0,1,1,0,12:37,0,2,0,0,0,0,0,,,,,
2026020005,2026-09-29,VGK,54,8483890,B. Bowman,42,R,0,0,0,-1,10:58,1,0,1,0,0,0,0,,,,,
2026020005,2026-09-29,VGK,54,8476881,T. Hertl,48,C,0,0,0,1,15:45,4,2,0,0,0,0,0,,,,,
2026020005,2026-09-29,VGK,54,8477964,I. Barbashev,49,L,0,2,2,2,14:27,1,2,0,0,0,0,0,,,,,
2026020005,2026-09-29,VGK,54,8475913,M. Stone,61,R,1,0,1,2,17:11,1,2,0,0,0,0,0,,,,,
2026020005,2026-09-29,VGK,54,8476448,W. Karlsson,71,C,0,0,0,0,17:26,1,0,0,0,0,0,0,,,,,
2026020005,2026-09-29,VGK,54,8478483,M. Marner,93,R,0,0,0,0,21:21,4,0,0,0,0,0,0,,,,,
2026020005,2026-09-29,VGK,54,8478109,V. Olofsson,95,L,1,0,1,0,13:57,2,0,0,0,1,0,0,,,,,
2026020005,2026-09-29,VGK,54,8475188,B. McNabb,3,D,0,2,2,2,18:45,1,0,0,0,0,0,0,,,,,
2026020005,2026-09-29,VGK,54,8478397,R. Andersson,4,D,0,0,0,-1,18:46,2,0,1,0,0,0,0,,,,,
2026020005,2026-09-29,VGK,54,8478468,J. Lauzon,5,D,0,0,0,1,17:20,3,2,3,0,0,0,0,,,,,
2026020005,2026-09-29,VGK,54,8478396,N. Hanifin,15,D,1,0,1,1,18:51,3,0,2,0,0,0,0,,,,,
2026020005,2026-09-29,VGK,54,8477447,S. Theodore,27,D,0,2,2,2,21:22,1,0,1,0,0,0,0,,,,,
2026020005,2026-09-29,VGK,54,8478450,P. Wotherspoon,29,D,0,0,0,-1,20:08,1,1,0,2,0,0,0,,,,,
2026020005,2026-09-29,VGK,54,8478499,A. Hill,33,G,0,0,0,0,00:00,0,0,0,0,0,0,1,0.0,0.0,0.0,0.0,ND
2026020005,2026-09-29,VGK,54,8479394,C. Hart,79,G,0,0,0,0,59:57,0,0,0,0,0,0,1,26.0,24.0,2.0,0.923077,W
2026020005,2026-09-29,CHI,16,8477987,R. Donato,8,C,0,0,0,-2,12:50,2,0,0,0,0,0,0,,,,,
2026020005,2026-09-29,CHI,16,8484197,O. Moore,11,C,0,0,0,0,13:57,2,0,0,0,0,0,0,,,,,
2026020005,2026-09-29,CHI,16,8478413,J. Greenway,12,L,1,0,1,1,14:08,5,3,0,0,0,0,0,,,,,
2026020005,2026-09-29,CHI,16,8485391,A. Frondell,16,C,0,0,0,-2,17:40,1,1,0,0,0,0,0,,,,,
2026020005,2026-09-29,CHI,16,8483450,R. Greene,20,C,0,1,1,1,14:43,1,0,0,0,0,0,0,,,,,
2026020005,2026-09-29,CHI,16,8482062,C. Smith,22,R,0,0,0,1,15:16,1,1,0,0,0,0,0,,,,,
2026020005,2026-09-29,CHI,16,8478233,A. Mangiapane,26,L,0,0,0,0,05:23,1,1,0,2,0,0,0,,,,,
2026020005,2026-09-29,CHI,16,8477479,T. Bertuzzi,59,L,0,0,0,-1,16:51,0,1,0,0,0,0,0,,,,,
2026020005,2026-09-29,CHI,16,8484185,N. Lardis,76,L,0,0,0,-2,11:44,2,0,1,0,0,0,0,,,,,
2026020005,2026-09-29,CHI,16,8484390,R. Kantserov,80,R,0,0,0,-1,17:07,1,3,0,0,0,0,0,,,,,
2026020005,2026-09-29,CHI,16,8474141,P. Kane,88,R,1,0,1,-1,21:36,4,2,0,0,0,0,0,,,,,
2026020005,2026-09-29,CHI,16,8483493,F. Nazar,91,C,0,0,0,-2,18:01,3,0,0,0,0,0,0,,,,,
2026020005,2026-09-29,CHI,16,8483506,S. Rinzel,6,D,0,0,0,-1,18:16,2,1,2,0,0,0,0,,,,,
2026020005,2026-09-29,CHI,16,8481524,B. Byram,24,D,0,0,0,-2,25:08,0,0,2,0,0,0,0,,,,,
2026020005,2026-09-29,CHI,16,8474013,I. Cole,28,D,0,0,0,0,12:40,0,0,1,2,0,0,0,,,,,
2026020005,2026-09-29,CHI,16,8482176,W. Kaiser,44,D,0,1,1,1,20:37,0,0,2,0,0,0,0,,,,,
2026020005,2026-09-29,CHI,16,8484783,A. Levshunov,55,D,0,0,0,0,19:14,1,1,1,0,0,0,0,,,,,
2026020005,2026-09-29,CHI,16,8481568,A. Vlasic,72,D,0,0,0,-1,20:01,0,0,1,0,0,0,0,,,,,
2026020005,2026-09-29,CHI,16,8481519,S. Knight,30,G,0,0,0,0,59:47,0,0,0,0,0,0,1,36.0,32.0,4.0,0.888889,L
2026020005,2026-09-29,CHI,16,8482821,A. Soderblom,40,G,0,0,0,0,00:00,0,0,0,0,0,0,1,0.0,0.0,0.0,0.0,ND
2026020006,2026-09-30,PHI,4,8478439,T. Konecny,11,R,0,0,0,-1,14:47,2,3,0,2,0,0,0,,,,,
2026020006,2026-09-30,PHI,4,8476461,S. Couturier,14,C,0,0,0,-1,15:04,0,1,0,0,0,0,0,,,,,
2026020006,2026-09-30,PHI,4,8483731,A. Bump,20,L,0,0,0,0,14:39,1,2,0,0,0,0,0,,,,,
2026020006,2026-09-30,PHI,4,8477989,C. Dvorak,22,C,0,0,0,-1,14:58,2,2,1,0,0,0,0,,,,,
2026020006,2026-09-30,PHI,4,8480220,N. Cates,27,L,0,0,0,-1,14:17,1,0,0,0,0,0,0,,,,,
2026020006,2026-09-30,PHI,4,8484387,M. Michkov,39,R,0,0,0,-1,15:47,1,0,0,0,0,0,0,,,,,
2026020006,2026-09-30,PHI,4,8481533,T. Zegras,46,C,0,0,0,-2,16:25,1,0,0,0,0,0,0,,,,,
2026020006,2026-09-30,PHI,4,8478569,N. Acciari,52,C,0,0,0,-3,15:20,1,3,1,0,0,0,0,,,,,
2026020006,2026-09-30,PHI,4,8482159,T. Foerster,71,R,0,0,0,-2,17:08,1,1,0,0,0,0,0,,,,,
2026020006,2026-09-30,PHI,4,8480015,O. Tippett,74,R,0,0,0,-1,14:11,4,6,0,0,0,0,0,,,,,
2026020006,2026-09-30,PHI,4,8479336,C. Grundstrom,91,R,0,0,0,-2,12:01,1,4,1,0,0,0,0,,,,,
2026020006,2026-09-30,PHI,4,8485406,P. Martone,94,R,0,0,0,-1,14:05,0,0,0,2,0,0,0,,,,,
2026020006,2026-09-30,PHI,4,8477948,T. Sanheim,6,D,0,0,0,-2,20:15,3,0,0,0,0,0,0,,,,,
2026020006,2026-09-30,PHI,4,8481546,C. York,8,D,0,0,0,-2,21:08,1,0,1,0,0,0,0,,,,,
2026020006,2026-09-30,PHI,4,8482142,J. Drysdale,9,D,0,0,0,-3,17:21,0,1,1,2,0,0,0,,,,,
2026020006,2026-09-30,PHI,4,8476372,N. Seeler,24,D,0,0,0,0,19:54,0,2,1,2,0,0,0,,,,,
2026020006,2026-09-30,PHI,4,8481122,S. Benoit,44,D,0,0,0,-1,18:29,0,2,0,2,0,0,0,,,,,
2026020006,2026-09-30,PHI,4,8477499,R. Ristolainen,55,D,0,0,0,-1,17:40,0,1,2,0,0,0,0,,,,,
2026020006,2026-09-30,PHI,4,8479361,J. Woll,53,G,0,0,0,0,00:00,0,0,0,0,0,0,1,0.0,0.0,0.0,0.0,ND
2026020006,2026-09-30,PHI,4,8478435,D. Vladar,80,G,0,0,0,0,59:41,0,0,0,0,0,0,1,38.0,31.0,7.0,0.815789,L
2026020006,2026-09-30,PIT,5,8480842,F. Hallander,11,C,1,2,3,4,10:55,3,1,0,0,0,0,0,,,,,
2026020006,2026-09-30,PIT,5,8481582,N. Robertson,14,L,2,0,2,2,15:02,4,0,1,2,0,0,0,,,,,
2026020006,2026-09-30,PIT,5,8478438,T. Novak,18,C,0,1,1,0,16:04,0,0,1,0,0,0,0,,,,,
2026020006,2026-09-30,PIT,5,8480980,C. Dewar,19,C,0,0,0,0,14:51,0,4,1,2,0,0,0,,,,,
2026020006,2026-09-30,PIT,5,8482148,H. Lapierre,22,C,1,1,2,3,13:02,1,4,0,0,0,0,0,,,,,
2026020006,2026-09-30,PIT,5,8481725,E. Soderblom,25,L,0,0,0,0,12:39,0,2,0,0,0,0,0,,,,,
2026020006,2026-09-30,PIT,5,8482758,V. Koivunen,41,R,1,0,1,3,13:50,2,0,0,0,0,0,0,,,,,
2026020006,2026-09-30,PIT,5,8481481,B. Lizotte,46,C,0,0,0,0,13:13,4,0,1,0,0,0,0,,,,,
2026020006,2026-09-30,PIT,5,8482475,E. Chinakhov,59,R,1,0,1,0,16:58,3,1,0,0,1,0,0,,,,,
2026020006,2026-09-30,PIT,5,8476483,R. Rakell,67,R,0,1,1,1,18:32,2,3,0,0,0,0,0,,,,,
2026020006,2026-09-30,PIT,5,8471215,E. Malkin,71,C,1,0,1,0,15:47,2,0,0,0,1,0,0,,,,,
2026020006,2026-09-30,PIT,5,8471675,S. Crosby,87,C,0,1,1,1,17:39,3,2,0,0,0,0,0,,,,,
2026020006,2026-09-30,PIT,5,8481527,K. Korczak,6,D,0,2,2,3,18:31,3,1,2,0,0,0,0,,,,,
2026020006,2026-09-30,PIT,5,8479398,S. Girard,49,D,0,2,2,3,21:02,2,1,0,0,0,0,0,,,,,
2026020006,2026-09-30,PIT,5,8477845,T. van Riemsdyk,57,D,0,0,0,1,20:42,0,1,4,0,0,0,0,,,,,
2026020006,2026-09-30,PIT,5,8471724,K. Letang,58,D,0,1,1,1,18:44,4,2,0,0,0,0,0,,,,,
2026020006,2026-09-30,PIT,5,8474578,E. Karlsson,65,D,0,1,1,1,19:59,3,0,1,0,0,0,0,,,,,
2026020006,2026-09-30,PIT,5,8483398,D. Carlile,72,D,0,1,1,1,16:30,2,1,0,4,0,0,0,,,,,
2026020006,2026-09-30,PIT,5,8483703,S. Murashov,1,G,0,0,0,0,00:00,0,0,0,0,0,0,1,0.0,0.0,0.0,0.0,ND
2026020006,2026-09-30,PIT,5,8481668,A. Silovs,37,G,0,0,0,0,60:00,0,0,0,0,0,0,1,19.0,19.0,0.0,1.0,W
2026020007,2026-09-30,COL,21,8482768,F. Svechkov,9,C,0,0,0,0,15:28,0,1,1,0,0,0,0,,,,,
2026020007,2026-09-30,COL,21,8478462,N. Roy,10,C,1,0,1,1,12:12,2,2,1,0,0,0,0,,,,,
2026020007,2026-09-30,COL,21,8475754,B. Nelson,11,C,1,2,3,0,19:14,1,0,0,0,1,0,0,,,,,
2026020007,2026-09-30,COL,21,8486171,T. Hughes,13,R,0,0,0,-3,13:35,2,2,0,2,0,0,0,,,,,
2026020007,2026-09-30,COL,21,8480448,P. Kelly,17,C,1,1,2,2,12:53,1,3,0,0,0,0,0,,,,,
2026020007,2026-09-30,COL,21,8477492,N. MacKinnon,29,C,2,0,2,-2,17:44,8,2,0,5,1,0,0,,,,,
2026020007,2026-09-30,COL,21,8477476,A. Lehkonen,62,L,2,0,2,1,19:27,3,2,2,0,2,0,0,,,,,
2026020007,2026-09-30,COL,21,8475768,J. Schwartz,71,L,0,2,2,-1,12:49,1,2,0,2,0,0,0,,,,,
2026020007,2026-09-30,COL,21,8480039,M. Necas,88,C,0,1,1,-1,19:11,4,1,0,0,0,0,0,,,,,
2026020007,2026-09-30,COL,21,8475172,N. Kadri,91,C,0,2,2,1,17:57,2,1,0,0,0,0,0,,,,,
2026020007,2026-09-30,COL,21,8476455,G. Landeskog,92,L,1,0,1,-1,17:52,1,0,1,0,0,0,0,,,,,
2026020007,2026-09-30,COL,21,8478038,D. Toews,7,D,0,2,2,1,20:04,0,1,0,2,0,0,0,,,,,
2026020007,2026-09-30,COL,21,8480069,C. Makar,8,D,0,2,2,-1,18:14,1,0,3,0,0,0,0,,,,,
2026020007,2026-09-30,COL,21,8476967,B. Kulak,27,D,0,0,0,1,19:44,0,0,1,0,0,0,0,,,,,
2026020007,2026-09-30,COL,21,8476312,J. Manson,42,D,0,1,1,0,14:31,1,1,1,0,0,0,0,,,,,
2026020007,2026-09-30,COL,21,8478454,N. Juulsen,47,D,0,0,0,1,11:15,0,0,1,2,0,0,0,,,,,
2026020007,2026-09-30,COL,21,8484258,S. Malinski,70,D,0,0,0,1,14:27,2,0,3,0,0,0,0,,,,,
2026020007,2026-09-30,COL,21,8470613,B. Burns,84,D,0,1,1,0,15:23,0,1,1,0,0,0,0,,,,,
2026020007,2026-09-30,COL,21,8478406,M. Blackwood,39,G,0,0,0,0,60:00,0,0,0,0,0,0,1,31.0,27.0,4.0,0.870968,W
2026020007,2026-09-30,COL,21,8475809,S. Wedgewood,41,G,0,0,0,0,00:00,0,0,0,0,0,0,1,0.0,0.0,0.0,0.0,ND
2026020007,2026-09-30,LAK,26,8477960,A. Kempe,9,R,0,0,0,-2,19:23,3,2,0,2,0,0,0,,,,,
2026020007,2026-09-30,LAK,26,8478550,A. Panarin,10,L,1,0,1,-2,20:16,2,0,0,0,0,0,0,,,,,
2026020007,2026-09-30,LAK,26,8479675,T. Moore,12,L,1,0,1,0,14:56,2,1,1,0,0,0,0,,,,,
2026020007,2026-09-30,LAK,26,8482155,A. Laferriere,14,R,0,2,2,1,15:31,2,5,1,0,0,0,0,,,,,
2026020007,2026-09-30,LAK,26,8481532,A. Turcotte,15,C,0,1,1,1,15:35,1,2,0,2,0,0,0,,,,,
2026020007,2026-09-30,LAK,26,8476872,S. Laughton,21,C,0,0,0,0,15:07,3,1,1,0,0,0,0,,,,,
2026020007,2026-09-30,LAK,26,8475692,M. Zuccarello,36,R,0,0,0,2,17:59,0,0,0,0,0,0,0,,,,,
2026020007,2026-09-30,LAK,26,8476469,J. Armia,40,R,1,0,1,1,12:55,2,0,1,0,0,0,0,,,,,
2026020007,2026-09-30,LAK,26,8481732,A. Lee,47,L,0,0,0,0,07:56,1,1,0,2,0,0,0,,,,,
2026020007,2026-09-30,LAK,26,8482124,Q. Byfield,55,R,0,0,0,-2,18:59,3,0,2,0,0,0,0,,,,,
2026020007,2026-09-30,LAK,26,8475287,E. Haula,56,L,0,1,1,-1,15:26,3,0,0,0,0,0,0,,,,,
2026020007,2026-09-30,LAK,26,8482726,S. Helenius,79,C,0,0,0,0,06:59,1,3,0,0,0,0,0,,,,,
2026020007,2026-09-30,LAK,26,8475208,B. Dumoulin,2,D,1,0,1,-1,16:30,2,0,2,0,0,0,0,,,,,
2026020007,2026-09-30,LAK,26,8476879,C. Ceci,5,D,0,1,1,3,19:24,1,0,1,0,0,0,0,,,,,
2026020007,2026-09-30,LAK,26,8476441,J. Edmundson,6,D,0,0,0,0,15:34,1,1,0,2,0,0,0,,,,,
2026020007,2026-09-30,LAK,26,8474563,D. Doughty,8,D,0,1,1,-2,22:41,1,0,2,2,0,0,0,,,,,
2026020007,2026-09-30,LAK,26,8479998,M. Anderson,44,D,0,1,1,1,19:21,2,1,2,0,0,0,0,,,,,
2026020007,2026-09-30,LAK,26,8482730,B. Clarke,92,D,0,0,0,0,18:57,1,0,2,5,0,0,0,,,,,
2026020007,2026-09-30,LAK,26,8476341,A. Forsberg,31,G,0,0,0,0,00:00,0,0,0,0,0,0,1,0.0,0.0,0.0,0.0,ND
2026020007,2026-09-30,LAK,26,8475311,D. Kuemper,35,G,0,0,0,0,59:25,0,0,0,0,0,0,1,29.0,21.0,8.0,0.724138,L
2026020008,2026-09-30,TOR,10,8476925,C. Sissons,15,C,1,0,1,1,11:22,2,2,2,0,0,0,0,,,,,
2026020008,2026-09-30,TOR,10,8477426,N. Paul,20,L,0,1,1,1,15:43,1,1,0,2,0,0,0,,,,,
2026020008,2026-09-30,TOR,10,8479520,B. Duhaime,24,L,0,0,0,0,14:39,2,1,3,0,0,0,0,,,,,
2026020008,2026-09-30,TOR,10,8480870,B. Groulx,29,C,0,0,0,0,09:49,1,3,0,0,0,0,0,,,,,
2026020008,2026-09-30,TOR,10,8479318,A. Matthews,34,C,0,0,0,-1,20:04,1,1,1,0,0,0,0,,,,,
2026020008,2026-09-30,TOR,10,8484158,E. Cowan,53,R,1,1,2,1,13:23,3,2,0,0,1,0,0,,,,,
2026020008,2026-09-30,TOR,10,8476927,T. Blueger,73,C,0,0,0,0,12:32,0,2,1,0,0,0,0,,,,,
2026020008,2026-09-30,TOR,10,8480893,K. Marchenko,86,R,0,0,0,-1,18:16,3,4,0,2,0,0,0,,,,,
2026020008,2026-09-30,TOR,10,8477939,W. Nylander,88,R,0,0,0,-1,17:29,1,0,1,0,0,0,0,,,,,
2026020008,2026-09-30,TOR,10,8475166,J. Tavares,91,C,0,0,0,-1,16:58,1,0,1,2,0,0,0,,,,,
2026020008,2026-09-30,TOR,10,8486067,G. McKenna,92,L,0,0,0,0,15:32,1,0,0,0,0,0,0,,,,,
2026020008,2026-09-30,TOR,10,8478458,J. Roslovic,96,C,0,1,1,0,14:53,2,1,1,0,0,0,0,,,,,
2026020008,2026-09-30,TOR,10,8475690,C. Tanev,8,D,0,0,0,0,20:39,0,0,3,0,0,0,0,,,,,
2026020008,2026-09-30,TOR,10,8476931,J. McCabe,22,D,0,0,0,0,20:19,1,0,5,2,0,0,0,,,,,
2026020008,2026-09-30,TOR,10,8479442,T. Stecher,28,D,0,0,0,1,16:05,0,1,0,0,0,0,0,,,,,
2026020008,2026-09-30,TOR,10,8478178,D. Raddysh,43,D,0,0,0,-1,20:36,4,0,1,0,0,0,0,,,,,
2026020008,2026-09-30,TOR,10,8476853,M. Rielly,44,D,0,1,1,0,19:49,1,0,1,0,0,0,0,,,,,
2026020008,2026-09-30,TOR,10,8475171,O. Ekman-Larsson,95,D,0,0,0,1,15:30,2,1,1,0,0,0,0,,,,,
2026020008,2026-09-30,TOR,10,8476932,A. Stolarz,41,G,0,0,0,0,58:22,0,0,0,0,0,0,1,27.0,26.0,1.0,0.962963,W
2026020008,2026-09-30,TOR,10,8475683,S. Bobrovsky,72,G,0,0,0,0,00:00,0,0,0,0,0,0,1,0.0,0.0,0.0,0.0,ND
2026020008,2026-09-30,NYI,2,8475170,B. Schenn,10,C,0,0,0,0,14:27,1,3,0,2,0,0,0,,,,,
2026020008,2026-09-30,NYI,2,8477407,A. Duclair,11,L,0,0,0,0,12:17,4,0,1,0,0,0,0,,,,,
2026020008,2026-09-30,NYI,2,8477500,B. Horvat,14,C,0,1,1,1,22:31,4,1,0,0,0,0,0,,,,,
2026020008,2026-09-30,NYI,2,8475151,K. Palmieri,21,C,0,0,0,0,18:35,4,1,1,0,0,0,0,,,,,
2026020008,2026-09-30,NYI,2,8485388,V. Eklund,38,R,0,0,0,-1,11:58,2,1,0,2,0,0,0,,,,,
2026020008,2026-09-30,NYI,2,8476419,J. Pageau,44,C,0,0,0,-1,13:50,1,2,0,0,0,0,0,,,,,
2026020008,2026-09-30,NYI,2,8482476,E. Heineman,51,L,1,0,1,0,13:26,1,3,0,0,0,0,0,,,,,
2026020008,2026-09-30,NYI,2,8475231,C. Cizikas,53,C,0,0,0,0,09:29,0,2,0,0,0,0,0,,,,,
2026020008,2026-09-30,NYI,2,8481711,M. Maccelli,63,L,0,0,0,0,17:39,1,1,0,2,0,0,0,,,,,
2026020008,2026-09-30,NYI,2,8484221,C. Ritchie,64,C,0,0,0,0,16:03,2,2,1,0,0,0,0,,,,,
2026020008,2026-09-30,NYI,2,8476292,O. Palat,81,L,0,0,0,0,10:06,2,1,0,0,0,0,0,,,,,
2026020008,2026-09-30,NYI,2,8481601,S. Holmstrom,92,R,0,0,0,0,20:17,0,0,0,0,0,0,0,,,,,
2026020008,2026-09-30,NYI,2,8476917,A. Pelech,3,D,0,0,0,0,19:51,0,1,1,0,0,0,0,,,,,
2026020008,2026-09-30,NYI,2,8477506,R. Pulock,6,D,0,0,0,0,16:27,0,1,2,0,0,0,0,,,,,
2026020008,2026-09-30,NYI,2,8479378,L. Stanley,8,D,0,0,0,0,15:06,0,3,1,0,0,0,0,,,,,
2026020008,2026-09-30,NYI,2,8481014,A. Romanov,28,D,0,0,0,1,17:09,2,2,2,0,0,0,0,,,,,
2026020008,2026-09-30,NYI,2,8485366,M. Schaefer,48,D,0,0,0,0,27:45,3,0,1,2,0,0,0,,,,,
2026020008,2026-09-30,NYI,2,8477950,T. DeAngelo,77,D,0,0,0,-1,17:14,0,0,1,0,0,0,0,,,,,
2026020008,2026-09-30,NYI,2,8478009,I. Sorokin,30,G,0,0,0,0,57:56,0,0,0,0,0,0,1,26.0,24.0,2.0,0.923077,L
2026020008,2026-09-30,NYI,2,8473575,S. Varlamov,40,G,0,0,0,0,00:00,0,0,0,0,0,0,1,0.0,0.0,0.0,0.0,ND
2026020009,2026-10-01,NJD,1,8476474,S. Noesen,11,R,0,0,0,0,06:09,0,4,0,0,0,0,0,,,,,
2026020009,2026-10-01,NJD,1,8479996,C. Glass,12,C,0,0,0,0,08:35,3,1,0,0,0,0,0,,,,,
2026020009,2026-10-01,NJD,1,8480002,N. Hischier,13,C,0,0,0,1,18:47,2,2,1,0,0,0,0,,,,,
2026020009,2026-10-01,NJD,1,8478542,E. Rodrigues,17,C,0,0,0,-2,17:13,1,2,0,0,0,0,0,,,,,
2026020009,2026-10-01,NJD,1,8478414,T. Meier,28,R,0,0,0,0,16:50,4,2,0,0,0,0,0,,,,,
2026020009,2026-10-01,NJD,1,8477511,A. Mantha,39,R,0,0,0,1,17:33,1,0,0,0,0,0,0,,,,,
2026020009,2026-10-01,NJD,1,8479407,J. Bratt,63,L,0,1,1,2,21:07,6,0,0,0,0,0,0,,,,,
2026020009,2026-10-01,NJD,1,8482146,L. Evangelista,77,R,0,1,1,0,18:01,4,1,1,2,0,0,0,,,,,
2026020009,2026-10-01,NJD,1,8481721,A. Gritsyuk,81,R,0,0,0,-1,18:43,2,1,2,0,0,0,0,,,,,
2026020009,2026-10-01,NJD,1,8481559,J. Hughes,86,C,1,0,1,2,25:48,5,0,0,0,0,0,0,,,,,
2026020009,2026-10-01,NJD,1,8482110,D. Mercer,91,C,0,0,0,-1,16:08,3,1,0,0,0,0,0,,,,,
2026020009,2026-10-01,NJD,1,8483695,A. Lombardi,93,C,0,0,0,0,08:11,0,0,0,0,0,0,0,,,,,
2026020009,2026-10-01,NJD,1,8475455,B. Dillon,5,D,0,0,0,0,14:48,0,1,1,0,0,0,0,,,,,
2026020009,2026-10-01,NJD,1,8476462,D. Hamilton,7,D,1,0,1,-1,21:23,6,3,1,0,0,0,0,,,,,
2026020009,2026-10-01,NJD,1,8477488,B. Pesce,22,D,0,0,0,2,19:33,0,0,0,0,0,0,0,,,,,
2026020009,2026-10-01,NJD,1,8482684,L. Hughes,43,D,1,0,1,1,24:17,5,0,0,0,0,0,0,,,,,
2026020009,2026-10-01,NJD,1,8480990,D. Chisholm,47,D,0,0,0,0,14:32,2,0,2,0,0,0,0,,,,,
2026020009,2026-10-01,NJD,1,8478399,J. Siegenthaler,71,D,0,0,0,-1,20:31,0,0,2,0,0,0,0,,,,,
2026020009,2026-10-01,NJD,1,8474596,J. Allen,34,G,0,0,0,0,63:23,0,0,0,0,0,0,1,25.0,23.0,2.0,0.92,W
2026020009,2026-10-01,NJD,1,8482076,N. Daws,50,G,0,0,0,0,00:00,0,0,0,0,0,0,1,0.0,0.0,0.0,0.0,ND
2026020009,2026-10-01,PHI,4,8478439,T. Konecny,11,R,0,1,1,-1,17:05,1,4,2,0,0,0,0,,,,,
2026020009,2026-10-01,PHI,4,8476461,S. Couturier,14,C,0,1,1,1,16:56,2,1,0,2,0,0,0,,,,,
2026020009,2026-10-01,PHI,4,8483731,A. Bump,20,L,0,0,0,0,08:18,0,3,0,0,0,0,0,,,,,
2026020009,2026-10-01,PHI,4,8477989,C. Dvorak,22,C,0,0,0,0,20:51,1,1,2,2,0,0,0,,,,,
2026020009,2026-10-01,PHI,4,8480220,N. Cates,27,L,0,0,0,-1,15:12,2,0,1,0,0,0,0,,,,,
2026020009,2026-10-01,PHI,4,8484387,M. Michkov,39,R,0,0,0,-1,13:24,1,0,2,0,0,0,0,,,,,
2026020009,2026-10-01,PHI,4,8481533,T. Zegras,46,C,0,0,0,0,17:06,1,0,0,2,0,0,0,,,,,
2026020009,2026-10-01,PHI,4,8478569,N. Acciari,52,C,0,0,0,0,16:40,0,1,2,2,0,0,0,,,,,
2026020009,2026-10-01,PHI,4,8482159,T. Foerster,71,R,0,0,0,-1,18:50,2,1,1,0,0,0,0,,,,,
2026020009,2026-10-01,PHI,4,8480015,O. Tippett,74,R,0,0,0,0,15:36,2,4,1,0,0,0,0,,,,,
2026020009,2026-10-01,PHI,4,8479336,C. Grundstrom,91,R,0,0,0,1,08:30,1,2,1,0,0,0,0,,,,,
2026020009,2026-10-01,PHI,4,8485406,P. Martone,94,R,0,0,0,1,12:33,1,0,0,0,0,0,0,,,,,
2026020009,2026-10-01,PHI,4,8477948,T. Sanheim,6,D,1,1,2,0,25:41,3,0,3,0,0,0,0,,,,,
2026020009,2026-10-01,PHI,4,8481546,C. York,8,D,0,0,0,-1,24:26,1,2,3,0,0,0,0,,,,,
2026020009,2026-10-01,PHI,4,8482142,J. Drysdale,9,D,0,0,0,-1,20:41,1,0,6,0,0,0,0,,,,,
2026020009,2026-10-01,PHI,4,8476372,N. Seeler,24,D,0,0,0,0,14:43,1,1,5,0,0,0,0,,,,,
2026020009,2026-10-01,PHI,4,8481122,S. Benoit,44,D,0,0,0,0,13:32,1,2,0,0,0,0,0,,,,,
2026020009,2026-10-01,PHI,4,8477499,R. Ristolainen,55,D,1,0,1,1,22:45,4,2,3,0,0,0,0,,,,,
2026020009,2026-10-01,PHI,4,8479361,J. Woll,53,G,0,0,0,0,62:43,0,0,0,0,0,0,1,44.0,41.0,3.0,0.931818,O
2026020009,2026-10-01,PHI,4,8478435,D. Vladar,80,G,0,0,0,0,00:00,0,0,0,0,0,0,1,0.0,0.0,0.0,0.0,ND
2026020010,2026-10-01,NYR,3,8476468,J. Miller,10,C,0,0,0,1,15:33,1,0,2,4,0,0,0,,,,,
2026020010,2026-10-01,NYR,3,8482109,A. Lafrenière,13,L,0,0,0,1,15:15,3,0,0,0,0,0,0,,,,,
2026020010,2026-10-01,NYR,3,8481604,P. Dorofeyev,16,R,1,1,2,0,13:44,5,0,0,0,0,0,0,,,,,
2026020010,2026-10-01,NYR,3,8480009,E. Tolvanen,17,R,1,0,1,2,14:18,1,0,1,0,0,0,0,,,,,
2026020010,2026-10-01,NYR,3,8481789,T. Kartye,24,L,0,0,0,0,14:47,0,5,0,0,0,0,0,,,,,
2026020010,2026-10-01,NYR,3,8477416,O. Bjorkstrand,28,R,0,1,1,1,12:25,1,0,0,0,0,0,0,,,,,
2026020010,2026-10-01,NYR,3,8483690,N. Laba,42,C,0,1,1,1,16:14,0,0,0,2,0,0,0,,,,,
2026020010,2026-10-01,NYR,3,8482877,J. Chmelar,49,R,0,0,0,0,06:18,1,1,0,0,0,0,0,,,,,
2026020010,2026-10-01,NYR,3,8482157,W. Cuylle,50,L,0,0,0,1,14:12,3,3,0,2,0,0,0,,,,,
2026020010,2026-10-01,NYR,3,8480813,J. Veleno,90,C,0,0,0,0,14:45,1,4,2,0,0,0,0,,,,,
2026020010,2026-10-01,NYR,3,8476459,M. Zibanejad,93,C,1,1,2,1,18:53,3,2,3,0,1,0,0,,,,,
2026020010,2026-10-01,NYR,3,8484210,G. Perreault,94,R,1,0,1,1,10:46,1,2,0,0,0,0,0,,,,,
2026020010,2026-10-01,NYR,3,8482073,B. Schneider,4,D,0,0,0,2,18:48,3,3,1,4,0,0,0,,,,,
2026020010,2026-10-01,NYR,3,8480434,S. Durzi,5,D,0,0,0,0,20:54,0,0,2,2,0,0,0,,,,,
2026020010,2026-10-01,NYR,3,8485957,A. Smits,12,D,0,0,0,3,14:09,0,1,1,0,0,0,0,,,,,
2026020010,2026-10-01,NYR,3,8479323,A. Fox,23,D,0,2,2,0,19:04,0,0,0,2,0,0,0,,,,,
2026020010,2026-10-01,NYR,3,8477969,M. Pettersson,26,D,0,0,0,1,21:38,1,0,5,0,0,0,0,,,,,
2026020010,2026-10-01,NYR,3,8478882,V. Gavrikov,44,D,0,0,0,0,23:20,0,1,5,0,0,0,0,,,,,
2026020010,2026-10-01,NYR,3,8478048,I. Shesterkin,31,G,0,0,0,0,60:00,0,0,0,0,0,0,1,25.0,24.0,1.0,0.96,W
2026020010,2026-10-01,NYR,3,8482193,D. Garand,33,G,0,0,0,0,00:00,0,0,0,0,0,0,1,0.0,0.0,0.0,0.0,ND
2026020010,2026-10-01,TBL,14,8478424,J. Harkins,10,C,0,0,0,-1,10:55,1,3,0,0,0,0,0,,,,,
2026020010,2026-10-01,TBL,14,8478010,B. Point,21,C,0,1,1,-1,22:38,1,0,1,0,0,0,0,,,,,
2026020010,2026-10-01,TBL,14,8479705,J. Viel,25,L,0,0,0,-2,08:49,1,4,0,2,0,0,0,,,,,
2026020010,2026-10-01,TBL,14,8476878,Z. Girgensons,28,C,0,0,0,-1,07:39,0,3,0,0,0,0,0,,,,,
2026020010,2026-10-01,TBL,14,8480995,P. Holmberg,29,R,0,0,0,-1,14:59,3,1,0,0,0,0,0,,,,,
2026020010,2026-10-01,TBL,14,8479542,B. Hagel,38,L,0,0,0,-1,23:40,3,1,0,0,0,0,0,,,,,
2026020010,2026-10-01,TBL,14,8477404,J. Guentzel,59,C,0,0,0,-1,24:02,4,0,0,0,0,0,0,,,,,
2026020010,2026-10-01,TBL,14,8478519,A. Cirelli,71,C,0,0,0,0,19:56,3,1,2,0,0,0,0,,,,,
2026020010,2026-10-01,TBL,14,8476453,N. Kucherov,86,R,1,0,1,-1,24:07,1,0,1,0,0,0,0,,,,,
2026020010,2026-10-01,TBL,14,8482201,G. Goncalves,93,C,0,0,0,-1,12:09,0,1,0,0,0,0,0,,,,,
2026020010,2026-10-01,TBL,14,8483447,C. Geekie,94,C,0,0,0,0,12:32,0,3,0,0,0,0,0,,,,,
2026020010,2026-10-01,TBL,14,8481624,I. Mikheyev,95,R,0,1,1,-1,10:56,0,0,1,0,0,0,0,,,,,
2026020010,2026-10-01,TBL,14,8474151,R. McDonagh,27,D,0,0,0,-1,15:46,1,1,1,0,0,0,0,,,,,
2026020010,2026-10-01,TBL,14,8480426,C. D'Astous,51,D,0,0,0,0,19:07,0,2,2,0,0,0,0,,,,,
2026020010,2026-10-01,TBL,14,8474590,J. Carlson,74,D,0,0,0,-2,23:41,4,1,2,0,0,0,0,,,,,
2026020010,2026-10-01,TBL,14,8475167,V. Hedman,77,D,0,0,0,0,17:45,2,2,4,0,0,0,0,,,,,
2026020010,2026-10-01,TBL,14,8478416,E. Cernak,81,D,0,0,0,-1,16:00,1,5,0,0,0,0,0,,,,,
2026020010,2026-10-01,TBL,14,8482655,J. Moser,90,D,0,0,0,-1,14:54,0,2,2,4,0,0,0,,,,,
2026020010,2026-10-01,TBL,14,8483710,D. Hildeby,35,G,0,0,0,0,00:00,0,0,0,0,0,0,1,0.0,0.0,0.0,0.0,ND
2026020010,2026-10-01,TBL,14,8476883,A. Vasilevskiy,88,G,0,0,0,0,55:52,0,0,0,0,0,0,1,24.0,20.0,4.0,0.833333,L
2026020011,2026-10-01,CBJ,29,8475745,C. Coyle,3,C,0,3,3,2,19:04,0,2,0,0,0,0,0,,,,,
2026020011,2026-10-01,CBJ,29,8482705,C. Sillinger,4,C,1,0,1,2,15:21,3,1,0,4,0,0,0,,,,,
2026020011,2026-10-01,CBJ,29,8481716,D. Voronkov,10,L,0,1,1,0,10:44,0,4,0,0,0,0,0,,,,,
2026020011,2026-10-01,CBJ,29,8484166,A. Fantilli,19,C,1,0,1,0,17:28,2,6,1,0,0,0,0,,,,,
2026020011,2026-10-01,CBJ,29,8477497,S. Monahan,23,C,1,0,1,0,15:31,1,0,1,0,1,0,0,,,,,
2026020011,2026-10-01,CBJ,29,8479671,M. Olivier,24,R,1,0,1,2,14:32,3,3,0,7,0,0,0,,,,,
2026020011,2026-10-01,CBJ,29,8477501,V. Nichushkin,43,R,0,1,1,-1,15:45,0,1,0,0,0,0,0,,,,,
2026020011,2026-10-01,CBJ,29,8478046,D. Heinen,58,L,0,0,0,-1,12:11,2,0,3,0,0,0,0,,,,,
2026020011,2026-10-01,CBJ,29,8478856,C. Garland,83,R,0,0,0,0,12:09,0,1,1,0,0,0,0,,,,,
2026020011,2026-10-01,CBJ,29,8482720,M. Knies,89,L,2,1,3,0,16:06,4,0,0,0,1,0,0,,,,,
2026020011,2026-10-01,CBJ,29,8482660,K. Johnson,91,C,0,1,1,0,14:53,1,0,0,2,0,0,0,,,,,
2026020011,2026-10-01,CBJ,29,8479066,R. Lomberg,94,L,0,0,0,0,09:21,0,2,0,0,0,0,0,,,,,
2026020011,2026-10-01,CBJ,29,8481161,J. Christiansen,2,D,0,0,0,-1,07:05,0,2,1,0,0,0,0,,,,,
2026020011,2026-10-01,CBJ,29,8483485,D. Mateychuk,5,D,0,1,1,0,27:28,2,0,0,0,0,0,0,,,,,
2026020011,2026-10-01,CBJ,29,8477369,C. Soucy,7,D,0,0,0,1,20:15,2,2,2,2,0,0,0,,,,,
2026020011,2026-10-01,CBJ,29,8478460,Z. Werenski,8,D,0,2,2,2,28:46,2,0,1,0,0,0,0,,,,,
2026020011,2026-10-01,CBJ,29,8482126,E. Andrae,36,D,0,1,1,1,15:37,0,1,1,0,0,0,0,,,,,
2026020011,2026-10-01,CBJ,29,8475790,E. Gudbranson,44,D,0,0,0,-1,17:44,0,0,3,0,0,0,0,,,,,
2026020011,2026-10-01,CBJ,29,8475660,C. Talbot,33,G,0,0,0,0,00:00,0,0,0,0,0,0,1,0.0,0.0,0.0,0.0,ND
2026020011,2026-10-01,CBJ,29,8482982,J. Greaves,73,G,0,0,0,0,60:00,0,0,0,0,0,0,1,26.0,23.0,3.0,0.884615,ND
2026020011,2026-10-01,BUF,7,8484145,Z. Benson,6,L,0,1,1,-1,18:34,1,2,1,0,0,0,0,,,,,
2026020011,2026-10-01,BUF,7,8480064,J. Norris,9,C,0,0,0,1,16:19,1,2,1,0,0,0,0,,,,,
2026020011,2026-10-01,BUF,7,8475842,S. Carrick,10,C,0,0,0,-2,07:43,0,1,0,0,0,0,0,,,,,
2026020011,2026-10-01,BUF,7,8481522,P. Krebs,19,C,0,0,0,0,14:58,0,2,0,0,0,0,0,,,,,
2026020011,2026-10-01,BUF,7,8483468,J.Kulich,20,C,0,0,0,-2,08:45,1,1,0,0,0,0,0,,,,,
2026020011,2026-10-01,BUF,7,8482097,J. Quinn,22,R,1,0,1,-1,20:46,4,1,0,0,0,0,0,,,,,
2026020011,2026-10-01,BUF,7,8479359,B. Malenstyn,29,L,0,0,0,-2,08:11,1,4,1,0,0,0,0,,,,,
2026020011,2026-10-01,BUF,7,8480802,R. McLeod,71,C,0,1,1,0,16:41,0,0,0,0,0,0,0,,,,,
2026020011,2026-10-01,BUF,7,8479420,T. Thompson,72,C,0,0,0,0,19:46,4,1,0,2,0,0,0,,,,,
2026020011,2026-10-01,BUF,7,8483500,N. Ostlund,86,C,0,2,2,1,16:42,3,0,0,0,0,0,0,,,,,
2026020011,2026-10-01,BUF,7,8482659,J. Doan,91,R,0,0,0,0,19:06,3,2,0,0,0,0,0,,,,,
2026020011,2026-10-01,BUF,7,8484797,K. Helenius,94,C,1,0,1,2,15:09,2,2,0,0,0,0,0,,,,,
2026020011,2026-10-01,BUF,7,8480807,M. Samuelsson,23,D,1,0,1,-2,18:21,1,0,0,4,0,0,0,,,,,
2026020011,2026-10-01,BUF,7,8476891,M. Grzelcyk,24,D,0,0,0,-1,14:27,0,0,1,0,0,0,0,,,,,
2026020011,2026-10-01,BUF,7,8482671,O. Power,25,D,0,2,2,2,25:25,0,0,0,0,0,0,0,,,,,
2026020011,2026-10-01,BUF,7,8480839,R. Dahlin,26,D,0,0,0,-1,25:58,4,2,0,0,0,0,0,,,,,
2026020011,2026-10-01,BUF,7,8481806,L. Crevier,46,D,0,0,0,0,16:14,1,0,2,0,0,0,0,,,,,
2026020011,2026-10-01,BUF,7,8484305,Z. Metsa,73,D,0,0,0,-1,12:54,0,0,2,5,0,0,0,,,,,
2026020011,2026-10-01,BUF,7,8480045,U. Luukkonen,1,G,0,0,0,0,59:08,0,0,0,0,0,0,1,21.0,16.0,5.0,0.761905,ND
2026020011,2026-10-01,BUF,7,8481551,C. Ellis,92,G,0,0,0,0,00:00,0,0,0,0,0,0,1,0.0,0.0,0.0,0.0,ND
2026020012,2026-10-01,NSH,18,8476887,F. Forsberg,9,L,0,1,1,0,19:29,2,2,0,0,0,0,0,,,,,
2026020012,2026-10-01,NSH,18,8477021,A. Kerfoot,14,C,0,0,0,0,13:20,1,1,1,0,0,0,0,,,,,
2026020012,2026-10-01,NSH,18,8480835,J. Drury,18,C,0,0,0,0,12:50,0,1,1,2,0,0,0,,,,,
2026020012,2026-10-01,NSH,18,8481535,N. Hoglander,21,L,0,0,0,0,10:32,0,0,0,0,0,0,0,,,,,
2026020012,2026-10-01,NSH,18,8482145,M. Bourque,22,C,0,0,0,0,17:25,4,3,0,2,0,0,0,,,,,
2026020012,2026-10-01,NSH,18,8483513,R. Schaefer,49,L,0,0,0,-1,11:35,1,1,1,0,0,0,0,,,,,
2026020012,2026-10-01,NSH,18,8484241,M. Wood,71,R,0,0,0,0,17:22,0,2,1,0,0,0,0,,,,,
2026020012,2026-10-01,NSH,18,8479525,R. Colton,79,C,0,0,0,0,12:15,2,6,0,0,0,0,0,,,,,
2026020012,2026-10-01,NSH,18,8476539,J. Marchessault,81,R,0,0,0,-1,17:20,0,0,0,2,0,0,0,,,,,
2026020012,2026-10-01,NSH,18,8481726,A. Edstrom,84,C,0,0,0,0,10:50,1,1,1,0,0,0,0,,,,,
2026020012,2026-10-01,NSH,18,8475158,R. O'Reilly,90,C,0,0,0,0,21:31,4,2,0,0,0,0,0,,,,,
2026020012,2026-10-01,NSH,18,8474564,S. Stamkos,91,C,0,1,1,0,18:46,1,1,0,0,0,0,0,,,,,
2026020012,2026-10-01,NSH,18,8482482,A. Wilsby,2,D,0,0,0,0,16:05,0,0,3,0,0,0,0,,,,,
2026020012,2026-10-01,NSH,18,8482715,R. Ufko,12,D,0,0,0,-1,15:27,1,0,1,0,0,0,0,,,,,
2026020012,2026-10-01,NSH,18,8479980,N. Hague,41,D,0,0,0,-1,15:23,0,2,0,0,0,0,0,,,,,
2026020012,2026-10-01,NSH,18,8480246,N. Perbix,48,D,0,0,0,-1,18:04,0,0,3,2,0,0,0,,,,,
2026020012,2026-10-01,NSH,18,8474600,R. Josi,59,D,1,0,1,0,24:53,3,2,0,0,0,0,0,,,,,
2026020012,2026-10-01,NSH,18,8476869,B. Skjei,76,D,0,0,0,0,20:53,0,2,1,0,0,0,0,,,,,
2026020012,2026-10-01,NSH,18,8481020,J. Annunen,29,G,0,0,0,0,00:00,0,0,0,0,0,0,1,0.0,0.0,0.0,0.0,ND
2026020012,2026-10-01,NSH,18,8477424,J. Saros,74,G,0,0,0,0,58:19,0,0,0,0,0,0,1,30.0,27.0,3.0,0.9,L
2026020012,2026-10-01,MIN,30,8481553,B. Brink,10,R,0,1,1,0,11:37,2,1,0,0,0,0,0,,,,,
2026020012,2026-10-01,MIN,30,8481557,M. Boldy,12,L,0,0,0,0,21:28,5,0,0,2,0,0,0,,,,,
2026020012,2026-10-01,MIN,30,8478508,Y. Trenin,13,C,0,0,0,-1,12:44,0,2,0,0,0,0,0,,,,,
2026020012,2026-10-01,MIN,30,8478493,J. Eriksson Ek,14,C,0,0,0,1,20:20,3,1,0,0,0,0,0,,,,,
2026020012,2026-10-01,MIN,30,8475220,M. Foligno,17,L,0,0,0,1,12:16,1,2,0,0,0,0,0,,,,,
2026020012,2026-10-01,MIN,30,8476399,B. Coleman,20,L,1,0,1,0,13:44,2,1,1,2,1,0,0,,,,,
2026020012,2026-10-01,MIN,30,8483525,D. Yurov,22,R,0,1,1,0,12:29,1,2,0,0,0,0,0,,,,,
2026020012,2026-10-01,MIN,30,8477451,R. Hartman,38,R,0,0,0,-1,12:54,0,1,0,2,0,0,0,,,,,
2026020012,2026-10-01,MIN,30,8477446,M. McCarron,47,C,0,1,1,1,13:24,4,6,0,0,0,0,0,,,,,
2026020012,2026-10-01,MIN,30,8485702,M. Shabanov,49,R,0,0,0,0,15:09,0,0,0,0,0,0,0,,,,,
2026020012,2026-10-01,MIN,30,8473422,N. Foligno,71,L,1,0,1,1,12:29,2,0,0,0,0,0,0,,,,,
2026020012,2026-10-01,MIN,30,8478864,K. Kaprizov,97,L,1,0,1,1,20:53,3,1,0,0,0,0,0,,,,,
2026020012,2026-10-01,MIN,30,8476874,O. Maatta,3,D,0,1,1,0,21:34,0,0,1,0,0,0,0,,,,,
2026020012,2026-10-01,MIN,30,8474567,Z. Bogosian,24,D,0,0,0,-1,14:32,1,1,0,0,0,0,0,,,,,
2026020012,2026-10-01,MIN,30,8476463,J. Brodin,25,D,0,0,0,0,20:28,0,0,6,0,0,0,0,,,,,
2026020012,2026-10-01,MIN,30,8480800,Q. Hughes,43,D,0,1,1,1,27:30,5,0,0,0,0,0,0,,,,,
2026020012,2026-10-01,MIN,30,8474716,J. Spurgeon,46,D,0,1,1,1,19:09,1,1,3,2,0,0,0,,,,,
2026020012,2026-10-01,MIN,30,8482094,D. Hunt,48,D,0,0,0,1,10:06,0,1,0,0,0,0,0,,,,,
2026020012,2026-10-01,MIN,30,8482661,J. Wallstedt,30,G,0,0,0,0,59:14,0,0,0,0,0,0,1,20.0,19.0,1.0,0.95,W
2026020012,2026-10-01,MIN,30,8475717,C. Pickard,31,G,0,0,0,0,00:00,0,0,0,0,0,0,1,0.0,0.0,0.0,0.0,ND
2026020013,2026-10-01,UTA,68,8477951,N. Schmaltz,8,C,1,0,1,1,18:12,2,0,0,0,0,0,0,,,,,
2026020013,2026-10-01,UTA,68,8479343,C. Keller,9,R,0,2,2,1,17:43,4,0,1,2,0,0,0,,,,,
2026020013,2026-10-01,UTA,68,8482699,D. Guenther,11,R,2,0,2,1,14:33,5,0,0,0,2,0,0,,,,,
2026020013,2026-10-01,UTA,68,8476389,V. Trocheck,16,C,0,1,1,1,17:29,1,6,1,0,0,0,0,,,,,
2026020013,2026-10-01,UTA,68,8480855,J. McBain,22,C,0,0,0,0,13:26,0,3,0,2,0,0,0,,,,,
2026020013,2026-10-01,UTA,68,8480849,B. Hayton,27,C,0,0,0,0,13:49,4,0,1,2,0,0,0,,,,,
2026020013,2026-10-01,UTA,68,8484388,D. But,50,L,1,0,1,1,12:08,1,3,0,0,0,0,0,,,,,
2026020013,2026-10-01,UTA,68,8479619,M. Carcone,53,L,1,1,2,2,12:40,2,6,0,0,0,0,0,,,,,
2026020013,2026-10-01,UTA,68,8478474,L. Crouse,67,L,0,1,1,1,15:15,1,5,0,0,0,0,0,,,,,
2026020013,2026-10-01,UTA,68,8475314,A. Lee,72,L,1,0,1,1,12:07,4,1,1,0,0,0,0,,,,,
2026020013,2026-10-01,UTA,68,8478831,K. Stenlund,82,C,0,1,1,2,12:58,0,0,1,0,0,0,0,,,,,
2026020013,2026-10-01,UTA,68,8483431,L. Cooley,92,C,0,1,1,1,16:07,0,4,1,0,0,0,0,,,,,
2026020013,2026-10-01,UTA,68,8478507,J. Marino,6,D,0,0,0,1,21:22,1,0,0,0,0,0,0,,,,,
2026020013,2026-10-01,UTA,68,8479369,A. Peeke,20,D,0,1,1,2,17:05,0,2,2,2,0,0,0,,,,,
2026020013,2026-10-01,UTA,68,8484386,D. Simashev,26,D,0,1,1,3,16:34,2,0,0,0,0,0,0,,,,,
2026020013,2026-10-01,UTA,68,8477346,M. Weegar,52,D,0,0,0,0,20:39,2,7,1,5,0,0,0,,,,,
2026020013,2026-10-01,UTA,68,8477220,N. Schmidt,88,D,0,1,1,1,18:56,0,2,0,0,0,0,0,,,,,
2026020013,2026-10-01,UTA,68,8479410,M. Sergachev,98,D,0,1,1,1,22:57,3,3,2,0,0,0,0,,,,,
2026020013,2026-10-01,UTA,68,8482657,S. Cossa,33,G,0,0,0,0,00:00,0,0,0,0,0,0,1,0.0,0.0,0.0,0.0,ND
2026020013,2026-10-01,UTA,68,8478872,K. Vejmelka,70,G,0,0,0,0,60:00,0,0,0,0,0,0,1,15.0,15.0,0.0,1.0,W
2026020013,2026-10-01,CHI,16,8477987,R. Donato,8,C,0,0,0,-1,11:54,0,1,0,5,0,0,0,,,,,
2026020013,2026-10-01,CHI,16,8484197,O. Moore,11,C,0,0,0,-1,11:25,2,1,0,2,0,0,0,,,,,
2026020013,2026-10-01,CHI,16,8478413,J. Greenway,12,L,0,0,0,0,13:52,1,2,2,0,0,0,0,,,,,
2026020013,2026-10-01,CHI,16,8485391,A. Frondell,16,C,0,0,0,-2,18:10,3,2,1,0,0,0,0,,,,,
2026020013,2026-10-01,CHI,16,8483450,R. Greene,20,C,0,0,0,0,17:04,0,0,1,0,0,0,0,,,,,
2026020013,2026-10-01,CHI,16,8482062,C. Smith,22,R,0,0,0,0,14:13,1,2,0,0,0,0,0,,,,,
2026020013,2026-10-01,CHI,16,8477479,T. Bertuzzi,59,L,0,0,0,-1,18:15,2,0,0,0,0,0,0,,,,,
2026020013,2026-10-01,CHI,16,8484185,N. Lardis,76,L,0,0,0,-1,10:18,0,1,1,0,0,0,0,,,,,
2026020013,2026-10-01,CHI,16,8484390,R. Kantserov,80,R,0,0,0,-2,16:36,0,0,0,0,0,0,0,,,,,
2026020013,2026-10-01,CHI,16,8476882,T. Teravainen,86,C,0,0,0,-2,13:00,1,0,0,0,0,0,0,,,,,
2026020013,2026-10-01,CHI,16,8474141,P. Kane,88,R,0,0,0,-1,19:19,0,1,1,2,0,0,0,,,,,
2026020013,2026-10-01,CHI,16,8483493,F. Nazar,91,C,0,0,0,-1,17:23,0,1,0,2,0,0,0,,,,,
2026020013,2026-10-01,CHI,16,8483506,S. Rinzel,6,D,0,0,0,-1,17:30,2,0,0,0,0,0,0,,,,,
2026020013,2026-10-01,CHI,16,8481524,B. Byram,24,D,0,0,0,-2,24:49,0,0,1,0,0,0,0,,,,,
2026020013,2026-10-01,CHI,16,8474013,I. Cole,28,D,0,0,0,0,14:52,0,0,1,0,0,0,0,,,,,
2026020013,2026-10-01,CHI,16,8482176,W. Kaiser,44,D,0,0,0,-2,19:49,1,0,2,0,0,0,0,,,,,
2026020013,2026-10-01,CHI,16,8484783,A. Levshunov,55,D,0,0,0,-1,19:51,1,1,0,2,0,0,0,,,,,
2026020013,2026-10-01,CHI,16,8481568,A. Vlasic,72,D,0,0,0,-2,18:18,1,0,1,0,0,0,0,,,,,
2026020013,2026-10-01,CHI,16,8481519,S. Knight,30,G,0,0,0,0,00:00,0,0,0,0,0,0,1,0.0,0.0,0.0,0.0,ND
2026020013,2026-10-01,CHI,16,8482821,A. Soderblom,40,G,0,0,0,0,60:00,0,0,0,0,0,0,1,32.0,26.0,6.0,0.8125,L
2026020014,2026-10-01,CGY,20,8474150,M. Backlund,11,C,0,0,0,-1,17:07,1,1,0,0,0,0,0,,,,,
2026020014,2026-10-01,CGY,20,8480028,M. Frost,16,C,0,0,0,-2,12:48,2,0,0,0,0,0,0,,,,,
2026020014,2026-10-01,CGY,20,8481068,Y. Sharangovich,17,C,0,1,1,-1,17:14,1,2,0,0,0,0,0,,,,,
2026020014,2026-10-01,CGY,20,8476458,R. Strome,22,C,1,0,1,-1,16:01,4,0,1,0,0,0,0,,,,,
2026020014,2026-10-01,CGY,20,8482679,M. Coronato,27,R,0,0,0,-2,13:34,1,0,0,0,0,0,0,,,,,
2026020014,2026-10-01,CGY,20,8484180,S. Honzek,29,L,0,0,0,-1,15:32,2,4,1,0,0,0,0,,,,,
2026020014,2026-10-01,CGY,20,8483609,A. Klapka,43,R,0,0,0,0,11:29,0,4,0,2,0,0,0,,,,,
2026020014,2026-10-01,CGY,20,8482074,C. Zary,47,C,0,1,1,-1,13:19,1,0,0,0,0,0,0,,,,,
2026020014,2026-10-01,CGY,20,8484958,M. Tsyplakov,72,R,0,0,0,0,12:28,1,0,0,0,0,0,0,,,,,
2026020014,2026-10-01,CGY,20,8481028,M. Pospisil,76,C,0,0,0,0,12:40,2,4,0,2,0,0,0,,,,,
2026020014,2026-10-01,CGY,20,8480797,J. Farabee,86,L,0,0,0,-2,17:11,1,1,2,4,0,0,0,,,,,
2026020014,2026-10-01,CGY,20,8484860,M. Gridin,92,R,0,0,0,-1,12:10,0,0,0,2,0,0,0,,,,,
2026020014,2026-10-01,CGY,20,8480860,K. Bahl,7,D,0,0,0,0,21:07,1,0,1,2,0,0,0,,,,,
2026020014,2026-10-01,CGY,20,8484768,Z. Parekh,19,D,0,0,0,-3,17:47,1,1,1,0,0,0,0,,,,,
2026020014,2026-10-01,CGY,20,8480727,Z. Whitecloud,28,D,0,0,0,-1,19:14,0,2,1,0,0,0,0,,,,,
2026020014,2026-10-01,CGY,20,8482165,Y. Kuznetsov,37,D,0,0,0,-1,18:10,1,2,1,0,0,0,0,,,,,
2026020014,2026-10-01,CGY,20,8478136,J. Middleton,55,D,0,0,0,-2,20:55,2,3,0,0,0,0,0,,,,,
2026020014,2026-10-01,CGY,20,8483495,S. Nemec,71,D,0,0,0,-1,21:18,4,0,1,0,0,0,0,,,,,
2026020014,2026-10-01,CGY,20,8482445,D. Cooley,1,G,0,0,0,0,00:00,0,0,0,0,0,0,1,0.0,0.0,0.0,0.0,ND
2026020014,2026-10-01,CGY,20,8481692,D. Wolf,32,G,0,0,0,0,59:50,0,0,0,0,0,0,1,32.0,26.0,6.0,0.8125,L
2026020014,2026-10-01,SEA,55,8474586,J. Eberle,7,R,1,0,1,1,17:52,4,0,0,0,1,0,0,,,,,
2026020014,2026-10-01,SEA,55,8476905,C. Stephenson,9,C,1,0,1,1,16:59,2,0,0,0,0,0,0,,,,,
2026020014,2026-10-01,SEA,55,8482665,M. Beniers,10,C,1,1,2,2,16:58,1,2,2,0,0,0,0,,,,,
2026020014,2026-10-01,SEA,55,8477955,J. McCann,19,L,0,3,3,2,17:54,4,0,0,0,0,0,0,,,,,
2026020014,2026-10-01,SEA,55,8482751,R. Winterton,26,C,0,1,1,1,16:17,3,0,1,0,0,0,0,,,,,
2026020014,2026-10-01,SEA,55,8484800,B. Catton,27,C,0,0,0,1,19:00,1,0,0,0,0,0,0,,,,,
2026020014,2026-10-01,SEA,55,8480876,C. Douglas,42,C,0,0,0,0,05:58,0,4,0,0,0,0,0,,,,,
2026020014,2026-10-01,SEA,55,8483524,S. Wright,51,C,0,1,1,0,15:55,2,1,1,0,0,0,0,,,,,
2026020014,2026-10-01,SEA,55,8482874,J. Melanson,63,R,0,0,0,0,09:31,1,2,1,2,0,0,0,,,,,
2026020014,2026-10-01,SEA,55,8482259,B. McMann,74,C,0,0,0,1,16:05,3,1,0,0,0,0,0,,,,,
2026020014,2026-10-01,SEA,55,8481554,K. Kakko,84,R,1,1,2,3,16:49,1,0,1,0,0,0,0,,,,,
2026020014,2026-10-01,SEA,55,8477919,F. Gaudreau,89,C,1,0,1,0,13:58,2,1,2,0,0,0,0,,,,,
2026020014,2026-10-01,SEA,55,8476457,A. Larsson,6,D,0,0,0,0,18:48,1,5,2,0,0,0,0,,,,,
2026020014,2026-10-01,SEA,55,8479372,J. Mahura,28,D,0,0,0,1,14:28,0,1,4,2,0,0,0,,,,,
2026020014,2026-10-01,SEA,55,8478407,V. Dunn,29,D,1,2,3,1,20:37,2,2,1,0,0,0,0,,,,,
2026020014,2026-10-01,SEA,55,8482858,R. Evans,41,D,0,1,1,2,20:42,1,1,1,0,0,0,0,,,,,
2026020014,2026-10-01,SEA,55,8479324,R. Lindgren,55,D,0,0,0,2,14:28,0,0,2,0,0,0,0,,,,,
2026020014,2026-10-01,SEA,55,8477986,B. Montour,62,D,0,0,0,2,24:11,4,0,2,0,0,0,0,,,,,
2026020014,2026-10-01,SEA,55,8475831,P. Grubauer,31,G,0,0,0,0,00:00,0,0,0,0,0,0,1,0.0,0.0,0.0,0.0,ND
2026020014,2026-10-01,SEA,55,8478916,J. Daccord,35,G,0,0,0,0,59:30,0,0,0,0,0,0,1,25.0,24.0,1.0,0.96,W
2026020015,2026-10-01,VAN,23,8478444,B. Boeser,6,R,1,1,2,1,18:38,2,2,0,0,0,0,0,,,,,
2026020015,2026-10-01,VAN,23,8475848,B. Gallagher,7,R,0,0,0,-1,11:08,0,3,1,2,0,0,0,,,,,
2026020015,2026-10-01,VAN,23,8483395,A. Bains,13,L,1,1,2,1,11:29,1,0,0,0,0,0,0,,,,,
2026020015,2026-10-01,VAN,23,8482055,D. O'Connor,18,L,0,0,0,-2,13:23,0,2,1,0,0,0,0,,,,,
2026020015,2026-10-01,VAN,23,8482079,M. Rossi,23,C,2,1,3,0,15:16,4,2,0,2,0,0,0,,,,,
2026020015,2026-10-01,VAN,23,8480012,E. Pettersson,40,C,1,2,3,0,17:36,2,8,0,0,1,0,0,,,,,
2026020015,2026-10-01,VAN,23,8481032,P. Cotter,47,L,1,1,2,1,16:12,1,5,0,0,0,0,0,,,,,
2026020015,2026-10-01,VAN,23,8484136,M. Sasson,63,C,0,0,0,-2,13:36,0,0,0,0,0,0,0,,,,,
2026020015,2026-10-01,VAN,23,8478498,J. DeBrusk,74,L,0,0,0,-1,15:37,4,1,0,2,0,0,0,,,,,
2026020015,2026-10-01,VAN,23,8483476,J. Lekkerimäki,88,R,0,1,1,1,12:04,1,0,0,0,0,0,0,,,,,
2026020015,2026-10-01,VAN,23,8483499,L. Ohgren,92,L,0,1,1,1,18:33,1,0,2,0,0,0,0,,,,,
2026020015,2026-10-01,VAN,23,8481024,L. Karlsson,94,C,0,0,0,-3,13:47,1,0,1,0,0,0,0,,,,,
2026020015,2026-10-01,VAN,23,8474568,L. Schenn,2,D,0,1,1,2,14:02,0,3,0,2,0,0,0,,,,,
2026020015,2026-10-01,VAN,23,8476467,J. Oleksiak,4,D,1,1,2,1,21:19,1,2,2,2,0,0,0,,,,,
2026020015,2026-10-01,VAN,23,8484240,T. Willander,5,D,0,1,1,-1,21:11,0,0,1,0,0,0,0,,,,,
2026020015,2026-10-01,VAN,23,8484798,Z. Buium,8,D,0,0,0,-3,20:58,3,0,1,0,0,0,0,,,,,
2026020015,2026-10-01,VAN,23,8479425,F. Hronek,17,D,0,2,2,-2,23:02,1,0,3,0,0,0,0,,,,,
2026020015,2026-10-01,VAN,23,8483678,E. Pettersson,25,D,0,0,0,2,16:17,0,0,0,0,0,0,0,,,,,
2026020015,2026-10-01,VAN,23,8482447,L. Meriläinen,31,G,0,0,0,0,30:41,0,0,0,0,0,0,1,11.0,10.0,1.0,0.909091,ND
2026020015,2026-10-01,VAN,23,8480947,K. Lankinen,32,G,0,0,0,0,28:23,0,0,0,0,0,0,1,20.0,13.0,8.0,0.65,L
2026020015,2026-10-01,EDM,22,8479365,T. Frederic,10,C,1,0,1,0,10:55,2,2,1,2,0,0,0,,,,,
2026020015,2026-10-01,EDM,22,8478472,M. Joseph,21,R,0,1,1,0,15:07,2,5,2,0,0,0,0,,,,,
2026020015,2026-10-01,EDM,22,8480029,A. Formenton,26,L,0,0,0,0,16:15,0,1,1,0,0,0,0,,,,,
2026020015,2026-10-01,EDM,22,8477934,L. Draisaitl,29,C,2,1,3,3,20:19,5,0,0,0,1,0,0,,,,,
2026020015,2026-10-01,EDM,22,8482703,C. Dach,34,C,0,0,0,-3,12:46,2,0,1,0,0,0,0,,,,,
2026020015,2026-10-01,EDM,22,8477953,K. Kapanen,42,R,1,1,2,-2,18:48,1,1,1,0,0,0,0,,,,,
2026020015,2026-10-01,EDM,22,8486161,O. Michaels,43,R,1,0,1,-1,13:23,1,2,0,0,0,0,0,,,,,
2026020015,2026-10-01,EDM,22,8479368,M. Jones,46,L,0,0,0,-3,11:41,1,2,0,2,0,0,0,,,,,
2026020015,2026-10-01,EDM,22,8483455,I. Howard,53,L,0,1,1,0,10:58,3,1,0,0,0,0,0,,,,,
2026020015,2026-10-01,EDM,22,8484509,J. Samanski,81,C,0,0,0,0,08:41,0,0,0,0,0,0,0,,,,,
2026020015,2026-10-01,EDM,22,8481617,V. Podkolzin,92,R,1,1,2,3,18:04,4,2,0,0,1,0,0,,,,,
2026020015,2026-10-01,EDM,22,8478402,C. McDavid,97,C,1,4,5,4,22:03,3,0,2,0,0,0,0,,,,,
2026020015,2026-10-01,EDM,22,8480803,E. Bouchard,2,D,1,2,3,3,24:21,4,1,0,0,0,0,0,,,,,
2026020015,2026-10-01,EDM,22,8476473,C. Murphy,5,D,0,0,0,0,24:47,1,1,6,0,0,0,0,,,,,
2026020015,2026-10-01,EDM,22,8478854,R. Shea,6,D,1,0,1,3,23:05,1,1,0,0,0,0,0,,,,,
2026020015,2026-10-01,EDM,22,8475218,M. Ekholm,14,D,0,0,0,3,20:42,0,1,0,0,0,0,0,,,,,
2026020015,2026-10-01,EDM,22,8482166,S. Mukhamadullin,85,D,0,0,0,-4,10:01,0,0,2,0,0,0,0,,,,,
2026020015,2026-10-01,EDM,22,8478013,J. Walman,96,D,0,0,0,-3,13:02,1,0,1,2,0,0,0,,,,,
2026020015,2026-10-01,EDM,22,8482221,D. Levi,27,G,0,0,0,0,59:51,0,0,0,0,0,0,1,22.0,15.0,7.0,0.681818,W
2026020015,2026-10-01,EDM,22,8477465,T. Jarry,35,G,0,0,0,0,00:00,0,0,0,0,0,0,1,0.0,0.0,0.0,0.0,ND
2026020016,2026-10-01,SJS,28,8484227,W. Smith,2,C,2,1,3,2,20:09,3,1,0,0,1,0,0,,,,,
2026020016,2026-10-01,SJS,28,8477505,A. Wennberg,21,C,0,0,0,1,21:44,3,1,1,0,0,0,0,,,,,
2026020016,2026-10-01,SJS,28,8476624,B. Goodrow,23,C,0,0,0,0,14:09,0,1,1,0,0,0,0,,,,,
2026020016,2026-10-01,SJS,28,8478975,M. Marchment,27,L,1,0,1,0,12:44,4,3,0,2,0,0,0,,,,,
2026020016,2026-10-01,SJS,28,8486103,I. Stenberg,41,L,0,0,0,0,13:35,0,0,0,0,0,0,0,,,,,
2026020016,2026-10-01,SJS,28,8480748,K. Sherwood,44,L,0,0,0,0,14:01,1,8,0,4,0,0,0,,,,,
2026020016,2026-10-01,SJS,28,8484911,C. Graf,51,R,0,0,0,0,16:48,0,1,1,5,0,0,0,,,,,
2026020016,2026-10-01,SJS,28,8482859,Z. Ostapchuk,63,C,0,0,0,0,11:29,0,0,2,0,0,0,0,,,,,
2026020016,2026-10-01,SJS,28,8484801,M. Celebrini,71,C,0,3,3,1,22:57,7,0,1,0,0,0,0,,,,,
2026020016,2026-10-01,SJS,28,8475726,T. Toffoli,73,C,0,0,0,-1,09:24,1,0,0,0,0,0,0,,,,,
2026020016,2026-10-01,SJS,28,8485402,M. Misa,77,C,0,0,0,-1,11:34,4,1,0,0,0,0,0,,,,,
2026020016,2026-10-01,SJS,28,8484994,I. Chernyshov,92,L,0,0,0,-1,12:13,1,0,1,0,0,0,0,,,,,
2026020016,2026-10-01,SJS,28,8482700,N. Allan,5,D,0,0,0,1,20:44,1,2,1,0,0,0,0,,,,,
2026020016,2026-10-01,SJS,28,8480891,M. Kesselring,7,D,0,0,0,0,19:46,1,0,1,0,0,0,0,,,,,
2026020016,2026-10-01,SJS,28,8475200,D. Orlov,9,D,0,0,0,-1,17:55,1,1,3,0,0,0,0,,,,,
2026020016,2026-10-01,SJS,28,8477498,D. Nurse,25,D,0,0,0,0,17:07,0,2,5,4,0,0,0,,,,,
2026020016,2026-10-01,SJS,28,8484152,L. Cagnoni,42,D,1,1,2,1,21:17,3,0,3,2,0,0,0,,,,,
2026020016,2026-10-01,SJS,28,8476885,J. Trouba,65,D,0,0,0,0,22:35,2,3,1,5,0,0,0,,,,,
2026020016,2026-10-01,SJS,28,8482137,Y. Askarov,30,G,0,0,0,0,63:14,0,0,0,0,0,0,1,26.0,23.0,3.0,0.884615,W
2026020016,2026-10-01,SJS,28,8477968,A. Nedeljkovic,33,G,0,0,0,0,00:00,0,0,0,0,0,0,1,0.0,0.0,0.0,0.0,ND
2026020016,2026-10-01,FLA,13,8480801,B. Tkachuk,8,L,0,0,0,-2,19:37,4,5,1,5,0,0,0,,,,,
2026020016,2026-10-01,FLA,13,8477935,S. Bennett,9,C,0,1,1,0,20:49,1,3,0,2,0,0,0,,,,,
2026020016,2026-10-01,FLA,13,8477933,S. Reinhart,13,C,0,0,0,0,23:33,2,4,1,0,0,0,0,,,,,
2026020016,2026-10-01,FLA,13,8478147,B. Imama,14,L,0,0,0,0,05:16,0,5,0,0,0,0,0,,,,,
2026020016,2026-10-01,FLA,13,8482113,A. Lundell,15,C,0,1,1,-1,20:43,3,3,0,0,0,0,0,,,,,
2026020016,2026-10-01,FLA,13,8477493,A. Barkov,16,C,0,0,0,0,09:15,1,1,1,0,0,0,0,,,,,
2026020016,2026-10-01,FLA,13,8479314,M. Tkachuk,19,L,1,0,1,0,22:47,2,2,1,0,0,0,0,,,,,
2026020016,2026-10-01,FLA,13,8474189,L. Eller,20,C,0,1,1,0,14:57,2,1,1,0,0,0,0,,,,,
2026020016,2026-10-01,FLA,13,8477903,G. Hathaway,21,R,0,0,0,0,06:03,0,3,0,0,0,0,0,,,,,
2026020016,2026-10-01,FLA,13,8477409,C. Verhaeghe,23,C,0,0,0,0,17:14,0,1,0,0,0,0,0,,,,,
2026020016,2026-10-01,FLA,13,8480185,E. Luostarinen,27,C,2,0,2,0,16:28,3,0,1,0,1,0,0,,,,,
2026020016,2026-10-01,FLA,13,8483771,S. Vilmanis,95,L,0,0,0,0,12:19,2,4,0,0,0,0,0,,,,,
2026020016,2026-10-01,FLA,13,8477495,S. Jones,3,D,0,0,0,-1,27:43,2,0,1,2,0,0,0,,,,,
2026020016,2026-10-01,FLA,13,8477932,A. Ekblad,5,D,0,1,1,-1,21:33,0,0,0,0,0,0,0,,,,,
2026020016,2026-10-01,FLA,13,8475462,R. Gudas,6,D,0,0,0,1,13:31,1,4,3,0,0,0,0,,,,,
2026020016,2026-10-01,FLA,13,8475179,D. Kulikov,7,D,0,1,1,1,17:28,0,1,1,0,0,0,0,,,,,
2026020016,2026-10-01,FLA,13,8484304,U. Balinskis,26,D,0,0,0,0,12:52,1,3,1,7,0,0,0,,,,,
2026020016,2026-10-01,FLA,13,8478859,N. Mikkola,77,D,0,0,0,0,22:42,2,1,0,2,0,0,0,,,,,
2026020016,2026-10-01,FLA,13,8474593,J. Markstrom,25,G,0,0,0,0,00:00,0,0,0,0,0,0,1,0.0,0.0,0.0,0.0,ND
2026020016,2026-10-01,FLA,13,8481033,A. Schmid,40,G,0,0,0,0,63:14,0,0,0,0,0,0,1,32.0,28.0,4.0,0.875,O
2026020017,2026-10-02,DET,17,8477429,A. Copp,18,C,0,0,0,-1,22:17,1,1,1,0,0,0,0,,,,,
2026020017,2026-10-02,DET,17,8478891,M. Appleton,22,C,0,0,0,0,10:18,1,4,0,0,0,0,0,,,,,
2026020017,2026-10-02,DET,17,8482078,L. Raymond,23,L,0,0,0,-1,20:01,2,1,0,0,0,0,0,,,,,
2026020017,2026-10-02,DET,17,8479992,M. Rasmussen,27,C,0,0,0,-1,14:54,0,1,0,2,0,0,0,,,,,
2026020017,2026-10-02,DET,17,8484794,M. Brandsegg-Nygård,28,R,0,0,0,0,09:39,3,2,0,0,0,0,0,,,,,
2026020017,2026-10-02,DET,17,8484160,N. Danielson,29,C,0,0,0,0,09:41,1,1,0,2,0,0,0,,,,,
2026020017,2026-10-02,DET,17,8478042,V. Arvidsson,33,L,0,0,0,-1,16:17,1,0,2,0,0,0,0,,,,,
2026020017,2026-10-02,DET,17,8477456,J. Compher,37,L,0,0,0,0,16:28,1,0,0,0,0,0,0,,,,,
2026020017,2026-10-02,DET,17,8478434,K. Kolesar,55,R,0,0,0,0,10:23,0,4,1,2,0,0,0,,,,,
2026020017,2026-10-02,DET,17,8484471,E. Finnie,58,C,0,0,0,0,14:24,1,2,0,0,0,0,0,,,,,
2026020017,2026-10-02,DET,17,8483464,M. Kasper,92,C,0,0,0,0,10:50,4,1,0,5,0,0,0,,,,,
2026020017,2026-10-02,DET,17,8479337,A. DeBrincat,93,R,0,0,0,-1,19:43,1,4,0,0,0,0,0,,,,,
2026020017,2026-10-02,DET,17,8475279,B. Chiarot,8,D,0,0,0,0,18:31,1,3,2,0,0,0,0,,,,,
2026020017,2026-10-02,DET,17,8481607,A. Johansson,20,D,0,0,0,0,17:29,0,1,1,0,0,0,0,,,,,
2026020017,2026-10-02,DET,17,8483679,A. Johansson,42,D,0,0,0,0,19:10,0,1,1,0,0,0,0,,,,,
2026020017,2026-10-02,DET,17,8484223,A. Sandin-Pellikka,44,D,0,0,0,0,16:27,2,1,1,2,0,0,0,,,,,
2026020017,2026-10-02,DET,17,8481542,M. Seider,53,D,0,0,0,-1,25:16,2,0,3,0,0,0,0,,,,,
2026020017,2026-10-02,DET,17,8475753,J. Faulk,72,D,0,0,0,0,21:29,1,2,0,2,0,0,0,,,,,
2026020017,2026-10-02,DET,17,8476434,J. Gibson,36,G,0,0,0,0,59:02,0,0,0,0,0,0,1,20.0,19.0,1.0,0.95,L
2026020017,2026-10-02,DET,17,8480193,D. Tarasov,80,G,0,0,0,0,00:00,0,0,0,0,0,0,1,0.0,0.0,0.0,0.0,ND
2026020017,2026-10-02,NYR,3,8476468,J. Miller,10,C,0,0,0,1,17:28,2,4,0,0,0,0,0,,,,,
2026020017,2026-10-02,NYR,3,8482109,A. Lafrenière,13,L,0,0,0,0,21:30,1,1,0,0,0,0,0,,,,,
2026020017,2026-10-02,NYR,3,8481604,P. Dorofeyev,16,R,0,0,0,0,17:30,2,0,2,0,0,0,0,,,,,
2026020017,2026-10-02,NYR,3,8480009,E. Tolvanen,17,R,1,0,1,1,11:26,1,3,1,0,0,0,0,,,,,
2026020017,2026-10-02,NYR,3,8481789,T. Kartye,24,L,0,1,1,1,15:12,1,1,1,0,0,0,0,,,,,
2026020017,2026-10-02,NYR,3,8477416,O. Bjorkstrand,28,R,0,0,0,0,13:22,0,1,0,0,0,0,0,,,,,
2026020017,2026-10-02,NYR,3,8483690,N. Laba,42,C,0,0,0,0,12:05,2,2,0,0,0,0,0,,,,,
2026020017,2026-10-02,NYR,3,8482877,J. Chmelar,49,R,0,0,0,0,09:11,1,2,0,0,0,0,0,,,,,
2026020017,2026-10-02,NYR,3,8482157,W. Cuylle,50,L,0,1,1,0,14:43,2,6,0,0,0,0,0,,,,,
2026020017,2026-10-02,NYR,3,8480813,J. Veleno,90,C,0,0,0,0,13:34,0,0,0,2,0,0,0,,,,,
2026020017,2026-10-02,NYR,3,8476459,M. Zibanejad,93,C,0,0,0,0,21:21,1,1,0,0,0,0,0,,,,,
2026020017,2026-10-02,NYR,3,8484210,G. Perreault,94,R,0,1,1,0,15:24,2,0,2,0,0,0,0,,,,,
2026020017,2026-10-02,NYR,3,8482073,B. Schneider,4,D,0,0,0,0,16:36,1,2,2,0,0,0,0,,,,,
2026020017,2026-10-02,NYR,3,8480434,S. Durzi,5,D,1,0,1,0,19:19,2,0,1,7,1,0,0,,,,,
2026020017,2026-10-02,NYR,3,8485957,A. Smits,12,D,0,0,0,0,11:26,0,1,0,2,0,0,0,,,,,
2026020017,2026-10-02,NYR,3,8479323,A. Fox,23,D,0,1,1,1,22:50,2,0,1,0,0,0,0,,,,,
2026020017,2026-10-02,NYR,3,8477969,M. Pettersson,26,D,0,0,0,1,21:56,1,0,1,0,0,0,0,,,,,
2026020017,2026-10-02,NYR,3,8478882,V. Gavrikov,44,D,0,0,0,0,21:07,0,2,2,0,0,0,0,,,,,
2026020017,2026-10-02,NYR,3,8478048,I. Shesterkin,31,G,0,0,0,0,00:00,0,0,0,0,0,0,1,0.0,0.0,0.0,0.0,ND
2026020017,2026-10-02,NYR,3,8482193,D. Garand,33,G,0,0,0,0,60:00,0,0,0,0,0,0,1,22.0,22.0,0.0,1.0,W
2026020018,2026-10-02,CAR,12,8473533,J. Staal,11,C,0,0,0,-1,14:54,3,4,0,0,0,0,0,,,,,
2026020018,2026-10-02,CAR,12,8478427,S. Aho,20,C,1,0,1,0,18:39,2,0,0,2,1,0,0,,,,,
2026020018,2026-10-02,CAR,12,8482702,L. Stankoven,22,C,1,0,1,-1,20:15,4,2,0,0,0,0,0,,,,,
2026020018,2026-10-02,CAR,12,8477940,N. Ehlers,27,L,0,0,0,-2,19:02,4,1,0,0,0,0,0,,,,,
2026020018,2026-10-02,CAR,12,8477478,W. Carrier,28,L,0,1,1,0,11:30,1,4,0,0,0,0,0,,,,,
2026020018,2026-10-02,CAR,12,8480830,A. Svechnikov,37,R,0,1,1,0,19:51,6,2,1,0,0,0,0,,,,,
2026020018,2026-10-02,CAR,12,8475235,N. Deslauriers,44,L,0,0,0,-1,09:25,0,7,0,0,0,0,0,,,,,
2026020018,2026-10-02,CAR,12,8476921,J. Martinook,48,L,0,0,0,0,12:47,2,3,0,0,0,0,0,,,,,
2026020018,2026-10-02,CAR,12,8480762,E. Robinson,50,L,0,0,0,0,11:44,0,2,0,0,0,0,0,,,,,
2026020018,2026-10-02,CAR,12,8482809,J. Blake,53,R,0,1,1,-1,19:27,3,0,0,0,0,0,0,,,,,
2026020018,2026-10-02,CAR,12,8475791,T. Hall,71,L,0,0,0,-2,13:34,1,1,1,2,0,0,0,,,,,
2026020018,2026-10-02,CAR,12,8476873,M. Jankowski,77,L,0,0,0,-1,12:35,0,2,1,0,0,0,0,,,,,
2026020018,2026-10-02,CAR,12,8476906,S. Gostisbehere,4,D,0,0,0,-1,22:40,0,0,0,0,0,0,0,,,,,
2026020018,2026-10-02,CAR,12,8478970,J. Chatfield,5,D,0,0,0,-2,17:33,0,0,2,0,0,0,0,,,,,
2026020018,2026-10-02,CAR,12,8480817,K. Miller,19,D,0,1,1,-1,22:11,0,1,2,0,0,0,0,,,,,
2026020018,2026-10-02,CAR,12,8480336,S. Walker,26,D,0,0,0,-2,19:05,2,1,0,2,0,0,0,,,,,
2026020018,2026-10-02,CAR,12,8484428,C. Legault,62,D,0,0,0,0,11:07,1,2,1,12,0,0,0,,,,,
2026020018,2026-10-02,CAR,12,8476958,J. Slavin,74,D,0,0,0,0,18:32,4,0,1,0,0,0,0,,,,,
2026020018,2026-10-02,CAR,12,8483548,B. Bussi,32,G,0,0,0,0,60:00,0,0,0,0,0,0,1,27.0,22.0,5.0,0.814815,L
2026020018,2026-10-02,CAR,12,8481611,P. Kochetkov,52,G,0,0,0,0,00:00,0,0,0,0,0,0,1,0.0,0.0,0.0,0.0,ND
2026020018,2026-10-02,WSH,15,8471214,A. Ovechkin,8,L,0,1,1,1,12:46,1,1,1,0,0,0,0,,,,,
2026020018,2026-10-02,WSH,15,8484186,R. Leonard,9,R,1,0,1,1,12:08,3,2,1,0,0,0,0,,,,,
2026020018,2026-10-02,WSH,15,8478440,D. Strome,17,C,0,2,2,0,13:11,2,0,1,0,0,0,0,,,,,
2026020018,2026-10-02,WSH,15,8481656,A. Protas,21,L,0,1,1,1,17:36,2,0,1,0,0,0,0,,,,,
2026020018,2026-10-02,WSH,15,8476432,B. Jenner,22,C,0,0,0,0,16:18,3,0,2,0,0,0,0,,,,,
2026020018,2026-10-02,WSH,15,8479385,J. Kyrou,25,R,0,0,0,0,12:16,2,0,0,0,0,0,0,,,,,
2026020018,2026-10-02,WSH,15,8482088,J. Sourdif,34,C,0,0,0,0,13:00,0,0,0,2,0,0,0,,,,,
2026020018,2026-10-02,WSH,15,8476880,T. Wilson,43,R,0,1,1,1,16:37,0,3,3,0,0,0,0,,,,,
2026020018,2026-10-02,WSH,15,8484999,I. Protas,62,L,0,1,1,1,11:32,0,0,0,0,0,0,0,,,,,
2026020018,2026-10-02,WSH,15,8478463,A. Beauvillier,72,R,0,0,0,0,13:55,3,1,0,0,0,0,0,,,,,
2026020018,2026-10-02,WSH,15,8479400,P. Dubois,80,C,0,2,2,2,12:08,1,1,1,4,0,0,0,,,,,
2026020018,2026-10-02,WSH,15,8477949,A. Tuch,89,R,2,0,2,2,16:38,3,1,1,0,0,0,0,,,,,
2026020018,2026-10-02,WSH,15,8478911,M. Roy,3,D,0,0,0,0,22:29,0,3,5,0,0,0,0,,,,,
2026020018,2026-10-02,WSH,15,8479345,J. Chychrun,6,D,1,1,2,1,18:51,3,0,1,2,1,0,0,,,,,
2026020018,2026-10-02,WSH,15,8480043,T. Liljegren,27,D,0,0,0,1,18:48,0,2,1,0,0,0,0,,,,,
2026020018,2026-10-02,WSH,15,8480796,M. Fehérváry,42,D,0,0,0,0,19:29,1,1,5,2,0,0,0,,,,,
2026020018,2026-10-02,WSH,15,8484873,C. Hutson,44,D,1,0,1,2,17:08,3,1,2,4,0,0,0,,,,,
2026020018,2026-10-02,WSH,15,8479576,V. Desharnais,73,D,0,0,0,2,21:15,0,3,3,0,0,0,0,,,,,
2026020018,2026-10-02,WSH,15,8480313,L. Thompson,48,G,0,0,0,0,59:53,0,0,0,0,0,0,1,33.0,31.0,2.0,0.939394,W
2026020018,2026-10-02,WSH,15,8479292,C. Lindgren,79,G,0,0,0,0,00:00,0,0,0,0,0,0,1,0.0,0.0,0.0,0.0,ND
