date,team,opponent,home_away,goals_for,goals_against,result_code,ot_status,result
2021-10-13,Avalanche,Chicago Blackhawks,Home,4,2,W,,RW
2021-10-16,Avalanche,St. Louis Blues,Home,3,5,L,,RL
2021-10-19,Avalanche,Washington Capitals,Away,3,6,L,,RL
2021-10-21,Avalanche,Florida Panthers,Away,1,4,L,,RL
2021-10-23,Avalanche,Tampa Bay Lightning,Away,4,3,W,SO,SOW
2021-10-26,Avalanche,Vegas Golden Knights,Home,1,3,L,,RL
2021-10-28,Avalanche,St. Louis Blues,Away,4,3,W,,RW
2021-10-30,Avalanche,Minnesota Wild,Home,4,1,W,,RW
2021-11-03,Avalanche,Columbus Blue Jackets,Home,4,5,L,OT,OTL
2021-11-06,Avalanche,Columbus Blue Jackets,Away,2,4,L,,RL
2021-11-11,Avalanche,Vancouver Canucks,Home,7,1,W,,RW
2021-11-13,Avalanche,San Jose Sharks,Home,6,2,W,,RW
2021-11-17,Avalanche,Vancouver Canucks,Away,4,2,W,,RW
2021-11-19,Avalanche,Seattle Kraken,Away,7,3,W,,RW
2021-11-22,Avalanche,Ottawa Senators,Home,7,5,W,,RW
2021-11-24,Avalanche,Anaheim Ducks,Home,5,2,W,,RW
2021-11-26,Avalanche,Dallas Stars,Away,1,3,L,,RL
2021-11-27,Avalanche,Nashville Predators,Home,6,2,W,,RW
2021-12-01,Avalanche,Toronto Maple Leafs,Away,3,8,L,,RL
2021-12-02,Avalanche,Montreal Canadiens,Away,4,1,W,,RW
2021-12-04,Avalanche,Ottawa Senators,Away,5,6,L,OT,OTL
2021-12-06,Avalanche,Philadelphia Flyers,Away,7,5,W,,RW
2021-12-08,Avalanche,New York Rangers,Away,7,3,W,,RW
2021-12-10,Avalanche,Detroit Red Wings,Home,7,3,W,,RW
2021-12-12,Avalanche,Florida Panthers,Home,3,2,W,,RW
2021-12-14,Avalanche,New York Rangers,Home,4,2,W,,RW
2021-12-16,Avalanche,Nashville Predators,Away,2,5,L,,RL
2022-01-02,Avalanche,Anaheim Ducks,Home,4,2,W,,RW
2022-01-04,Avalanche,Chicago Blackhawks,Away,4,3,W,OT,OTW
2022-01-06,Avalanche,Winnipeg Jets,Home,7,1,W,,RW
2022-01-08,Avalanche,Toronto Maple Leafs,Home,5,4,W,OT,OTW
2022-01-10,Avalanche,Seattle Kraken,Home,4,3,W,,RW
2022-01-11,Avalanche,Nashville Predators,Away,4,5,L,OT,OTL
2022-01-14,Avalanche,Coyotes,Home,4,3,W,SO,SOW
2022-01-15,Avalanche,Coyotes,Away,5,0,W,,RW
2022-01-17,Avalanche,Minnesota Wild,Home,4,3,W,SO,SOW
2022-01-19,Avalanche,Anaheim Ducks,Away,2,0,W,,RW
2022-01-20,Avalanche,Los Angeles Kings,Away,4,1,W,,RW
2022-01-22,Avalanche,Montreal Canadiens,Home,3,2,W,OT,OTW
2022-01-24,Avalanche,Chicago Blackhawks,Home,2,0,W,,RW
2022-01-26,Avalanche,Boston Bruins,Home,4,3,W,OT,OTW
2022-01-28,Avalanche,Chicago Blackhawks,Away,6,4,W,,RW
2022-01-30,Avalanche,Buffalo Sabres,Home,4,1,W,,RW
2022-02-01,Avalanche,Coyotes,Home,2,3,L,SO,SOL
2022-02-10,Avalanche,Tampa Bay Lightning,Home,3,2,W,,RW
2022-02-13,Avalanche,Dallas Stars,Away,4,0,W,,RW
2022-02-15,Avalanche,Dallas Stars,Home,1,4,L,,RL
2022-02-16,Avalanche,Vegas Golden Knights,Away,2,0,W,,RW
2022-02-19,Avalanche,Buffalo Sabres,Away,5,3,W,,RW
2022-02-21,Avalanche,Boston Bruins,Away,1,5,L,,RL
2022-02-23,Avalanche,Detroit Red Wings,Away,5,2,W,,RW
2022-02-25,Avalanche,Winnipeg Jets,Home,6,3,W,,RW
2022-02-26,Avalanche,Vegas Golden Knights,Away,3,2,W,,RW
2022-03-01,Avalanche,New York Islanders,Home,5,3,W,,RW
2022-03-03,Avalanche,Coyotes,Away,1,2,L,,RL
2022-03-05,Avalanche,Calgary Flames,Home,3,4,L,OT,OTL
2022-03-07,Avalanche,New York Islanders,Away,5,4,W,,RW
2022-03-08,Avalanche,New Jersey Devils,Away,3,5,L,,RL
2022-03-10,Avalanche,Carolina Hurricanes,Away,0,2,L,,RL
2022-03-13,Avalanche,Calgary Flames,Home,3,0,W,,RW
2022-03-15,Avalanche,Los Angeles Kings,Away,3,0,W,,RW
2022-03-18,Avalanche,San Jose Sharks,Away,5,3,W,,RW
2022-03-21,Avalanche,Edmonton Oilers,Home,3,2,W,OT,OTW
2022-03-23,Avalanche,Vancouver Canucks,Home,1,3,L,,RL
2022-03-25,Avalanche,Philadelphia Flyers,Home,6,3,W,,RW
2022-03-27,Avalanche,Minnesota Wild,Away,2,3,L,OT,OTL
2022-03-29,Avalanche,Calgary Flames,Away,2,1,W,,RW
2022-03-31,Avalanche,San Jose Sharks,Home,4,2,W,,RW
2022-04-02,Avalanche,Pittsburgh Penguins,Home,3,2,W,,RW
2022-04-05,Avalanche,Pittsburgh Penguins,Away,6,4,W,,RW
2022-04-08,Avalanche,Winnipeg Jets,Away,5,4,W,OT,OTW
2022-04-09,Avalanche,Edmonton Oilers,Away,2,1,W,SO,SOW
2022-04-13,Avalanche,Los Angeles Kings,Home,9,3,W,,RW
2022-04-14,Avalanche,New Jersey Devils,Home,3,1,W,,RW
2022-04-16,Avalanche,Carolina Hurricanes,Home,7,4,W,,RW
2022-04-18,Avalanche,Washington Capitals,Home,2,3,L,,RL
2022-04-20,Avalanche,Seattle Kraken,Away,2,3,L,,RL
2022-04-22,Avalanche,Edmonton Oilers,Away,3,6,L,,RL
2022-04-24,Avalanche,Winnipeg Jets,Away,1,4,L,,RL
2022-04-26,Avalanche,St. Louis Blues,Home,5,3,W,,RW
2022-04-28,Avalanche,Nashville Predators,Home,4,5,L,SO,SOL
2022-04-29,Avalanche,Minnesota Wild,Away,1,4,L,,RL
2022-10-12,Avalanche,Chicago Blackhawks,Home,5,2,W,,RW
2022-10-13,Avalanche,Calgary Flames,Away,3,5,L,,RL
2022-10-17,Avalanche,Minnesota Wild,Away,6,3,W,,RW
2022-10-19,Avalanche,Winnipeg Jets,Home,3,4,L,OT,OTL
2022-10-21,Avalanche,Seattle Kraken,Home,2,3,L,,RL
2022-10-22,Avalanche,Vegas Golden Knights,Away,3,2,W,,RW
2022-10-25,Avalanche,New York Rangers,Away,3,2,W,SO,SOW
2022-10-28,Avalanche,New Jersey Devils,Away,0,1,L,,RL
2022-10-29,Avalanche,New York Islanders,Away,4,5,L,,RL
2022-11-04,Avalanche,Columbus Blue Jackets,Home,6,3,W,,RW
2022-11-05,Avalanche,Columbus Blue Jackets,Away,5,1,W,,RW
2022-11-10,Avalanche,Nashville Predators,Home,5,3,W,,RW
2022-11-12,Avalanche,Carolina Hurricanes,Home,4,1,W,,RW
2022-11-14,Avalanche,St. Louis Blues,Home,2,3,L,,RL
2022-11-17,Avalanche,Carolina Hurricanes,Away,3,2,W,OT,OTW
2022-11-19,Avalanche,Washington Capitals,Away,4,0,W,,RW
2022-11-21,Avalanche,Dallas Stars,Away,3,2,W,SO,SOW
2022-11-23,Avalanche,Vancouver Canucks,Home,3,4,L,,RL
2022-11-26,Avalanche,Dallas Stars,Home,4,1,W,,RW
2022-11-29,Avalanche,Winnipeg Jets,Away,0,5,L,,RL
2022-12-01,Avalanche,Buffalo Sabres,Away,6,4,W,,RW
2022-12-03,Avalanche,Boston Bruins,Away,1,5,L,,RL
2022-12-05,Avalanche,Philadelphia Flyers,Away,3,5,L,,RL
2022-12-07,Avalanche,Boston Bruins,Home,0,4,L,,RL
2022-12-09,Avalanche,New York Rangers,Home,1,2,L,SO,SOL
2022-12-11,Avalanche,St. Louis Blues,Away,3,2,W,OT,OTW
2022-12-13,Avalanche,Philadelphia Flyers,Home,3,2,W,,RW
2022-12-15,Avalanche,Buffalo Sabres,Home,2,4,L,,RL
2022-12-17,Avalanche,Nashville Predators,Home,3,1,W,,RW
2022-12-19,Avalanche,New York Islanders,Home,1,0,W,SO,SOW
2022-12-21,Avalanche,Montreal Canadiens,Home,2,1,W,OT,OTW
2022-12-23,Avalanche,Nashville Predators,Away,3,2,W,OT,OTW
2022-12-27,Avalanche,Coyotes,Away,3,6,L,,RL
2022-12-29,Avalanche,Los Angeles Kings,Home,4,5,L,SO,SOL
2022-12-31,Avalanche,Toronto Maple Leafs,Home,2,6,L,,RL
2023-01-02,Avalanche,Vegas Golden Knights,Home,2,3,L,,RL
2023-01-05,Avalanche,Vancouver Canucks,Away,2,4,L,,RL
2023-01-07,Avalanche,Edmonton Oilers,Away,3,2,W,OT,OTW
2023-01-10,Avalanche,Florida Panthers,Home,4,5,L,,RL
2023-01-12,Avalanche,Chicago Blackhawks,Away,2,3,L,,RL
2023-01-14,Avalanche,Ottawa Senators,Home,7,0,W,,RW
2023-01-16,Avalanche,Detroit Red Wings,Home,6,3,W,,RW
2023-01-18,Avalanche,Calgary Flames,Away,4,1,W,,RW
2023-01-20,Avalanche,Vancouver Canucks,Away,4,1,W,,RW
2023-01-21,Avalanche,Seattle Kraken,Away,2,1,W,SO,SOW
2023-01-24,Avalanche,Washington Capitals,Home,3,2,W,,RW
2023-01-26,Avalanche,Anaheim Ducks,Home,3,5,L,,RL
2023-01-28,Avalanche,St. Louis Blues,Home,4,2,W,,RW
2023-02-07,Avalanche,Pittsburgh Penguins,Away,1,2,L,OT,OTL
2023-02-09,Avalanche,Tampa Bay Lightning,Away,0,5,L,,RL
2023-02-11,Avalanche,Florida Panthers,Away,5,3,W,,RW
2023-02-14,Avalanche,Tampa Bay Lightning,Home,3,4,L,SO,SOL
2023-02-15,Avalanche,Minnesota Wild,Away,3,2,W,,RW
2023-02-18,Avalanche,St. Louis Blues,Away,4,1,W,,RW
2023-02-19,Avalanche,Edmonton Oilers,Home,6,5,W,OT,OTW
2023-02-24,Avalanche,Winnipeg Jets,Away,5,1,W,,RW
2023-02-25,Avalanche,Calgary Flames,Home,4,1,W,,RW
2023-02-27,Avalanche,Vegas Golden Knights,Home,3,0,W,,RW
2023-03-01,Avalanche,New Jersey Devils,Home,5,7,L,,RL
2023-03-04,Avalanche,Dallas Stars,Away,3,7,L,,RL
2023-03-05,Avalanche,Seattle Kraken,Home,2,3,L,OT,OTL
2023-03-07,Avalanche,San Jose Sharks,Home,6,0,W,,RW
2023-03-09,Avalanche,Los Angeles Kings,Home,2,5,L,,RL
2023-03-11,Avalanche,Coyotes,Home,3,2,W,OT,OTW
2023-03-13,Avalanche,Montreal Canadiens,Away,8,4,W,,RW
2023-03-15,Avalanche,Toronto Maple Leafs,Away,2,1,W,SO,SOW
2023-03-16,Avalanche,Ottawa Senators,Away,5,4,W,,RW
2023-03-18,Avalanche,Detroit Red Wings,Away,5,1,W,,RW
2023-03-20,Avalanche,Chicago Blackhawks,Home,5,0,W,,RW
2023-03-22,Avalanche,Pittsburgh Penguins,Home,2,5,L,,RL
2023-03-24,Avalanche,Coyotes,Home,3,1,W,,RW
2023-03-26,Avalanche,Coyotes,Away,4,3,W,SO,SOW
2023-03-27,Avalanche,Anaheim Ducks,Away,5,1,W,,RW
2023-03-29,Avalanche,Minnesota Wild,Home,2,4,L,,RL
2023-04-01,Avalanche,Dallas Stars,Home,5,2,W,,RW
2023-04-04,Avalanche,San Jose Sharks,Away,4,3,W,OT,OTW
2023-04-06,Avalanche,San Jose Sharks,Away,6,2,W,,RW
2023-04-08,Avalanche,Los Angeles Kings,Away,4,3,W,,RW
2023-04-09,Avalanche,Anaheim Ducks,Away,5,4,W,OT,OTW
2023-04-11,Avalanche,Edmonton Oilers,Home,1,2,L,OT,OTL
2023-04-13,Avalanche,Winnipeg Jets,Home,4,2,W,,RW
2023-04-14,Avalanche,Nashville Predators,Away,4,3,W,,RW
2023-10-11,Avalanche,Los Angeles Kings,Away,5,2,W,,RW
2023-10-14,Avalanche,San Jose Sharks,Away,2,1,W,SO,SOW
2023-10-17,Avalanche,Seattle Kraken,Away,4,1,W,,RW
2023-10-19,Avalanche,Chicago Blackhawks,Home,4,0,W,,RW
2023-10-21,Avalanche,Carolina Hurricanes,Home,6,4,W,,RW
2023-10-24,Avalanche,New York Islanders,Away,7,4,W,,RW
2023-10-26,Avalanche,Pittsburgh Penguins,Away,0,4,L,,RL
2023-10-29,Avalanche,Buffalo Sabres,Away,0,4,L,,RL
2023-11-01,Avalanche,St. Louis Blues,Home,4,1,W,,RW
2023-11-04,Avalanche,Vegas Golden Knights,Away,0,7,L,,RL
2023-11-07,Avalanche,New Jersey Devils,Home,6,3,W,,RW
2023-11-09,Avalanche,Seattle Kraken,Home,3,4,L,,RL
2023-11-11,Avalanche,St. Louis Blues,Home,2,8,L,,RL
2023-11-13,Avalanche,Seattle Kraken,Away,5,1,W,,RW
2023-11-15,Avalanche,Anaheim Ducks,Home,8,2,W,,RW
2023-11-18,Avalanche,Dallas Stars,Away,6,3,W,,RW
2023-11-20,Avalanche,Nashville Predators,Away,3,4,L,,RL
2023-11-22,Avalanche,Vancouver Canucks,Home,5,2,W,,RW
2023-11-24,Avalanche,Minnesota Wild,Away,3,2,W,,RW
2023-11-25,Avalanche,Calgary Flames,Home,3,1,W,,RW
2023-11-27,Avalanche,Tampa Bay Lightning,Home,4,1,W,,RW
2023-11-30,Avalanche,Coyotes,Away,3,4,L,OT,OTL
2023-12-02,Avalanche,Anaheim Ducks,Away,3,4,L,SO,SOL
2023-12-03,Avalanche,Los Angeles Kings,Away,1,4,L,,RL
2023-12-05,Avalanche,Anaheim Ducks,Home,3,2,W,,RW
2023-12-07,Avalanche,Winnipeg Jets,Home,2,4,L,,RL
2023-12-09,Avalanche,Philadelphia Flyers,Home,2,5,L,,RL
2023-12-11,Avalanche,Calgary Flames,Home,6,5,W,,RW
2023-12-13,Avalanche,Buffalo Sabres,Home,5,1,W,,RW
2023-12-16,Avalanche,Winnipeg Jets,Away,2,6,L,,RL
2023-12-17,Avalanche,San Jose Sharks,Home,6,2,W,,RW
2023-12-19,Avalanche,Chicago Blackhawks,Away,2,3,L,,RL
2023-12-21,Avalanche,Ottawa Senators,Home,6,4,W,,RW
2023-12-23,Avalanche,Coyotes,Home,4,1,W,,RW
2023-12-27,Avalanche,Coyotes,Away,4,5,L,OT,OTL
2023-12-29,Avalanche,St. Louis Blues,Away,2,1,W,,RW
2023-12-31,Avalanche,San Jose Sharks,Home,3,1,W,,RW
2024-01-02,Avalanche,New York Islanders,Home,5,4,W,OT,OTW
2024-01-04,Avalanche,Dallas Stars,Away,5,4,W,OT,OTW
2024-01-06,Avalanche,Florida Panthers,Home,4,8,L,,RL
2024-01-08,Avalanche,Boston Bruins,Home,4,3,W,SO,SOW
2024-01-10,Avalanche,Vegas Golden Knights,Home,3,0,W,,RW
2024-01-13,Avalanche,Toronto Maple Leafs,Away,5,3,W,,RW
2024-01-15,Avalanche,Montreal Canadiens,Away,3,4,L,,RL
2024-01-16,Avalanche,Ottawa Senators,Away,7,4,W,,RW
2024-01-18,Avalanche,Boston Bruins,Away,2,5,L,,RL
2024-01-20,Avalanche,Philadelphia Flyers,Away,7,4,W,,RW
2024-01-24,Avalanche,Washington Capitals,Home,6,2,W,,RW
2024-01-26,Avalanche,Los Angeles Kings,Home,5,1,W,,RW
2024-02-05,Avalanche,New York Rangers,Away,1,2,L,OT,OTL
2024-02-06,Avalanche,New Jersey Devils,Away,3,5,L,,RL
2024-02-08,Avalanche,Carolina Hurricanes,Away,2,5,L,,RL
2024-02-10,Avalanche,Florida Panthers,Away,0,4,L,,RL
2024-02-13,Avalanche,Washington Capitals,Away,6,3,W,,RW
2024-02-15,Avalanche,Tampa Bay Lightning,Away,3,6,L,,RL
2024-02-18,Avalanche,Coyotes,Home,4,3,W,,RW
2024-02-20,Avalanche,Vancouver Canucks,Home,3,1,W,,RW
2024-02-22,Avalanche,Detroit Red Wings,Away,1,2,L,OT,OTL
2024-02-24,Avalanche,Toronto Maple Leafs,Home,3,4,L,,RL
2024-02-27,Avalanche,Dallas Stars,Home,5,1,W,,RW
2024-02-29,Avalanche,Chicago Blackhawks,Away,5,0,W,,RW
2024-03-02,Avalanche,Nashville Predators,Away,1,5,L,,RL
2024-03-04,Avalanche,Chicago Blackhawks,Home,5,0,W,,RW
2024-03-06,Avalanche,Detroit Red Wings,Home,7,2,W,,RW
2024-03-08,Avalanche,Minnesota Wild,Home,2,1,W,OT,OTW
2024-03-12,Avalanche,Calgary Flames,Away,6,2,W,,RW
2024-03-13,Avalanche,Vancouver Canucks,Away,4,3,W,OT,OTW
2024-03-16,Avalanche,Edmonton Oilers,Away,3,2,W,OT,OTW
2024-03-19,Avalanche,St. Louis Blues,Away,4,3,W,,RW
2024-03-22,Avalanche,Columbus Blue Jackets,Home,6,1,W,,RW
2024-03-24,Avalanche,Pittsburgh Penguins,Home,5,4,W,OT,OTW
2024-03-26,Avalanche,Montreal Canadiens,Home,1,2,L,,RL
2024-03-28,Avalanche,New York Rangers,Home,2,3,L,SO,SOL
2024-03-30,Avalanche,Nashville Predators,Home,7,4,W,,RW
2024-04-01,Avalanche,Columbus Blue Jackets,Away,1,4,L,,RL
2024-04-04,Avalanche,Minnesota Wild,Away,5,2,W,,RW
2024-04-05,Avalanche,Edmonton Oilers,Away,2,6,L,,RL
2024-04-07,Avalanche,Dallas Stars,Home,4,7,L,,RL
2024-04-09,Avalanche,Minnesota Wild,Home,5,2,W,,RW
2024-04-13,Avalanche,Winnipeg Jets,Home,0,7,L,,RL
2024-04-14,Avalanche,Vegas Golden Knights,Away,3,4,L,OT,OTL
2024-04-18,Avalanche,Edmonton Oilers,Home,5,1,W,,RW
2024-10-09,Avalanche,Vegas Golden Knights,Away,4,8,L,,RL
2024-10-12,Avalanche,Columbus Blue Jackets,Home,4,6,L,,RL
2024-10-14,Avalanche,New York Islanders,Home,2,6,L,,RL
2024-10-16,Avalanche,Boston Bruins,Home,3,5,L,,RL
2024-10-18,Avalanche,Anaheim Ducks,Home,4,3,W,OT,OTW
2024-10-20,Avalanche,San Jose Sharks,Away,4,1,W,,RW
2024-10-22,Avalanche,Seattle Kraken,Away,3,2,W,,RW
2024-10-24,Avalanche,Utah,Away,5,1,W,,RW
2024-10-27,Avalanche,Ottawa Senators,Home,5,4,W,,RW
2024-10-28,Avalanche,Chicago Blackhawks,Home,2,5,L,,RL
2024-10-30,Avalanche,Tampa Bay Lightning,Home,2,5,L,,RL
2024-11-02,Avalanche,Nashville Predators,Away,2,5,L,,RL
2024-11-05,Avalanche,Seattle Kraken,Home,6,3,W,,RW
2024-11-07,Avalanche,Winnipeg Jets,Away,0,1,L,,RL
2024-11-09,Avalanche,Carolina Hurricanes,Home,6,4,W,,RW
2024-11-11,Avalanche,Nashville Predators,Home,3,2,W,OT,OTW
2024-11-13,Avalanche,Los Angeles Kings,Home,4,2,W,,RW
2024-11-15,Avalanche,Washington Capitals,Home,2,5,L,,RL
2024-11-18,Avalanche,Philadelphia Flyers,Away,3,2,W,,RW
2024-11-21,Avalanche,Washington Capitals,Away,2,1,W,,RW
2024-11-23,Avalanche,Florida Panthers,Away,7,4,W,,RW
2024-11-25,Avalanche,Tampa Bay Lightning,Away,2,8,L,,RL
2024-11-27,Avalanche,Vegas Golden Knights,Home,2,1,W,SO,SOW
2024-11-29,Avalanche,Dallas Stars,Away,3,5,L,,RL
2024-11-30,Avalanche,Edmonton Oilers,Home,1,4,L,,RL
2024-12-03,Avalanche,Buffalo Sabres,Away,5,4,W,,RW
2024-12-05,Avalanche,Carolina Hurricanes,Away,3,5,L,,RL
2024-12-07,Avalanche,Detroit Red Wings,Away,2,1,W,,RW
2024-12-08,Avalanche,New Jersey Devils,Away,4,0,W,,RW
2024-12-10,Avalanche,Pittsburgh Penguins,Away,6,2,W,,RW
2024-12-12,Avalanche,Utah,Home,1,4,L,,RL
2024-12-14,Avalanche,Nashville Predators,Home,5,2,W,,RW
2024-12-16,Avalanche,Vancouver Canucks,Away,1,3,L,,RL
2024-12-19,Avalanche,San Jose Sharks,Away,4,2,W,,RW
2024-12-20,Avalanche,Anaheim Ducks,Away,4,2,W,,RW
2024-12-22,Avalanche,Seattle Kraken,Home,5,2,W,,RW
2024-12-27,Avalanche,Utah,Away,4,1,W,,RW
2024-12-31,Avalanche,Winnipeg Jets,Home,5,2,W,,RW
2025-01-02,Avalanche,Buffalo Sabres,Home,6,5,W,OT,OTW
2025-01-04,Avalanche,Montreal Canadiens,Home,1,2,L,SO,SOL
2025-01-06,Avalanche,Florida Panthers,Home,3,1,W,,RW
2025-01-08,Avalanche,Chicago Blackhawks,Away,1,3,L,,RL
2025-01-09,Avalanche,Minnesota Wild,Away,6,1,W,,RW
2025-01-11,Avalanche,Winnipeg Jets,Away,0,3,L,,RL
2025-01-14,Avalanche,New York Rangers,Home,3,2,W,OT,OTW
2025-01-16,Avalanche,Edmonton Oilers,Home,3,4,L,,RL
2025-01-18,Avalanche,Dallas Stars,Home,6,3,W,,RW
2025-01-20,Avalanche,Minnesota Wild,Home,1,3,L,,RL
2025-01-22,Avalanche,Winnipeg Jets,Home,2,3,L,OT,OTL
2025-01-25,Avalanche,Boston Bruins,Away,1,3,L,,RL
2025-01-26,Avalanche,New York Rangers,Away,5,4,W,,RW
2025-01-28,Avalanche,New York Islanders,Away,2,5,L,,RL
2025-01-31,Avalanche,St. Louis Blues,Home,5,0,W,,RW
2025-02-02,Avalanche,Philadelphia Flyers,Home,2,0,W,,RW
2025-02-04,Avalanche,Vancouver Canucks,Away,0,3,L,,RL
2025-02-06,Avalanche,Calgary Flames,Away,4,2,W,,RW
2025-02-07,Avalanche,Edmonton Oilers,Away,5,4,W,,RW
2025-02-22,Avalanche,Nashville Predators,Away,1,2,L,,RL
2025-02-23,Avalanche,St. Louis Blues,Away,1,3,L,,RL
2025-02-26,Avalanche,New Jersey Devils,Home,5,1,W,,RW
2025-02-28,Avalanche,Minnesota Wild,Home,5,2,W,,RW
2025-03-04,Avalanche,Pittsburgh Penguins,Home,4,1,W,,RW
2025-03-06,Avalanche,San Jose Sharks,Home,7,3,W,,RW
2025-03-08,Avalanche,Toronto Maple Leafs,Home,7,4,W,,RW
2025-03-10,Avalanche,Chicago Blackhawks,Home,3,0,W,,RW
2025-03-11,Avalanche,Minnesota Wild,Away,1,2,L,SO,SOL
2025-03-14,Avalanche,Calgary Flames,Away,4,2,W,,RW
2025-03-16,Avalanche,Dallas Stars,Home,4,3,W,OT,OTW
2025-03-19,Avalanche,Toronto Maple Leafs,Away,1,2,L,,RL
2025-03-20,Avalanche,Ottawa Senators,Away,5,1,W,,RW
2025-03-22,Avalanche,Montreal Canadiens,Away,5,4,W,SO,SOW
2025-03-25,Avalanche,Detroit Red Wings,Home,5,2,W,,RW
2025-03-27,Avalanche,Los Angeles Kings,Home,4,0,W,,RW
2025-03-29,Avalanche,St. Louis Blues,Home,1,2,L,,RL
2025-03-31,Avalanche,Calgary Flames,Home,2,3,L,SO,SOL
2025-04-02,Avalanche,Chicago Blackhawks,Away,3,2,W,SO,SOW
2025-04-03,Avalanche,Columbus Blue Jackets,Away,7,3,W,,RW
2025-04-05,Avalanche,St. Louis Blues,Away,4,5,L,,RL
2025-04-08,Avalanche,Vegas Golden Knights,Home,3,2,W,SO,SOW
2025-04-10,Avalanche,Vancouver Canucks,Home,1,4,L,,RL
2025-04-12,Avalanche,Los Angeles Kings,Away,4,5,L,,RL
2025-04-13,Avalanche,Anaheim Ducks,Away,4,2,W,,RW
2025-10-07,Avalanche,Los Angeles Kings,Away,4,1,W,,RW
2025-10-09,Avalanche,Utah,Home,2,1,W,,RW
2025-10-11,Avalanche,Dallas Stars,Home,4,5,L,SO,SOL
2025-10-13,Avalanche,Buffalo Sabres,Away,3,1,W,,RW
2025-10-16,Avalanche,Columbus Blue Jackets,Away,4,1,W,,RW
2025-10-18,Avalanche,Boston Bruins,Home,4,1,W,,RW
2025-10-21,Avalanche,Utah,Away,3,4,L,OT,OTL
2025-10-23,Avalanche,Carolina Hurricanes,Home,4,5,L,SO,SOL
2025-10-25,Avalanche,Boston Bruins,Away,2,3,L,,RL
2025-10-26,Avalanche,New Jersey Devils,Away,3,4,L,OT,OTL
2025-10-28,Avalanche,New Jersey Devils,Home,8,4,W,,RW
2025-10-31,Avalanche,Vegas Golden Knights,Away,4,2,W,,RW
2025-11-01,Avalanche,San Jose Sharks,Away,2,3,L,OT,OTL
2025-11-04,Avalanche,Tampa Bay Lightning,Home,3,2,W,,RW
2025-11-08,Avalanche,Edmonton Oilers,Away,9,1,W,,RW
2025-11-09,Avalanche,Vancouver Canucks,Away,5,4,W,OT,OTW
2025-11-11,Avalanche,Anaheim Ducks,Home,4,1,W,,RW
2025-11-13,Avalanche,Buffalo Sabres,Home,6,3,W,,RW
2025-11-16,Avalanche,New York Islanders,Home,4,1,W,,RW
2025-11-20,Avalanche,New York Rangers,Home,6,3,W,,RW
2025-11-22,Avalanche,Nashville Predators,Away,3,0,W,,RW
2025-11-23,Avalanche,Chicago Blackhawks,Away,1,0,W,,RW
2025-11-26,Avalanche,San Jose Sharks,Home,6,0,W,,RW
2025-11-28,Avalanche,Minnesota Wild,Away,2,3,L,SO,SOL
2025-11-29,Avalanche,Montreal Canadiens,Home,7,2,W,,RW
2025-12-02,Avalanche,Vancouver Canucks,Home,3,1,W,,RW
2025-12-04,Avalanche,New York Islanders,Away,3,6,L,,RL
2025-12-06,Avalanche,New York Rangers,Away,3,2,W,OT,OTW
2025-12-07,Avalanche,Philadelphia Flyers,Away,3,2,W,,RW
2025-12-09,Avalanche,Nashville Predators,Away,3,4,L,SO,SOL
2025-12-11,Avalanche,Florida Panthers,Home,6,2,W,,RW
2025-12-13,Avalanche,Nashville Predators,Home,4,2,W,,RW
2025-12-16,Avalanche,Seattle Kraken,Away,5,3,W,,RW
2025-12-19,Avalanche,Winnipeg Jets,Home,3,2,W,,RW
2025-12-21,Avalanche,Minnesota Wild,Away,5,1,W,,RW
2025-12-23,Avalanche,Utah,Home,1,0,W,,RW
2025-12-27,Avalanche,Vegas Golden Knights,Away,6,5,W,SO,SOW
2025-12-29,Avalanche,Los Angeles Kings,Home,5,2,W,,RW
2025-12-31,Avalanche,St. Louis Blues,Home,6,1,W,,RW
2026-01-03,Avalanche,Carolina Hurricanes,Away,5,3,W,,RW
2026-01-04,Avalanche,Florida Panthers,Away,1,2,L,,RL
2026-01-06,Avalanche,Tampa Bay Lightning,Away,2,4,L,,RL
2026-01-08,Avalanche,Ottawa Senators,Home,8,2,W,,RW
2026-01-10,Avalanche,Columbus Blue Jackets,Home,4,0,W,,RW
2026-01-12,Avalanche,Toronto Maple Leafs,Home,3,4,L,OT,OTL
2026-01-16,Avalanche,Nashville Predators,Home,3,7,L,,RL
2026-01-19,Avalanche,Washington Capitals,Home,5,2,W,,RW
2026-01-21,Avalanche,Anaheim Ducks,Home,1,2,L,SO,SOL
2026-01-23,Avalanche,Philadelphia Flyers,Home,3,7,L,,RL
2026-01-25,Avalanche,Toronto Maple Leafs,Away,,,,,
2026-01-28,Avalanche,Ottawa Senators,Away,,,,,
2026-01-29,Avalanche,Montreal Canadiens,Away,,,,,
2026-01-31,Avalanche,Detroit Red Wings,Away,,,,,
2026-02-02,Avalanche,Detroit Red Wings,Home,,,,,
2026-02-04,Avalanche,San Jose Sharks,Home,,,,,
2026-02-25,Avalanche,Utah,Away,,,,,
2026-02-26,Avalanche,Minnesota Wild,Home,,,,,
2026-02-28,Avalanche,Chicago Blackhawks,Home,,,,,
2026-03-02,Avalanche,Los Angeles Kings,Away,,,,,
2026-03-03,Avalanche,Anaheim Ducks,Away,,,,,
2026-03-06,Avalanche,Dallas Stars,Away,,,,,
2026-03-08,Avalanche,Minnesota Wild,Home,,,,,
2026-03-10,Avalanche,Edmonton Oilers,Home,,,,,
2026-03-12,Avalanche,Seattle Kraken,Away,,,,,
2026-03-14,Avalanche,Winnipeg Jets,Away,,,,,
2026-03-16,Avalanche,Pittsburgh Penguins,Home,,,,,
2026-03-18,Avalanche,Dallas Stars,Home,,,,,
2026-03-20,Avalanche,Chicago Blackhawks,Away,,,,,
2026-03-22,Avalanche,Washington Capitals,Away,,,,,
2026-03-24,Avalanche,Pittsburgh Penguins,Away,,,,,
2026-03-26,Avalanche,Winnipeg Jets,Away,,,,,
2026-03-28,Avalanche,Winnipeg Jets,Home,,,,,
2026-03-30,Avalanche,Calgary Flames,Home,,,,,
2026-04-01,Avalanche,Vancouver Canucks,Home,,,,,
2026-04-04,Avalanche,Dallas Stars,Away,,,,,
2026-04-05,Avalanche,St. Louis Blues,Home,,,,,
2026-04-07,Avalanche,St. Louis Blues,Away,,,,,
2026-04-09,Avalanche,Calgary Flames,Home,,,,,
2026-04-11,Avalanche,Vegas Golden Knights,Home,,,,,
2026-04-13,Avalanche,Edmonton Oilers,Away,,,,,
2026-04-14,Avalanche,Calgary Flames,Away,,,,,
2026-04-16,Avalanche,Seattle Kraken,Home,,,,,
