team_id,avg_speed,rr_rate,rebound_rate,avg_dist,avg_angle,games_sampled
3,7.1604,0.4035,0.0351,27.298,5.8725,1
5,10.5873,0.4648,0.0282,33.1308,-0.7816,1
6,9.6408,0.4324,0.027,26.0798,5.6672,1
7,7.4734,0.459,0.0,32.3134,-9.168,1
8,9.364,0.537,0.0741,27.7956,1.9158,1
9,9.8509,0.3929,0.0,29.5139,10.51,1
10,6.4674,0.473,0.0135,26.8058,0.4736,1
12,9.307,0.3718,0.0385,33.1832,-7.5033,1
14,8.1279,0.4754,0.0164,32.1157,0.209,1
16,9.3272,0.5085,0.0593,30.0188,-2.6645,2
18,6.4956,0.4308,0.1077,28.3587,4.867,1
20,8.3411,0.4444,0.0,33.9877,-0.5475,1
21,8.7899,0.5,0.05,31.4581,0.8374,1
22,7.1219,0.4,0.0545,29.5405,5.6977,1
23,7.5983,0.3519,0.0556,27.921,-1.2658,1
26,6.354,0.4028,0.0278,28.188,11.366,1
52,7.9442,0.3494,0.0482,27.5525,-0.6876,1
54,8.441,0.459,0.0492,30.6892,-0.3383,1
55,7.7752,0.493,0.0845,28.445,3.4918,1
