date,gameid,timestamp,run,awayteam,away_starter,away_xG,away_win%,away_xGOdds,away_Odds,away_EV,away_bet,hometeam,home_starter,home_xG,home_win%,home_xGOdds,home_Odds,home_EV,home_bet
5/16/26,2026-05-16-Sabres-Canadiens,08:27,1,Sabres,Luukkonen (C),3.03,49.8%,+101,+153,+25.89,$5.00,Canadiens,Dobes (C),3.13,50.2%,-101,-177,-21.38,
5/16/26,2026-05-16-Sabres-Canadiens,10:00,2,Sabres,Luukkonen (C),3.03,49.8%,+101,+153,+25.89,$5.00,Canadiens,Dobes (C),3.13,50.2%,-101,-177,-21.38,
5/16/26,2026-05-16-Sabres-Canadiens,10:50,3,Sabres,Lyon (C),3.03,49.3%,+103,+153,+24.73,$5.00,Canadiens,Dobes (C),3.08,50.7%,-103,-177,-20.65,
5/16/26,2026-05-16-Sabres-Canadiens,11:02,4,Sabres,Lyon (C),3.03,49.3%,+103,+150,+23.25,$4.50,Canadiens,Dobes (C),3.08,50.7%,-103,-175,-20.33,
5/16/26,2026-05-16-Sabres-Canadiens,11:46,5,Sabres,Lyon (C),3.03,49.3%,+103,+150,+23.25,$4.50,Canadiens,Dobes (C),3.08,50.7%,-103,-175,-20.33,
5/16/26,2026-05-16-Sabres-Canadiens,12:48,6,Sabres,Lyon (C),3.03,49.3%,+103,+153,+24.73,$5.00,Canadiens,Dobes (C),3.08,50.7%,-103,-177,-20.65,
5/16/26,2026-05-16-Sabres-Canadiens,14:01,7,Sabres,Lyon (C),3.03,49.3%,+103,+150,+23.25,$4.50,Canadiens,Dobes (C),3.08,50.7%,-103,-175,-20.33,
5/16/26,2026-05-16-Sabres-Canadiens,15:43,8,Sabres,Lyon (C),3.03,49.3%,+103,+150,+23.25,$4.50,Canadiens,Dobes (C),3.08,50.7%,-103,-175,-20.33,
5/16/26,2026-05-16-Sabres-Canadiens,16:45,9,Sabres,Lyon (C),3.03,49.3%,+103,+153,+24.73,$5.00,Canadiens,Dobes (C),3.08,50.7%,-103,-177,-20.65,
